source,packId,phase,ply,spineDepth,mainLine,pieceCount,legalCount,band,since,until,speeds,total,white,draws,black,movesGE100,movesGE400,topMoves,fen
main,anti-caro-advance-early-c5,opening,6,0,True,32,38,1400,2024-01,2026-07,blitz+rapid+classical,963143,435161,36857,491125,12,12,c3:497753:224109/19497/254147;Nf3:220938:97749/8322/114867;dxc5:104139:48904/3703/51532;Bb5+:41856:19189/1734/20933;Be3:33213:14864/1292/17057;c4:23279:11630/945/10704;f4:18912:8094/633/10185;Nc3:7247:3497/236/3514;h3:4386:2079/154/2153;b3:1946:869/56/1021;Bd3:1835:869/49/917;Bf4:1462:624/55/783,rnbqkbnr/pp2pppp/8/2ppP3/3P4/8/PPP2PPP/RNBQKBNR w KQkq - 0 4
main,anti-caro-advance-early-c5,opening,6,0,True,32,38,1600,2024-01,2026-07,blitz+rapid+classical,1023488,458943,43447,521098,12,12,c3:604761:268724/26385/309652;Nf3:169609:73636/7068/88905;dxc5:113322:54985/4252/54085;Bb5+:41896:18934/1898/21064;f4:25942:11274/921/13747;Be3:23872:10443/1062/12367;c4:23457:11767/1055/10635;Nc3:5572:2577/232/2763;Bd3:3914:1835/157/1922;h3:2897:1259/106/1532;h4:1486:645/53/788;Ne2:1307:586/51/670,rnbqkbnr/pp2pppp/8/2ppP3/3P4/8/PPP2PPP/RNBQKBNR w KQkq - 0 4
main,anti-caro-advance-early-c5,opening,6,0,True,32,38,1800,2024-01,2026-07,blitz+rapid+classical,853446,385621,40198,427627,12,12,c3:532324:235795/25950/270579;dxc5:131612:65823/5643/60146;Nf3:95253:42050/4183/49020;Bb5+:26836:11951/1446/13439;f4:23412:9858/956/12598;c4:17120:8444/867/7809;Be3:9232:3895/430/4907;Bd3:6221:2842/251/3128;Nc3:3713:1684/157/1872;h4:1817:791/86/940;Ne2:1425:665/54/706;h3:1025:437/36/552,rnbqkbnr/pp2pppp/8/2ppP3/3P4/8/PPP2PPP/RNBQKBNR w KQkq - 0 4
main,anti-caro-advance-early-c5,opening,7,1,True,31,28,1400,2024-01,2026-07,blitz+rapid+classical,104105,48876,3701,51528,6,6,Nc6:77842:36435/2746/38661;e6:15774:7108/577/8089;Bf5:5549:2685/207/2657;Qa5+:2714:1517/92/1105;Nd7:1003:502/35/466;a6:839:414/33/392;d4:89:45/2/42;Qc7:73:31/3/39;f6:44:27/1/16;a5:39:23/1/15;Na6:28:19/1/8;b6:26:18/1/7,rnbqkbnr/pp2pppp/8/2PpP3/8/8/PPP2PPP/RNBQKBNR b KQkq - 0 4
main,anti-caro-advance-early-c5,opening,7,1,True,31,28,1600,2024-01,2026-07,blitz+rapid+classical,113286,54957,4249,54080,7,6,Nc6:82211:40028/3082/39101;e6:21057:9715/769/10573;Bf5:4731:2364/195/2172;Qa5+:3039:1717/123/1199;Nd7:1238:624/37/577;a6:630:323/25/282;Qc7:134:57/10/67;a5:80:39/3/38;d4:71:36/1/34;Na6:18:13/0/5;h6:14:7/1/6;f6:13:4/2/7,rnbqkbnr/pp2pppp/8/2PpP3/8/8/PPP2PPP/RNBQKBNR b KQkq - 0 4
main,anti-caro-advance-early-c5,opening,7,1,True,31,28,1800,2024-01,2026-07,blitz+rapid+classical,131582,65797,5640,60145,7,5,Nc6:86727:44018/3581/39128;e6:36553:17342/1723/17488;Bf5:3361:1755/131/1475;Qa5+:2527:1454/103/970;Nd7:1565:802/70/693;a6:378:192/14/172;Qc7:229:105/6/118;d4:87:47/2/38;a5:75:35/4/36;Na6:17:8/1/8;b6:14:10/0/4;f6:11:6/2/3,rnbqkbnr/pp2pppp/8/2PpP3/8/8/PPP2PPP/RNBQKBNR b KQkq - 0 4
main,anti-caro-advance-early-c5,opening,8,2,True,31,39,1400,2024-01,2026-07,blitz+rapid+classical,77786,36430,2741,38615,12,11,Nf3:30740:13907/1122/15711;Bb5:17576:8589/603/8384;f4:10437:4870/347/5220;Nc3:4768:2483/174/2111;Bf4:3975:1720/147/2108;a3:2604:1318/88/1198;Be3:2183:980/74/1129;c3:1912:918/64/930;c4:1206:625/48/533;b4:626:269/18/339;Bd2:450:210/15/225;Qe2:249:111/12/126,r1bqkbnr/pp2pppp/2n5/2PpP3/8/8/PPP2PPP/RNBQKBNR w KQkq - 1 5
main,anti-caro-advance-early-c5,opening,8,2,True,31,39,1600,2024-01,2026-07,blitz+rapid+classical,82184,40027,3080,39077,12,10,Nf3:31750:15268/1252/15230;Bb5:17586:8640/655/8291;f4:15974:7713/542/7719;Nc3:4080:2128/154/1798;a3:3705:1935/147/1623;Bf4:2736:1238/100/1398;c3:1652:863/55/734;Be3:1490:720/53/717;c4:1380:737/56/587;b4:475:203/17/255;Bd2:321:133/10/178;Bd3:209:94/12/103,r1bqkbnr/pp2pppp/2n5/2PpP3/8/8/PPP2PPP/RNBQKBNR w KQkq - 1 5
main,anti-caro-advance-early-c5,opening,8,2,True,31,39,1800,2024-01,2026-07,blitz+rapid+classical,86703,44017,3577,39109,12,9,Nf3:36767:18702/1549/16516;f4:18574:9250/779/8545;Bb5:18165:9312/715/8138;a3:4299:2303/190/1806;Nc3:2483:1298/92/1093;Bf4:1649:817/56/776;c3:1486:739/64/683;c4:1388:756/51/581;Be3:872:407/44/421;b4:243:94/7/142;Bd2:137:51/8/78;Bd3:127:56/5/66,r1bqkbnr/pp2pppp/2n5/2PpP3/8/8/PPP2PPP/RNBQKBNR w KQkq - 1 5
main,anti-caro-advance-early-c5,opening,9,3,True,31,31,1400,2024-01,2026-07,blitz+rapid+classical,56013,25078,2067,28868,5,4,Bg4:46848:20682/1741/24425;e6:6195:2873/221/3101;Bf5:1747:871/68/808;Qa5+:704:383/14/307;a6:293:139/14/140;Qc7:42:20/2/20;d4:40:19/1/20;f6:29:17/1/11;Nxe5:24:22/0/2;a5:24:12/0/12;g6:22:12/1/9;Be6:11:7/2/2,r1bqkbnr/pp2pppp/2n5/2PpP3/8/5N2/PPP2PPP/RNBQKB1R b KQkq - 2 5
main,anti-caro-advance-early-c5,opening,9,3,True,31,31,1600,2024-01,2026-07,blitz+rapid+classical,49595,23312,1939,24344,5,4,Bg4:41980:19531/1652/20797;e6:5449:2674/223/2552;Bf5:1059:515/27/517;Qa5+:726:409/27/290;a6:179:84/3/92;d4:43:15/1/27;a5:36:17/1/18;Qc7:35:17/1/17;Nxe5:20:15/0/5;g6:18:13/1/4;f6:12:6/0/6;Be6:9:4/1/4,r1bqkbnr/pp2pppp/2n5/2PpP3/8/5N2/PPP2PPP/RNBQKB1R b KQkq - 2 5
main,anti-caro-advance-early-c5,opening,9,3,True,31,31,1800,2024-01,2026-07,blitz+rapid+classical,49194,24947,2040,22207,5,4,Bg4:41354:20910/1715/18729;e6:5769:2920/233/2616;Bf5:871:468/36/367;Qa5+:739:404/37/298;a6:171:96/6/69;Qc7:82:41/7/34;d4:80:34/4/42;a5:42:19/2/21;g6:24:13/0/11;Bd7:17:11/0/6;Nxe5:11:11/0/0;h6:7:2/0/5,r1bqkbnr/pp2pppp/2n5/2PpP3/8/5N2/PPP2PPP/RNBQKB1R b KQkq - 2 5
main,anti-caro-advance-early-c5,opening,10,4,True,31,36,1400,2024-01,2026-07,blitz+rapid+classical,53237,23632,1977,27628,12,10,Be2:13828:5587/554/7687;Bb5:11383:5209/428/5746;Bf4:8652:3397/332/4923;h3:7131:3147/263/3721;c3:3658:2439/87/1132;Nc3:2661:1152/107/1402;Nbd2:1859:838/72/949;Be3:1249:598/39/612;a3:559:277/21/261;Qe2:453:187/22/244;Qd3:380:175/9/196;c4:311:161/11/139,r2qkbnr/pp2pppp/2n5/2PpP3/6b1/5N2/PPP2PPP/RNBQKB1R w KQkq - 3 6
main,anti-caro-advance-early-c5,opening,10,4,True,31,36,1600,2024-01,2026-07,blitz+rapid+classical,46034,21498,1799,22737,12,9,Bb5:11285:5251/434/5600;Be2:9384:3709/435/5240;Bf4:8309:3258/352/4699;c3:6941:4731/179/2031;h3:3533:1508/152/1873;Nc3:1730:738/56/936;Nbd2:1610:758/69/783;Be3:1126:577/49/500;a3:567:274/24/269;e6:294:134/5/155;c4:285:147/13/125;Qe2:240:101/10/129,r2qkbnr/pp2pppp/2n5/2PpP3/6b1/5N2/PPP2PPP/RNBQKB1R w KQkq - 3 6
main,anti-caro-advance-early-c5,opening,10,4,True,31,36,1800,2024-01,2026-07,blitz+rapid+classical,43651,22161,1808,19682,12,9,Bb5:12498:6029/561/5908;c3:12147:8191/377/3579;Bf4:7149:2768/316/4065;Be2:6036:2396/310/3330;h3:1271:523/54/694;Nc3:1164:504/53/607;Be3:885:541/25/319;Nbd2:739:335/37/367;a3:636:355/22/259;c4:297:163/16/118;Bd3:245:117/10/118;e6:235:102/11/122,r2qkbnr/pp2pppp/2n5/2PpP3/6b1/5N2/PPP2PPP/RNBQKB1R w KQkq - 3 6
main,anti-caro-advance-early-c5,opening,11,5,True,31,36,1400,2024-01,2026-07,blitz+rapid+classical,7835,4529,241,3065,3,3,e6:4954:2639/159/2156;Nxe5:2148:1506/50/592;Bxf3:586:295/25/266;a5:74:46/1/27;a6:50:28/4/18;Qa5:10:6/1/3;d4:5:5/0/0;Qc7:2:0/1/1;g6:2:1/0/1;f6:2:1/0/1;Bh5:1:1/0/0;Qd7:1:1/0/0,r2qkbnr/pp2pppp/2n5/2PpP3/6b1/2P2N2/PP3PPP/RNBQKB1R b KQkq - 0 6
main,anti-caro-advance-early-c5,opening,11,5,True,31,36,1600,2024-01,2026-07,blitz+rapid+classical,11987,7400,368,4219,5,3,e6:6675:3710/235/2730;Nxe5:3704:2877/68/759;Bxf3:1242:613/49/580;a5:237:137/5/95;a6:100:51/9/40;Qa5:7:3/0/4;Qc7:6:2/0/4;d4:6:2/1/3;Rc8:3:1/0/2;g6:2:1/0/1;f6:2:2/0/0;Rb8:1:1/0/0,r2qkbnr/pp2pppp/2n5/2PpP3/6b1/2P2N2/PP3PPP/RNBQKB1R b KQkq - 0 6
main,anti-caro-advance-early-c5,opening,11,5,True,31,36,1800,2024-01,2026-07,blitz+rapid+classical,17006,10940,541,5525,5,4,e6:9599:5695/337/3567;Nxe5:4364:3650/75/639;Bxf3:2327:1186/111/1030;a5:508:302/8/198;a6:176:90/9/77;Qc7:8:3/0/5;Qa5:7:5/0/2;g6:4:3/0/1;d4:3:0/0/3;b6:2:1/1/0;Be6:2:2/0/0;Bc8:1:0/0/1,r2qkbnr/pp2pppp/2n5/2PpP3/6b1/2P2N2/PP3PPP/RNBQKB1R b KQkq - 0 6
main,anti-caro-advance-early-c5,opening,12,6,True,31,36,1400,2024-01,2026-07,blitz+rapid+classical,5049,2687,163,2199,6,5,Be3:1549:954/45/550;b4:1486:843/50/593;Bb5:503:248/11/244;Be2:484:188/13/283;h3:475:193/20/262;Bf4:240:100/12/128;Nbd2:93:48/5/40;Qa4:73:45/3/25;Bg5:34:13/2/19;Bd3:27:15/0/12;c4:22:10/0/12;a3:15:3/1/11,r2qkbnr/pp3ppp/2n1p3/2PpP3/6b1/2P2N2/PP3PPP/RNBQKB1R w KQkq - 0 7
main,anti-caro-advance-early-c5,opening,12,6,True,31,36,1600,2024-01,2026-07,blitz+rapid+classical,6827,3810,236,2781,8,5,Be3:2334:1529/81/724;b4:2096:1181/70/845;Bb5:816:444/27/345;Be2:527:201/22/304;Bf4:385:136/16/233;h3:309:140/14/155;Nbd2:119:58/2/59;Qa4:118:58/1/59;Bd3:53:29/1/23;Bg5:22:8/0/14;a3:18:9/1/8;Qd3:7:4/0/3,r2qkbnr/pp3ppp/2n1p3/2PpP3/6b1/2P2N2/PP3PPP/RNBQKB1R w KQkq - 0 7
main,anti-caro-advance-early-c5,opening,12,6,True,31,36,1800,2024-01,2026-07,blitz+rapid+classical,9939,5899,348,3692,8,5,Be3:4774:3220/161/1393;b4:2567:1422/89/1056;Bb5:1243:695/42/506;Bf4:414:162/20/232;Be2:393:135/22/236;Nbd2:155:84/6/65;Qa4:146:68/4/74;h3:122:52/2/68;Bd3:49:28/0/21;Bg5:20:9/1/10;Qb3:17:9/0/8;a3:14:7/0/7,r2qkbnr/pp3ppp/2n1p3/2PpP3/6b1/2P2N2/PP3PPP/RNBQKB1R w KQkq - 0 7
main,anti-caro-advance-early-c5,opening,13,7,True,31,42,1400,2024-01,2026-07,blitz+rapid+classical,1607,898,57,652,5,1,Nxe5:766:440/37/289;a5:267:134/4/129;Nge7:206:106/6/94;Bxf3:188:106/5/77;a6:106:65/1/40;b6:31:19/3/9;Qc7:12:8/0/4;d4:11:7/0/4;Be7:5:2/0/3;b5:3:2/0/1;Rc8:3:3/0/0;Nh6:3:2/1/0,r2qkbnr/pp3ppp/2n1p3/2PpP3/1P4b1/2P2N2/P4PPP/RNBQKB1R b KQkq - 0 7
main,anti-caro-advance-early-c5,opening,13,7,True,31,42,1600,2024-01,2026-07,blitz+rapid+classical,2229,1251,72,906,5,1,Nxe5:1144:707/32/405;a5:379:188/9/182;Bxf3:287:139/13/135;Nge7:194:97/11/86;a6:132:66/5/61;b6:38:24/0/14;Qc7:19:9/1/9;d4:10:6/0/4;g6:5:4/0/1;f6:5:3/0/2;Be7:4:2/0/2;h6:3:3/0/0,r2qkbnr/pp3ppp/2n1p3/2PpP3/1P4b1/2P2N2/P4PPP/RNBQKB1R b KQkq - 0 7
main,anti-caro-advance-early-c5,opening,13,7,True,31,42,1800,2024-01,2026-07,blitz+rapid+classical,2661,1469,95,1097,5,2,Nxe5:1470:909/43/518;Bxf3:543:249/29/265;a5:287:120/6/161;Nge7:140:78/2/60;a6:138:67/9/62;Qc7:27:15/1/11;b6:24:17/1/6;g6:17:5/2/10;d4:12:6/2/4;Be7:1:1/0/0;f6:1:1/0/0;Nxb4:1:1/0/0,r2qkbnr/pp3ppp/2n1p3/2PpP3/1P4b1/2P2N2/P4PPP/RNBQKB1R b KQkq - 0 7
main,anti-caro-advance-early-c5,opening,8,2,False,31,39,1400,2024-01,2026-07,blitz+rapid+classical,15908,7173,582,8153,11,7,Be3:4487:2151/154/2182;b4:3936:1726/161/2049;Nf3:2965:1266/100/1599;Bb5+:1250:477/50/723;a3:722:423/19/280;Nc3:618:251/26/341;c4:491:218/20/253;f4:371:157/11/203;Qd4:302:142/15/145;c3:192:85/9/98;Bd3:104:66/3/35;Qg4:88:51/4/33,rnbqkbnr/pp3ppp/4p3/2PpP3/8/8/PPP2PPP/RNBQKBNR w KQkq - 0 5
main,anti-caro-advance-early-c5,opening,8,2,False,31,39,1600,2024-01,2026-07,blitz+rapid+classical,21110,9750,767,10593,12,8,Be3:6082:2953/242/2887;b4:5648:2521/202/2925;Nf3:3417:1545/119/1753;a3:1979:1003/73/903;Bb5+:1151:452/39/660;f4:578:226/20/332;c4:537:253/18/266;Nc3:485:191/14/280;c3:365:178/13/174;Qd4:206:97/7/102;Bd3:190:100/8/82;Qg4:160:89/3/68,rnbqkbnr/pp3ppp/4p3/2PpP3/8/8/PPP2PPP/RNBQKBNR w KQkq - 0 5
main,anti-caro-advance-early-c5,opening,8,2,False,31,39,1800,2024-01,2026-07,blitz+rapid+classical,36573,17353,1724,17496,12,11,Be3:11854:5628/568/5658;b4:6762:2920/347/3495;a3:5967:3129/269/2569;Nf3:5691:2714/266/2711;Bb5+:1303:551/62/690;c3:1019:497/42/480;f4:922:408/40/474;c4:896:438/55/403;Qg4:675:357/25/293;Bd3:494:276/11/207;Nc3:410:171/19/220;Qd4:244:89/8/147,rnbqkbnr/pp3ppp/4p3/2PpP3/8/8/PPP2PPP/RNBQKBNR w KQkq - 0 5
main,anti-caro-advance-early-c5,opening,9,3,False,31,32,1400,2024-01,2026-07,blitz+rapid+classical,5002,2425,175,2402,6,3,Nc6:2291:1169/77/1045;Nd7:1430:604/57/769;Qa5+:723:383/27/313;Bxc5:126:82/3/41;Ne7:116:48/1/67;Qc7:111:46/3/62;a6:55:22/3/30;Nh6:42:14/1/27;b6:31:17/1/13;Na6:22:7/0/15;Bd7:17:10/1/6;f6:17:9/0/8,rnbqkbnr/pp3ppp/4p3/2PpP3/8/4B3/PPP2PPP/RN1QKBNR b KQkq - 1 5
main,anti-caro-advance-early-c5,opening,9,3,False,31,32,1600,2024-01,2026-07,blitz+rapid+classical,6535,3170,264,3101,5,3,Nc6:2681:1357/123/1201;Nd7:2450:1059/94/1297;Qa5+:763:436/28/299;Qc7:169:68/7/94;Ne7:138:62/1/75;Bxc5:99:63/0/36;Nh6:91:45/3/43;a6:49:24/1/24;b6:30:17/2/11;Bd7:19:14/1/4;Na6:15:6/2/7;a5:13:6/0/7,rnbqkbnr/pp3ppp/4p3/2PpP3/8/4B3/PPP2PPP/RN1QKBNR b KQkq - 1 5
main,anti-caro-advance-early-c5,opening,9,3,False,31,32,1800,2024-01,2026-07,blitz+rapid+classical,12208,5807,588,5813,8,4,Nd7:6081:2655/272/3154;Nc6:3883:2009/190/1684;Qa5+:779:449/57/273;Qc7:579:250/40/289;Ne7:272:113/11/148;Nh6:232:118/5/109;a6:115:59/3/53;Bxc5:109:72/1/36;b6:49:26/3/20;Bd7:41:20/3/18;a5:30:12/2/16;Na6:25:16/0/9,rnbqkbnr/pp3ppp/4p3/2PpP3/8/4B3/PPP2PPP/RN1QKBNR b KQkq - 1 5
main,anti-caro-advance-early-c5,opening,7,1,False,32,29,1400,2024-01,2026-07,blitz+rapid+classical,288465,128080,10899,149486,10,7,Nc6:139091:61207/5274/72610;Bg4:90489:38609/3423/48457;cxd4:39963:19117/1474/19372;e6:8398:4039/293/4066;Bf5:5442:2611/236/2595;c4:2153:1081/80/992;a6:2043:945/83/1015;Qb6:181:94/15/72;Nd7:170:89/2/79;f6:133:59/3/71;Qa5+:98:58/3/37;b6:90:53/2/35,rnbqkbnr/pp2pppp/8/2ppP3/3P4/5N2/PPP2PPP/RNBQKB1R b KQkq - 1 4
main,anti-caro-advance-early-c5,opening,7,1,False,32,29,1600,2024-01,2026-07,blitz+rapid+classical,221906,96271,9169,116466,8,7,Nc6:114898:49227/4783/60888;Bg4:62882:26775/2578/33529;cxd4:31492:14303/1295/15894;e6:6001:2766/250/2985;Bf5:3404:1603/124/1677;c4:1505:757/67/681;a6:1182:557/50/575;Qb6:192:100/7/85;Nd7:69:37/4/28;h6:64:29/3/32;b6:45:26/4/15;f6:45:22/1/22,rnbqkbnr/pp2pppp/8/2ppP3/3P4/5N2/PPP2PPP/RNBQKB1R b KQkq - 1 4
main,anti-caro-advance-early-c5,opening,7,1,False,32,29,1800,2024-01,2026-07,blitz+rapid+classical,122255,53329,5416,63510,8,7,Nc6:68890:29596/3041/36253;Bg4:27142:11875/1227/14040;cxd4:20085:8988/901/10196;e6:3279:1501/126/1652;Bf5:1415:678/67/670;c4:625:309/24/292;a6:542:232/22/288;Qb6:142:77/5/60;Nd7:42:20/2/20;b6:18:13/1/4;g6:14:8/0/6;Qa5+:11:6/0/5,rnbqkbnr/pp2pppp/8/2ppP3/3P4/5N2/PPP2PPP/RNBQKB1R b KQkq - 1 4
main,anti-caro-advance-early-c5,opening,8,2,False,31,36,1400,2024-01,2026-07,blitz+rapid+classical,39964,19122,1475,19367,5,3,Nxd4:24427:11810/882/11735;Qxd4:14111:6608/549/6954;Bb5+:750:382/28/340;c3:289:146/6/137;Bd3:126:62/3/61;Bf4:57:24/0/33;Ng5:56:26/3/27;Qd3:25:11/0/14;c4:21:14/1/6;Bg5:17:6/0/11;Be2:16:5/0/11;h3:14:7/1/6,rnbqkbnr/pp2pppp/8/3pP3/3p4/5N2/PPP2PPP/RNBQKB1R w KQkq - 0 5
main,anti-caro-advance-early-c5,opening,8,2,False,31,36,1600,2024-01,2026-07,blitz+rapid+classical,31501,14314,1294,15893,5,3,Nxd4:19342:8876/802/9664;Qxd4:10438:4646/428/5364;Bb5+:815:387/34/394;c3:340:160/6/174;Bd3:281:123/12/146;Bf4:56:26/3/27;Ng5:37:9/1/27;Bg5:35:18/1/16;c4:29:16/3/10;h3:23:13/0/10;Be2:23:10/1/12;Qd3:17:7/1/9,rnbqkbnr/pp2pppp/8/3pP3/3p4/5N2/PPP2PPP/RNBQKB1R w KQkq - 0 5
main,anti-caro-advance-early-c5,opening,8,2,False,31,36,1800,2024-01,2026-07,blitz+rapid+classical,20082,8992,901,10189,5,3,Nxd4:12294:5489/582/6223;Qxd4:6322:2805/261/3256;Bb5+:581:271/17/293;Bd3:359:175/17/167;c3:333:155/17/161;Bf4:37:16/1/20;Be2:30:14/2/14;a3:24:16/1/7;c4:18:12/1/5;Nbd2:18:8/0/10;Bg5:13:7/0/6;Ng5:11:4/0/7,rnbqkbnr/pp2pppp/8/3pP3/3p4/5N2/PPP2PPP/RNBQKB1R w KQkq - 0 5
main,anti-caro-advance-early-c5,opening,9,3,False,30,27,1400,2024-01,2026-07,blitz+rapid+classical,24727,11953,892,11882,10,3,Nc6:18635:8902/692/9041;e6:3879:1871/131/1877;a6:825:395/27/403;Qb6:269:162/10/97;f6:186:110/2/74;Nd7:166:86/5/75;Qc7:153:73/6/74;Bf5:137:90/5/42;Qa5+:131:66/4/61;g6:101:50/1/50;Bd7:96:52/4/40;Bg4:66:47/1/18,rnbqkbnr/pp2pppp/8/3pP3/3N4/8/PPP2PPP/RNBQKB1R b KQkq - 0 5
main,anti-caro-advance-early-c5,opening,9,3,False,30,27,1600,2024-01,2026-07,blitz+rapid+classical,19866,9115,816,9935,5,3,Nc6:15491:7082/642/7767;e6:2834:1264/125/1445;a6:839:391/31/417;Qb6:172:83/4/85;Qc7:103:58/1/44;Nd7:82:40/2/40;g6:73:31/3/39;Bf5:68:52/1/15;Bd7:61:28/2/31;Qa5+:51:31/1/19;f6:34:19/3/12;Bg4:24:17/1/6,rnbqkbnr/pp2pppp/8/3pP3/3N4/8/PPP2PPP/RNBQKB1R b KQkq - 0 5
main,anti-caro-advance-early-c5,opening,9,3,False,30,27,1800,2024-01,2026-07,blitz+rapid+classical,13120,5854,625,6641,3,3,Nc6:10703:4742/516/5445;e6:1625:719/79/827;a6:519:244/20/255;Qb6:80:43/4/33;Qc7:57:32/1/24;g6:33:12/3/18;Nd7:24:10/1/13;Bd7:21:15/0/6;Bf5:21:16/0/5;Qa5+:11:4/0/7;f6:7:3/0/4;Bg4:6:6/0/0,rnbqkbnr/pp2pppp/8/3pP3/3N4/8/PPP2PPP/RNBQKB1R b KQkq - 0 5
main,anti-caro-advance-early-c5,opening,7,1,False,32,29,1400,2024-01,2026-07,blitz+rapid+classical,503618,226723,19732,257163,12,9,Nc6:366762:162348/14246/190168;cxd4:77217:35617/3070/38530;Bf5:29965:14229/1250/14486;e6:14600:7228/580/6792;a6:6984:3115/282/3587;c4:3202:1760/123/1319;Qa5:1523:684/43/796;Qb6:1373:659/53/661;f6:533:273/24/236;g6:328:164/19/145;Nd7:294:168/10/116;h6:168:90/5/73,rnbqkbnr/pp2pppp/8/2ppP3/3P4/2P5/PP3PPP/RNBQKBNR b KQkq - 0 4
main,anti-caro-advance-early-c5,opening,7,1,False,32,29,1600,2024-01,2026-07,blitz+rapid+classical,611191,271509,26659,313023,12,8,Nc6:466671:204186/20194/242291;cxd4:85596:38809/3867/42920;Bf5:29267:13983/1347/13937;e6:15290:7645/628/7017;a6:7002:3132/316/3554;c4:2304:1286/95/923;Qb6:2194:993/80/1121;Qa5:1255:592/64/599;f6:301:175/11/115;Nd7:266:144/12/110;g6:261:119/14/128;h6:203:100/10/93,rnbqkbnr/pp2pppp/8/2ppP3/3P4/2P5/PP3PPP/RNBQKBNR b KQkq - 0 4
main,anti-caro-advance-early-c5,opening,7,1,False,32,29,1800,2024-01,2026-07,blitz+rapid+classical,536397,237495,26129,272773,11,8,Nc6:434145:189939/21150/223056;cxd4:63734:28881/3172/31681;Bf5:18906:9091/924/8891;e6:11828:5921/518/5389;a6:3616:1602/198/1816;Qb6:1714:769/62/883;c4:1037:601/35/401;Qa5:466:206/23/237;Nd7:239:133/10/96;g6:171:81/11/79;f6:114:60/1/53;Qc7:63:25/9/29,rnbqkbnr/pp2pppp/8/2ppP3/3P4/2P5/PP3PPP/RNBQKBNR b KQkq - 0 4
main,anti-caro-advance-c5-race,opening,5,0,True,32,27,1400,2024-01,2026-07,blitz+rapid+classical,3079136,1460520,119083,1499533,12,12,Bf5:1813728:867495/71205/875028;c5:963231:434984/36871/491376;e6:163292:83580/6114/73598;f6:51998:29321/1815/20862;a6:20983:9799/777/10407;g6:17669:8704/645/8320;Nd7:12073:7122/397/4554;h6:8125:4002/312/3811;Qb6:6426:3018/226/3182;Be6:5258:3159/161/1938;Qa5+:2817:1523/99/1195;f5:2483:1329/112/1042,rnbqkbnr/pp2pppp/2p5/3pP3/3P4/8/PPP2PPP/RNBQKBNR b KQkq - 0 3
main,anti-caro-advance-c5-race,opening,5,0,True,32,27,1600,2024-01,2026-07,blitz+rapid+classical,3434630,1613735,146082,1674813,12,12,Bf5:2119128:1006631/91253/1021244;c5:1023458:458752/43457/521249;e6:167716:84500/6771/76445;f6:28849:16422/1001/11426;a6:26513:12406/989/13118;g6:24546:11962/1003/11581;h6:10406:5172/449/4785;Qb6:7832:3640/279/3913;Nd7:6536:3752/200/2584;Be6:3552:2068/124/1360;h5:3510:1569/121/1820;f5:3312:1707/124/1481,rnbqkbnr/pp2pppp/2p5/3pP3/3P4/8/PPP2PPP/RNBQKBNR b KQkq - 0 3
main,anti-caro-advance-c5-race,opening,5,0,True,32,27,1800,2024-01,2026-07,blitz+rapid+classical,2949828,1393152,140231,1416445,12,12,Bf5:1876687:897471/90295/888921;c5:853263:385404/40198/427661;e6:129560:65108/5798/58654;g6:25852:12666/1203/11983;a6:15759:7422/743/7594;f6:11541:6628/389/4524;Qb6:9273:4136/410/4727;h6:6927:3621/338/2968;h5:6180:2777/288/3115;Nd7:3028:1702/123/1203;f5:2582:1283/101/1198;Na6:1682:774/60/848,rnbqkbnr/pp2pppp/2p5/3pP3/3P4/8/PPP2PPP/RNBQKBNR b KQkq - 0 3
main,anti-caro-advance-c5-race,opening,6,1,True,32,37,1400,2024-01,2026-07,blitz+rapid+classical,1816392,869239,71296,875857,12,12,Nf3:614951:288370/24260/302321;Bd3:383741:185144/17000/181597;Nc3:159332:73633/6050/79649;f4:148141:70559/5307/72275;c3:115662:54522/4808/56332;h4:93887:52690/2889/38308;c4:76697:37394/2783/36520;g4:57370:29582/1912/25876;h3:56063:26337/2164/27562;Bf4:23994:10515/973/12506;Be3:13122:6348/513/6261;a3:11151:5234/430/5487,rn1qkbnr/pp2pppp/2p5/3pPb2/3P4/8/PPP2PPP/RNBQKBNR w KQkq - 1 4
main,anti-caro-advance-c5-race,opening,6,1,True,32,37,1600,2024-01,2026-07,blitz+rapid+classical,2121204,1008042,91305,1021857,12,12,Nf3:581773:266665/25633/289475;Bd3:476582:226912/23099/226571;f4:217391:102436/8685/106270;h4:178059:97216/6485/74358;c3:169002:78794/7759/82449;Nc3:137434:62124/5587/69723;g4:101142:53498/3346/44298;c4:100997:47780/4157/49060;h3:48241:21819/2132/24290;Ne2:18513:9336/692/8485;Be3:16402:7741/681/7980;Bf4:15977:6618/678/8681,rn1qkbnr/pp2pppp/2p5/3pPb2/3P4/8/PPP2PPP/RNBQKBNR w KQkq - 1 4
main,anti-caro-advance-c5-race,opening,6,1,True,32,37,1800,2024-01,2026-07,blitz+rapid+classical,1877863,898334,90338,889191,12,12,Bd3:461328:217181/25176/218971;Nf3:379760:174680/18651/186429;h4:247560:131751/10792/105017;f4:180935:82866/8263/89806;g4:165627:84860/6512/74255;c3:158650:73317/8236/77097;Nc3:87546:41189/3711/42646;c4:79084:37283/3717/38084;Ne2:34402:17715/1440/15247;h3:22551:9884/1107/11560;Nd2:14195:6876/634/6685;Be3:13976:6690/698/6588,rn1qkbnr/pp2pppp/2p5/3pPb2/3P4/8/PPP2PPP/RNBQKBNR w KQkq - 1 4
main,anti-caro-advance-c5-race,opening,7,2,True,32,31,1400,2024-01,2026-07,blitz+rapid+classical,909316,427083,36319,445914,12,12,e6:770225:359042/30744/380439;h6:43573:20581/1892/21100;c5:35756:17203/1396/17157;Nd7:18056:9253/609/8194;Bg4:15659:7328/679/7652;f6:10961:5998/422/4541;Qb6:3229:1619/123/1487;Qa5+:2104:1114/82/908;a6:2045:975/80/990;g6:2016:1076/74/866;h5:1688:849/70/769;Bg6:1219:563/43/613,rn1qkbnr/pp2pppp/2p5/3pPb2/3P4/5N2/PPP2PPP/RNBQKB1R b KQkq - 2 4
main,anti-caro-advance-c5-race,opening,7,2,True,32,31,1600,2024-01,2026-07,blitz+rapid+classical,832093,380939,36751,414403,12,12,e6:720812:327594/31819/361399;h6:47335:22041/2212/23082;c5:22601:10891/917/10793;Nd7:12143:6055/554/5534;Bg4:12094:5669/548/5877;f6:5005:2753/206/2046;h5:3125:1511/117/1497;Qb6:1991:1011/86/894;Bg6:1622:712/79/831;a6:1469:711/56/702;g6:1251:636/61/554;Qa5+:687:353/29/305,rn1qkbnr/pp2pppp/2p5/3pPb2/3P4/5N2/PPP2PPP/RNBQKB1R b KQkq - 2 4
main,anti-caro-advance-c5-race,opening,7,2,True,32,31,1800,2024-01,2026-07,blitz+rapid+classical,514076,234517,25412,254147,12,11,e6:458504:207552/22707/228245;h6:26156:12608/1347/12201;c5:8774:4343/393/4038;Bg4:5735:2681/309/2745;Nd7:4825:2397/220/2208;h5:4033:1913/191/1929;Bg6:1507:660/71/776;f6:1201:682/37/482;Qb6:1021:458/43/520;a6:581:268/27/286;g6:554:287/27/240;Be4:246:135/11/100,rn1qkbnr/pp2pppp/2p5/3pPb2/3P4/5N2/PPP2PPP/RNBQKB1R b KQkq - 2 4
main,anti-caro-advance-c5-race,opening,8,3,True,32,33,1400,2024-01,2026-07,blitz+rapid+classical,774185,361178,30878,382129,12,12,Bd3:273355:129870/11786/131699;Nc3:142982:65129/5534/72319;c3:64121:29968/2659/31494;Be2:63795:30749/2299/30747;c4:50304:25471/1760/23073;h3:45531:21097/1835/22599;Bg5:37600:16281/1481/19838;a3:24212:11526/897/11789;Bf4:16470:7285/654/8531;Nh4:12469:3941/343/8185;Be3:12212:5811/506/5895;g3:8900:4008/348/4544,rn1qkbnr/pp3ppp/2p1p3/3pPb2/3P4/5N2/PPP2PPP/RNBQKB1R w KQkq - 0 5
main,anti-caro-advance-c5-race,opening,8,3,True,32,33,1600,2024-01,2026-07,blitz+rapid+classical,724262,329395,31937,362930,12,12,Bd3:268680:123046/12800/132834;Nc3:97705:42634/4027/51044;Be2:77173:36985/3082/37106;c3:75000:34155/3355/37490;c4:61038:30308/2493/28237;h3:41485:18741/1835/20909;Bg5:24270:10101/998/13171;a3:21646:9713/974/10959;Be3:11479:5266/542/5671;Bf4:10747:4500/493/5754;Nbd2:8461:3803/352/4306;Nh4:8436:2470/263/5703,rn1qkbnr/pp3ppp/2p1p3/3pPb2/3P4/5N2/PPP2PPP/RNBQKB1R w KQkq - 0 5
main,anti-caro-advance-c5-race,opening,8,3,True,32,33,1800,2024-01,2026-07,blitz+rapid+classical,459841,208259,22758,228824,12,12,Bd3:172023:76497/9208/86318;Be2:83026:41876/3705/37445;c3:53349:23575/2721/27053;c4:44242:21284/2046/20912;Nc3:36574:15285/1595/19694;h3:21131:9108/1054/10969;a3:10889:4835/611/5443;Bg5:9118:3642/425/5051;Be3:7517:3415/389/3713;Nbd2:5431:2387/256/2788;h4:3663:1657/190/1816;Bf4:3368:1264/159/1945,rn1qkbnr/pp3ppp/2p1p3/3pPb2/3P4/5N2/PPP2PPP/RNBQKB1R w KQkq - 0 5
main,anti-caro-advance-c5-race,opening,9,4,True,32,38,1400,2024-01,2026-07,blitz+rapid+classical,69026,33415,2465,33146,12,10,c5:30851:14695/1070/15086;Nd7:13792:6774/476/6542;Ne7:6065:2863/268/2934;h6:5164:2465/194/2505;Bb4+:4931:2493/174/2264;a6:1924:861/76/987;Be7:1411:719/48/644;Qb6:1311:662/35/614;f6:1040:554/33/453;Bg4:685:339/24/322;Qa5+:380:203/14/163;Bg6:246:118/10/118,rn1qkbnr/pp3ppp/2p1p3/3pPb2/3P4/5N2/PPP1BPPP/RNBQK2R b KQkq - 1 5
main,anti-caro-advance-c5-race,opening,9,4,True,32,38,1600,2024-01,2026-07,blitz+rapid+classical,83183,40103,3312,39768,12,11,c5:36612:17353/1465/17794;Nd7:18802:9127/709/8966;h6:7577:3732/334/3511;Ne7:7394:3494/307/3593;Bb4+:3762:1910/161/1691;a6:2569:1260/104/1205;Qb6:1828:883/61/884;Be7:1456:737/59/660;Bg4:752:343/36/373;f6:593:311/20/262;h5:525:252/17/256;Bg6:307:137/12/158,rn1qkbnr/pp3ppp/2p1p3/3pPb2/3P4/5N2/PPP1BPPP/RNBQK2R b KQkq - 1 5
main,anti-caro-advance-c5-race,opening,9,4,True,32,38,1800,2024-01,2026-07,blitz+rapid+classical,87853,44411,3894,39548,12,11,c5:38415:19391/1678/17346;Nd7:21587:10933/937/9717;h6:7816:4018/378/3420;Ne7:7705:3739/364/3602;a6:2757:1408/128/1221;Qb6:2660:1311/105/1244;Bb4+:2043:1079/103/861;Be7:1345:729/48/568;h5:1292:659/59/574;Bg4:759:362/34/363;Bg6:482:239/17/226;f6:312:172/15/125,rn1qkbnr/pp3ppp/2p1p3/3pPb2/3P4/5N2/PPP1BPPP/RNBQK2R b KQkq - 1 5
main,anti-caro-advance-c5-race,opening,10,5,True,32,35,1400,2024-01,2026-07,blitz+rapid+classical,31133,14828,1077,15228,11,8,c3:19153:8747/693/9713;O-O:5536:2783/182/2571;Be3:2625:1532/75/1018;dxc5:924:392/34/498;c4:683:366/11/306;Bb5+:592:265/25/302;Nc3:456:249/10/197;Bg5:399:165/15/219;h3:190:100/12/78;Nh4:129:35/2/92;b3:114:46/4/64;Nbd2:82:46/2/34,rn1qkbnr/pp3ppp/4p3/2ppPb2/3P4/5N2/PPP1BPPP/RNBQK2R w KQkq - 0 6
main,anti-caro-advance-c5-race,opening,10,5,True,32,35,1600,2024-01,2026-07,blitz+rapid+classical,36848,17466,1472,17910,10,6,c3:22724:10228/964/11532;O-O:6157:3053/225/2879;Be3:4442:2583/151/1708;c4:1089:574/42/473;dxc5:815:332/24/459;Bb5+:397:160/19/218;Nc3:298:143/17/138;Bg5:253:112/7/134;h3:181:95/4/82;Nbd2:101:43/5/53;Nh4:87:26/1/60;b3:66:22/2/42,rn1qkbnr/pp3ppp/4p3/2ppPb2/3P4/5N2/PPP1BPPP/RNBQK2R w KQkq - 0 6
main,anti-caro-advance-c5-race,opening,10,5,True,32,35,1800,2024-01,2026-07,blitz+rapid+classical,38562,19467,1688,17407,9,5,c3:19585:9013/909/9663;O-O:7696:4080/318/3298;Be3:7635:4584/278/2773;c4:2043:1069/100/874;dxc5:662:280/39/343;Nc3:202:127/12/63;Bb5+:186:77/9/100;Nbd2:138:67/5/66;Bg5:105:41/6/58;h3:97:42/6/49;Nh4:29:11/1/17;Kf1:28:12/1/15,rn1qkbnr/pp3ppp/4p3/2ppPb2/3P4/5N2/PPP1BPPP/RNBQK2R w KQkq - 0 6
main,anti-caro-advance-c5-race,opening,11,6,True,32,37,1400,2024-01,2026-07,blitz+rapid+classical,2695,1563,80,1052,5,3,cxd4:1091:653/34/404;Nc6:770:426/23/321;Qb6:465:268/11/186;c4:157:93/6/58;Nd7:108:62/3/43;Qa5+:24:11/2/11;Ne7:21:12/1/8;b6:18:13/0/5;Qc7:13:8/0/5;a6:9:6/0/3;Bg4:5:2/0/3;f6:5:1/0/4,rn1qkbnr/pp3ppp/4p3/2ppPb2/3P4/4BN2/PPP1BPPP/RN1QK2R b KQkq - 1 6
main,anti-caro-advance-c5-race,opening,11,6,True,32,37,1600,2024-01,2026-07,blitz+rapid+classical,4505,2614,156,1735,5,3,cxd4:1833:1046/75/712;Nc6:1140:654/38/448;Qb6:1106:651/29/426;c4:185:116/6/63;Nd7:141:85/4/52;b6:27:17/2/8;Qc7:20:14/0/6;Ne7:19:10/0/9;Qa5+:13:8/0/5;a6:6:4/1/1;Bg4:5:3/0/2;h6:3:1/1/1,rn1qkbnr/pp3ppp/4p3/2ppPb2/3P4/4BN2/PPP1BPPP/RN1QK2R b KQkq - 1 6
main,anti-caro-advance-c5-race,opening,11,6,True,32,37,1800,2024-01,2026-07,blitz+rapid+classical,7661,4592,281,2788,5,3,cxd4:2600:1485/110/1005;Qb6:2438:1543/75/820;Nc6:1864:1088/68/708;Nd7:346:221/15/110;c4:247:150/7/90;Qc7:50:31/1/18;Ne7:35:22/3/10;Qa5+:28:21/0/7;b6:27:14/1/12;h6:8:6/0/2;a6:8:6/0/2;Bg4:5:1/1/3,rn1qkbnr/pp3ppp/4p3/2ppPb2/3P4/4BN2/PPP1BPPP/RN1QK2R b KQkq - 1 6
main,anti-caro-advance-c5-race,opening,7,2,False,32,31,1400,2024-01,2026-07,blitz+rapid+classical,94580,53051,2908,38621,12,6,h6:34358:17841/1175/15342;h5:27821:13925/874/13022;e6:26652:18166/699/7787;c5:1928:963/50/915;Nd7:1133:682/38/413;f6:934:542/23/369;Qb6:371:194/7/170;g6:215:103/10/102;Qa5+:212:121/3/88;Bd7:197:97/8/92;a6:127:64/3/60;Bg6:114:57/3/54,rn1qkbnr/pp2pppp/2p5/3pPb2/3P3P/8/PPP2PP1/RNBQKBNR b KQkq - 0 4
main,anti-caro-advance-c5-race,opening,7,2,False,32,31,1600,2024-01,2026-07,blitz+rapid+classical,178544,97467,6496,74581,12,9,h5:71104:35536/2895/32673;h6:68911:36484/2526/29901;e6:30385:21219/818/8348;c5:2226:1085/80/1061;Nd7:1390:828/36/526;Qb6:900:384/31/485;f6:807:465/20/322;Bd7:752:355/33/364;a6:426:205/9/212;g6:250:162/4/84;Bg6:238:134/7/97;Bc8:227:123/8/96,rn1qkbnr/pp2pppp/2p5/3pPb2/3P3P/8/PPP2PP1/RNBQKBNR b KQkq - 0 4
main,anti-caro-advance-c5-race,opening,7,2,False,32,31,1800,2024-01,2026-07,blitz+rapid+classical,247687,131776,10796,105115,12,12,h5:130552:66347/6141/58064;h6:81615:43548/3460/34607;e6:22903:15886/655/6362;Qb6:2726:1057/132/1537;c5:2372:1093/92/1187;Bd7:2219:1061/118/1040;a6:1131:517/43/571;Nd7:940:606/24/310;Bc8:526:284/25/217;f6:469:270/22/177;Bg6:409:206/9/194;Qc8:391:177/22/192,rn1qkbnr/pp2pppp/2p5/3pPb2/3P3P/8/PPP2PP1/RNBQKBNR b KQkq - 0 4
main,anti-caro-advance-c5-race,opening,8,3,False,32,37,1400,2024-01,2026-07,blitz+rapid+classical,27915,13979,878,13058,12,9,Bd3:12941:6612/440/5889;Nf3:4296:2085/133/2078;Bg5:3330:1910/79/1341;Nc3:1613:745/53/815;c4:1329:716/48/565;Be2:1229:607/30/592;f3:1095:419/31/645;Ne2:483:202/16/265;c3:392:174/17/201;f4:203:85/7/111;g4:168:61/2/105;Nd2:123:58/3/62,rn1qkbnr/pp2ppp1/2p5/3pPb1p/3P3P/8/PPP2PP1/RNBQKBNR w KQkq - 0 5
main,anti-caro-advance-c5-race,opening,8,3,False,32,37,1600,2024-01,2026-07,blitz+rapid+classical,71296,35624,2903,32769,12,10,Bd3:37135:18581/1619/16935;Bg5:10687:6181/325/4181;Nf3:8621:4119/380/4122;c4:3846:1943/169/1734;Nc3:2438:1101/92/1245;Be2:2413:1069/98/1246;Ne2:1698:801/59/838;f3:1680:649/64/967;c3:757:351/25/381;f4:406:154/20/232;Nd2:310:138/14/158;Nh3:292:123/11/158,rn1qkbnr/pp2ppp1/2p5/3pPb1p/3P3P/8/PPP2PP1/RNBQKBNR w KQkq - 0 5
main,anti-caro-advance-c5-race,opening,8,3,False,32,37,1800,2024-01,2026-07,blitz+rapid+classical,130892,66514,6151,58227,12,11,Bd3:71015:35523/3559/31933;Bg5:24226:14324/929/8973;Nf3:11907:5534/587/5786;c4:8533:4446/405/3682;Ne2:4961:2404/235/2322;Be2:3629:1599/140/1890;Nc3:1908:800/81/1027;f3:1397:500/53/844;Nh3:916:389/47/480;c3:895:377/43/475;Nd2:396:185/18/193;f4:306:115/12/179,rn1qkbnr/pp2ppp1/2p5/3pPb1p/3P3P/8/PPP2PP1/RNBQKBNR w KQkq - 0 5
main,anti-dutch-leningrad-white,opening,2,0,True,32,28,1400,2024-01,2026-07,blitz+rapid+classical,1190425,597165,41377,551883,12,12,c4:342729:169091/11965/161673;Bf4:274736:139264/9380/126092;Nf3:175180:87651/6291/81238;e3:125830:61143/4667/60020;Nc3:122844:62847/4093/55904;e4:31953:17100/896/13957;Bg5:30475:17542/911/12022;g3:15687:8302/600/6785;f4:14568:6628/549/7391;c3:12532:6181/476/5875;d5:11333:5407/414/5512;h3:7800:4100/279/3421,rnbqkbnr/ppppp1pp/8/5p2/3P4/8/PPP1PPPP/RNBQKBNR w KQkq - 0 2
main,anti-dutch-leningrad-white,opening,2,0,True,32,28,1600,2024-01,2026-07,blitz+rapid+classical,1756860,872751,69457,814652,12,12,c4:590556:286717/23405/280434;Bf4:331795:165191/12973/153631;Nf3:258200:127858/10580/119762;Nc3:165131:83296/6357/75478;e3:156281:75101/6514/74666;Bg5:62560:34800/2109/25651;e4:60519:33593/2043/24883;g3:30425:15721/1412/13292;f4:22385:10728/1061/10596;c3:19968:9850/890/9228;h3:14637:7868/515/6254;d5:9661:4713/379/4569,rnbqkbnr/ppppp1pp/8/5p2/3P4/8/PPP1PPPP/RNBQKBNR w KQkq - 0 2
main,anti-dutch-leningrad-white,opening,2,0,True,32,28,1800,2024-01,2026-07,blitz+rapid+classical,1945098,968186,91503,885409,12,12,c4:693108:333917/32897/326294;Nf3:304068:150918/15047/138103;Bf4:279193:137602/13016/128575;Nc3:161443:82214/7078/72151;e3:135785:64945/6704/64136;e4:102821:57936/4354/40531;Bg5:96570:52998/4057/39515;g3:51983:26580/2782/22621;f4:25255:12075/1527/11653;c3:22641:11153/1180/10308;h3:22500:12610/895/8995;g4:12178:6686/421/5071,rnbqkbnr/ppppp1pp/8/5p2/3P4/8/PPP1PPPP/RNBQKBNR w KQkq - 0 2
main,anti-dutch-leningrad-white,opening,3,1,True,32,20,1400,2024-01,2026-07,blitz+rapid+classical,357358,176379,12488,168491,12,12,Nf6:237242:116207/8276/112759;e6:82337:39619/2862/39856;g6:12136:6231/442/5463;d6:8100:4310/273/3517;d5:5370:3108/200/2062;c6:3398:1739/148/1511;b6:3091:1646/102/1343;Nc6:1299:811/43/445;e5:1166:687/51/428;c5:776:425/22/329;g5:693:520/13/160;h6:608:347/18/243,rnbqkbnr/ppppp1pp/8/5p2/2PP4/8/PP2PPPP/RNBQKBNR b KQkq - 0 2
main,anti-dutch-leningrad-white,opening,3,1,True,32,20,1600,2024-01,2026-07,blitz+rapid+classical,615786,299048,24397,292341,12,12,Nf6:438949:212756/17221/208972;e6:128876:61254/5264/62358;g6:18734:9311/792/8631;d6:10732:5614/421/4697;c6:5352:2629/221/2502;d5:4586:2654/175/1757;b6:3474:1788/133/1553;e5:1035:608/37/390;c5:945:491/30/424;Nc6:819:513/30/276;h6:685:360/29/296;Kf7:528:321/18/189,rnbqkbnr/ppppp1pp/8/5p2/2PP4/8/PP2PPPP/RNBQKBNR b KQkq - 0 2
main,anti-dutch-leningrad-white,opening,3,1,True,32,20,1800,2024-01,2026-07,blitz+rapid+classical,723995,348967,34371,340657,12,11,Nf6:534671:257199/25335/252137;e6:136584:65361/6563/64660;g6:26081:12662/1282/12137;d6:10438:5221/453/4764;c6:7011:3514/322/3175;b6:2396:1234/98/1064;d5:2223:1255/97/871;c5:2087:1011/111/965;e5:669:366/32/271;Nc6:421:239/27/155;Kf7:412:258/21/133;h6:380:217/15/148,rnbqkbnr/ppppp1pp/8/5p2/2PP4/8/PP2PPPP/RNBQKBNR b KQkq - 0 2
main,anti-dutch-leningrad-white,opening,4,2,True,32,30,1400,2024-01,2026-07,blitz+rapid+classical,237119,116194,8272,112653,12,12,Nc3:157759:77081/5468/75210;Nf3:28043:13688/978/13377;e3:18251:8999/678/8574;Bg5:12726:6237/458/6031;Bf4:5836:2949/197/2690;g3:4656:2552/132/1972;d5:3207:1495/133/1579;Qc2:1322:670/38/614;f3:1222:605/25/592;h3:664:319/26/319;b4:559:253/18/288;a3:520:270/23/227,rnbqkb1r/ppppp1pp/5n2/5p2/2PP4/8/PP2PPPP/RNBQKBNR w KQkq - 1 3
main,anti-dutch-leningrad-white,opening,4,2,True,32,30,1600,2024-01,2026-07,blitz+rapid+classical,438792,212746,17208,208838,12,12,Nc3:315949:153170/12256/150523;Nf3:45137:21785/1922/21430;e3:27172:12969/1092/13111;Bg5:17575:8386/658/8531;g3:11218:5939/490/4789;Bf4:7711:3714/280/3717;d5:3798:1780/156/1862;Qc2:2257:1114/73/1070;f3:1718:845/51/822;h3:1169:581/37/551;a3:1166:599/51/516;b3:705:328/24/353,rnbqkb1r/ppppp1pp/5n2/5p2/2PP4/8/PP2PPPP/RNBQKBNR w KQkq - 1 3
main,anti-dutch-leningrad-white,opening,4,2,True,32,30,1800,2024-01,2026-07,blitz+rapid+classical,534513,257191,25321,252001,12,12,Nc3:404584:194580/18899/191105;Nf3:51533:24885/2564/24084;e3:22413:10540/1094/10779;g3:21793:11019/1139/9635;Bg5:13829:6452/656/6721;Bf4:5936:2789/299/2848;d5:2947:1394/126/1427;Qc2:2347:1130/102/1115;f3:2252:1130/95/1027;a3:1247:611/62/574;h3:1153:521/57/575;f4:980:485/55/440,rnbqkb1r/ppppp1pp/5n2/5p2/2PP4/8/PP2PPPP/RNBQKBNR w KQkq - 1 3
main,anti-dutch-leningrad-white,opening,5,3,True,32,24,1400,2024-01,2026-07,blitz+rapid+classical,5031,2750,143,2138,6,2,e6:2845:1512/78/1255;g6:1057:571/30/456;d6:308:176/6/126;d5:297:192/9/96;c6:218:114/7/97;b6:146:88/7/51;Nc6:57:39/1/17;c5:36:21/0/15;h6:28:14/1/13;e5:10:5/2/3;h5:8:3/2/3;Ne4:8:5/0/3,rnbqkb1r/ppppp1pp/5n2/5p2/2PP4/6P1/PP2PP1P/RNBQKBNR b KQkq - 0 3
main,anti-dutch-leningrad-white,opening,5,3,True,32,24,1600,2024-01,2026-07,blitz+rapid+classical,12030,6372,524,5134,6,5,e6:7437:3965/316/3156;g6:2458:1250/116/1092;d6:682:364/35/283;c6:538:295/22/221;d5:409:225/20/164;b6:247:133/8/106;Nc6:84:40/4/40;c5:57:33/0/24;h6:44:26/3/15;e5:22:10/0/12;h5:16:7/0/9;Ne4:14:10/0/4,rnbqkb1r/ppppp1pp/5n2/5p2/2PP4/6P1/PP2PP1P/RNBQKBNR b KQkq - 0 3
main,anti-dutch-leningrad-white,opening,5,3,True,32,24,1800,2024-01,2026-07,blitz+rapid+classical,23313,11784,1229,10300,7,5,e6:14614:7507/783/6324;g6:5367:2558/271/2538;d6:1151:568/50/533;c6:1037:507/64/466;d5:523:289/28/206;b6:294:174/20/100;Nc6:104:59/2/43;c5:99:47/5/47;e5:40:18/3/19;h6:35:23/2/10;h5:20:13/1/6;Ne4:8:6/0/2,rnbqkb1r/ppppp1pp/5n2/5p2/2PP4/6P1/PP2PP1P/RNBQKBNR b KQkq - 0 3
main,anti-dutch-leningrad-white,opening,6,4,True,32,31,1400,2024-01,2026-07,blitz+rapid+classical,1157,631,35,491,1,1,Bg2:956:510/34/412;Nc3:81:54/0/27;Nf3:78:45/1/32;Bg5:18:8/0/10;b3:8:5/0/3;e3:5:3/0/2;Nh3:4:3/0/1;Bf4:1:1/0/0;Bh3:1:1/0/0;Qc2:1:0/0/1;h4:1:0/0/1;Nd2:1:0/0/1,rnbqkb1r/ppppp2p/5np1/5p2/2PP4/6P1/PP2PP1P/RNBQKBNR w KQkq - 0 4
main,anti-dutch-leningrad-white,opening,6,4,True,32,31,1600,2024-01,2026-07,blitz+rapid+classical,2623,1338,122,1163,3,1,Bg2:2326:1180/108/1038;Nf3:116:56/5/55;Nc3:113:66/5/42;Nh3:17:11/0/6;Bg5:17:7/1/9;e3:15:7/2/6;h4:7:6/0/1;b3:5:1/0/4;h3:3:3/0/0;d5:2:0/1/1;b4:1:1/0/0;f3:1:0/0/1,rnbqkb1r/ppppp2p/5np1/5p2/2PP4/6P1/PP2PP1P/RNBQKBNR w KQkq - 0 4
main,anti-dutch-leningrad-white,opening,6,4,True,32,31,1800,2024-01,2026-07,blitz+rapid+classical,5639,2698,288,2653,3,1,Bg2:5081:2413/262/2406;Nc3:269:147/12/110;Nf3:173:80/11/82;Nh3:36:20/1/15;Bg5:23:8/1/14;h4:15:10/0/5;b3:14:6/0/8;e3:13:9/0/4;d5:5:3/0/2;Bf4:3:1/1/1;a3:2:1/0/1;Nd2:2:0/0/2,rnbqkb1r/ppppp2p/5np1/5p2/2PP4/6P1/PP2PP1P/RNBQKBNR w KQkq - 0 4
main,anti-dutch-leningrad-white,opening,7,5,True,32,25,1400,2024-01,2026-07,blitz+rapid+classical,1342,716,55,571,1,1,Bg7:1205:638/46/521;d6:62:35/6/21;c6:51:30/2/19;e6:12:6/0/6;d5:4:2/0/2;Nc6:3:1/1/1;h6:2:2/0/0;c5:2:1/0/1;Kf7:1:1/0/0,rnbqkb1r/ppppp2p/5np1/5p2/2PP4/6P1/PP2PPBP/RNBQK1NR b KQkq - 1 4
main,anti-dutch-leningrad-white,opening,7,5,True,32,25,1600,2024-01,2026-07,blitz+rapid+classical,3358,1711,148,1499,3,1,Bg7:3086:1561/130/1395;d6:143:73/10/60;c6:101:55/7/39;e6:15:13/1/1;d5:6:3/0/3;c5:3:3/0/0;a6:1:1/0/0;Nc6:1:1/0/0;Ne4:1:1/0/0;Ng4:1:0/0/1,rnbqkb1r/ppppp2p/5np1/5p2/2PP4/6P1/PP2PPBP/RNBQK1NR b KQkq - 1 4
main,anti-dutch-leningrad-white,opening,7,5,True,32,25,1800,2024-01,2026-07,blitz+rapid+classical,7433,3629,373,3431,3,1,Bg7:6868:3337/345/3186;d6:298:150/14/134;c6:216:113/11/92;e6:35:20/3/12;d5:6:3/0/3;c5:4:3/0/1;h5:2:0/0/2;Bh6:2:2/0/0;Nc6:1:1/0/0;Ng4:1:0/0/1,rnbqkb1r/ppppp2p/5np1/5p2/2PP4/6P1/PP2PPBP/RNBQK1NR b KQkq - 1 4
main,anti-dutch-leningrad-white,opening,8,6,True,32,37,1400,2024-01,2026-07,blitz+rapid+classical,1388,740,49,599,2,2,Nf3:596:328/18/250;Nc3:509:275/18/216;e3:86:43/4/39;Bg5:50:26/0/24;Nh3:32:14/2/16;b3:25:15/2/8;Bf4:23:15/1/7;d5:16:5/1/10;Nd2:13:6/1/6;Qb3:10:4/0/6;Qc2:4:1/0/3;b4:3:3/0/0,rnbqk2r/ppppp1bp/5np1/5p2/2PP4/6P1/PP2PPBP/RNBQK1NR w KQkq - 2 5
main,anti-dutch-leningrad-white,opening,8,6,True,32,37,1600,2024-01,2026-07,blitz+rapid+classical,3524,1778,154,1592,5,2,Nc3:1555:797/62/696;Nf3:1303:660/68/575;e3:201:84/10/107;Nh3:147:85/2/60;Bg5:110:50/7/53;b3:61:24/2/35;Qb3:27:14/1/12;Bf4:17:7/0/10;h4:17:11/0/6;Nd2:16:7/0/9;d5:15:12/1/2;Bd2:11:6/0/5,rnbqk2r/ppppp1bp/5np1/5p2/2PP4/6P1/PP2PPBP/RNBQK1NR w KQkq - 2 5
main,anti-dutch-leningrad-white,opening,8,6,True,32,37,1800,2024-01,2026-07,blitz+rapid+classical,7669,3741,380,3548,6,3,Nc3:3541:1757/168/1616;Nf3:2698:1298/145/1255;Nh3:576:269/28/279;e3:279:143/12/124;Bg5:132:62/4/66;b3:124:59/7/58;h4:59:31/5/23;Qb3:54:20/3/31;Nd2:47:25/3/19;d5:47:24/1/22;Bf4:31:14/1/16;Qc2:24:14/1/9,rnbqk2r/ppppp1bp/5np1/5p2/2PP4/6P1/PP2PPBP/RNBQK1NR w KQkq - 2 5
main,anti-dutch-leningrad-white,opening,9,7,True,32,28,1400,2024-01,2026-07,blitz+rapid+classical,2520,1305,92,1123,3,2,O-O:1699:875/57/767;d6:503:263/19/221;c6:152:81/8/63;e6:51:24/3/24;d5:40:23/3/14;b6:31:19/2/10;Nc6:21:10/0/11;h6:8:3/0/5;Ne4:5:3/0/2;a6:4:0/0/4;e5:1:1/0/0;Nh5:1:1/0/0,rnbqk2r/ppppp1bp/5np1/5p2/2PP4/5NP1/PP2PPBP/RNBQK2R b KQkq - 3 5
main,anti-dutch-leningrad-white,opening,9,7,True,32,28,1600,2024-01,2026-07,blitz+rapid+classical,5281,2746,256,2279,3,2,O-O:3553:1865/157/1531;d6:1130:568/65/497;c6:349:167/21/161;e6:88:47/4/37;d5:49:26/2/21;Nc6:36:23/1/12;b6:35:23/3/9;Ne4:12:7/0/5;c5:9:8/0/1;a6:7:4/0/3;h6:6:2/2/2;Kf8:5:4/1/0,rnbqk2r/ppppp1bp/5np1/5p2/2PP4/5NP1/PP2PPBP/RNBQK2R b KQkq - 3 5
main,anti-dutch-leningrad-white,opening,9,7,True,32,28,1800,2024-01,2026-07,blitz+rapid+classical,10266,5142,532,4592,4,3,O-O:6602:3277/344/2981;d6:2725:1371/141/1213;c6:605:308/32/265;e6:169:98/6/65;d5:49:20/4/25;Nc6:28:14/0/14;b6:27:16/2/9;Kf8:15:11/0/4;Ne4:14:7/1/6;c5:14:8/2/4;h6:9:7/0/2;e5:2:1/0/1,rnbqk2r/ppppp1bp/5np1/5p2/2PP4/5NP1/PP2PPBP/RNBQK2R b KQkq - 3 5
main,anti-dutch-leningrad-white,opening,10,8,True,32,36,1400,2024-01,2026-07,blitz+rapid+classical,1697,875,57,765,2,1,O-O:1175:596/36/543;Nc3:324:170/15/139;Bg5:50:27/1/22;Qb3:24:13/0/11;e3:23:14/0/9;b3:21:14/1/6;Bf4:20:12/0/8;d5:13:9/0/4;Nbd2:13:5/2/6;b4:10:3/2/5;h4:6:2/0/4;Bd2:4:2/0/2,rnbq1rk1/ppppp1bp/5np1/5p2/2PP4/5NP1/PP2PPBP/RNBQK2R w KQ - 4 6
main,anti-dutch-leningrad-white,opening,10,8,True,32,36,1600,2024-01,2026-07,blitz+rapid+classical,3551,1865,157,1529,2,2,O-O:2459:1293/104/1062;Nc3:750:399/41/310;Bg5:76:43/4/29;e3:59:26/1/32;b3:38:15/0/23;Qb3:37:21/3/13;Nbd2:33:16/2/15;h4:20:11/0/9;Bf4:12:8/0/4;Ne5:11:3/0/8;b4:11:3/0/8;Qc2:10:6/0/4,rnbq1rk1/ppppp1bp/5np1/5p2/2PP4/5NP1/PP2PPBP/RNBQK2R w KQ - 4 6
main,anti-dutch-leningrad-white,opening,10,8,True,32,36,1800,2024-01,2026-07,blitz+rapid+classical,6601,3277,344,2980,2,2,O-O:4793:2422/256/2115;Nc3:1382:674/72/636;b3:91:38/5/48;Bg5:74:31/5/38;e3:47:17/2/28;Nbd2:38:18/1/19;Qb3:31:12/1/18;Bf4:29:10/0/19;d5:28:18/1/9;b4:26:12/0/14;h4:22:9/1/12;Qc2:11:7/0/4,rnbq1rk1/ppppp1bp/5np1/5p2/2PP4/5NP1/PP2PPBP/RNBQK2R w KQ - 4 6
main,anti-dutch-leningrad-white,opening,11,9,True,32,28,1400,2024-01,2026-07,blitz+rapid+classical,1773,915,62,796,2,1,d6:1158:587/34/537;c6:225:120/15/90;d5:96:56/5/35;e6:90:47/1/42;Qe8:46:23/2/21;b6:45:26/3/16;Nc6:39:16/1/22;Re8:27:14/0/13;h6:13:6/0/7;Kh8:11:8/1/2;c5:7:3/0/4;Ne4:6:4/0/2,rnbq1rk1/ppppp1bp/5np1/5p2/2PP4/5NP1/PP2PPBP/RNBQ1RK1 b - - 5 6
main,anti-dutch-leningrad-white,opening,11,9,True,32,28,1600,2024-01,2026-07,blitz+rapid+classical,4051,2151,159,1741,4,2,d6:2837:1467/110/1260;c6:532:275/22/235;e6:213:123/11/79;d5:124:83/3/38;Nc6:78:56/0/22;b6:72:34/4/34;Re8:55:33/4/18;Qe8:54:28/1/25;Kh8:28:18/1/9;h6:21:13/1/7;c5:15:10/1/4;Ne4:9:3/0/6,rnbq1rk1/ppppp1bp/5np1/5p2/2PP4/5NP1/PP2PPBP/RNBQ1RK1 b - - 5 6
main,anti-dutch-leningrad-white,opening,11,9,True,32,28,1800,2024-01,2026-07,blitz+rapid+classical,9280,4706,490,4084,4,3,d6:7061:3540/344/3177;c6:1117:578/77/462;e6:470:253/28/189;d5:151:82/9/60;Nc6:84:43/7/34;Qe8:74:35/4/35;b6:66:42/4/20;c5:58:29/3/26;h6:50:25/2/23;Ne4:42:18/3/21;Re8:41:27/3/11;Kh8:41:21/5/15,rnbq1rk1/ppppp1bp/5np1/5p2/2PP4/5NP1/PP2PPBP/RNBQ1RK1 b - - 5 6
main,anti-dutch-leningrad-white,opening,12,10,True,32,34,1400,2024-01,2026-07,blitz+rapid+classical,1874,946,66,862,2,1,Nc3:1114:592/33/489;Bg5:139:55/7/77;b3:96:46/4/46;Qb3:84:47/2/35;Re1:75:35/3/37;Nbd2:68:27/3/38;Qc2:63:31/0/32;e3:52:26/4/22;Bf4:47:22/4/21;b4:32:15/2/15;d5:29:13/1/15;Be3:15:9/0/6,rnbq1rk1/ppp1p1bp/3p1np1/5p2/2PP4/5NP1/PP2PPBP/RNBQ1RK1 w - - 0 7
main,anti-dutch-leningrad-white,opening,12,10,True,32,34,1600,2024-01,2026-07,blitz+rapid+classical,4685,2395,217,2073,8,1,Nc3:3206:1677/143/1386;b3:213:98/8/107;Bg5:210:103/18/89;Re1:180:83/8/89;Nbd2:175:79/10/86;Qc2:161:82/9/70;Qb3:136:85/5/46;d5:117:53/4/60;e3:76:43/1/32;Bf4:68:31/6/31;b4:43:19/2/22;Be3:16:7/1/8,rnbq1rk1/ppp1p1bp/3p1np1/5p2/2PP4/5NP1/PP2PPBP/RNBQ1RK1 w - - 0 7
main,anti-dutch-leningrad-white,opening,12,10,True,32,34,1800,2024-01,2026-07,blitz+rapid+classical,12427,6208,628,5591,10,4,Nc3:9403:4723/472/4208;b3:626:316/34/276;d5:459:251/16/192;Nbd2:395:195/17/183;Qc2:295:127/20/148;Bg5:275:128/10/137;Re1:267:130/17/120;Qb3:232:117/13/102;b4:117:61/5/51;e3:113:48/6/59;Bf4:85:42/5/38;a3:29:11/3/15,rnbq1rk1/ppp1p1bp/3p1np1/5p2/2PP4/5NP1/PP2PPBP/RNBQ1RK1 w - - 0 7
main,anti-dutch-leningrad-white,opening,13,11,True,32,32,1400,2024-01,2026-07,blitz+rapid+classical,2865,1542,100,1223,5,4,c6:619:331/21/267;Qe8:611:320/25/266;Nbd7:517:284/12/221;Nc6:485:232/22/231;Re8:169:101/5/63;e5:81:50/4/27;Be6:70:44/2/24;e6:68:43/3/22;c5:44:24/2/18;a6:39:22/2/15;h6:38:23/0/15;b6:35:18/0/17,rnbq1rk1/ppp1p1bp/3p1np1/5p2/2PP4/2N2NP1/PP2PPBP/R1BQ1RK1 b - - 1 7
main,anti-dutch-leningrad-white,opening,13,11,True,32,32,1600,2024-01,2026-07,blitz+rapid+classical,8688,4466,369,3853,10,4,c6:2393:1227/99/1067;Qe8:1872:961/63/848;Nc6:1631:776/82/773;Nbd7:1435:749/55/631;Re8:295:163/20/112;a6:151:82/7/62;h6:142:75/5/62;e5:134:78/4/52;e6:129:66/11/52;Be6:122:71/6/45;a5:76:37/5/34;Kh8:57:36/3/18,rnbq1rk1/ppp1p1bp/3p1np1/5p2/2PP4/2N2NP1/PP2PPBP/R1BQ1RK1 b - - 1 7
main,anti-dutch-leningrad-white,opening,13,11,True,32,32,1800,2024-01,2026-07,blitz+rapid+classical,23690,11853,1176,10661,12,6,c6:7860:3818/415/3627;Nc6:5310:2532/283/2495;Qe8:5289:2662/230/2397;Nbd7:2332:1211/116/1005;Re8:502:267/26/209;e6:462:241/20/201;a6:380:227/12/141;h6:325:181/10/134;a5:270:150/16/104;Na6:195:99/9/87;Be6:185:108/3/74;e5:172:111/13/48,rnbq1rk1/ppp1p1bp/3p1np1/5p2/2PP4/2N2NP1/PP2PPBP/R1BQ1RK1 b - - 1 7
main,anti-dutch-leningrad-white,opening,14,12,True,32,37,1400,2024-01,2026-07,blitz+rapid+classical,1225,643,39,543,3,0,Re1:317:179/12/126;Bg5:235:111/10/114;Qc2:103:54/1/48;b3:97:49/1/47;d5:84:53/2/29;Bf4:76:38/4/34;Qb3:64:41/1/22;e3:45:19/1/25;b4:29:12/1/16;Bd2:28:9/1/18;Be3:23:13/1/9;Rb1:19:9/0/10,rnbq1rk1/pp2p1bp/2pp1np1/5p2/2PP4/2N2NP1/PP2PPBP/R1BQ1RK1 w - - 0 8
main,anti-dutch-leningrad-white,opening,14,12,True,32,37,1600,2024-01,2026-07,blitz+rapid+classical,4502,2301,186,2015,9,3,Re1:1223:653/53/517;Bg5:821:395/45/381;Qc2:539:263/24/252;b3:349:177/16/156;d5:283:160/10/113;Bf4:234:124/8/102;Qb3:190:101/8/81;e3:149:74/6/69;Rb1:105:58/1/46;b4:92:44/2/46;e4:80:34/2/44;Bd2:74:33/3/38,rnbq1rk1/pp2p1bp/2pp1np1/5p2/2PP4/2N2NP1/PP2PPBP/R1BQ1RK1 w - - 0 8
main,anti-dutch-leningrad-white,opening,14,12,True,32,37,1800,2024-01,2026-07,blitz+rapid+classical,14113,6955,775,6383,12,7,Re1:3822:1960/196/1666;Bg5:2014:911/147/956;Qc2:1974:973/99/902;d5:1423:773/67/583;b3:1303:641/90/572;Qb3:628:323/30/275;Bf4:546:266/33/247;e3:369:167/24/178;e4:259:119/8/132;b4:254:122/16/116;Rb1:246:119/19/108;Nd2:242:114/7/121,rnbq1rk1/pp2p1bp/2pp1np1/5p2/2PP4/2N2NP1/PP2PPBP/R1BQ1RK1 w - - 0 8
main,anti-dutch-leningrad-white,opening,15,13,True,32,33,1400,2024-01,2026-07,blitz+rapid+classical,126,79,2,45,0,0,e5:25:16/0/9;Qe8:22:13/0/9;c5:18:12/2/4;cxd5:18:12/0/6;Nbd7:13:8/0/5;Bd7:10:5/0/5;e6:7:3/0/4;Na6:4:3/0/1;a6:3:2/0/1;Kh8:2:1/0/1;Re8:1:1/0/0;Qc7:1:1/0/0,rnbq1rk1/pp2p1bp/2pp1np1/3P1p2/2P5/2N2NP1/PP2PPBP/R1BQ1RK1 b - - 0 8
main,anti-dutch-leningrad-white,opening,15,13,True,32,33,1600,2024-01,2026-07,blitz+rapid+classical,389,223,17,149,1,0,e5:109:63/3/43;c5:71:39/2/30;Qe8:49:26/2/21;cxd5:39:25/3/11;Nbd7:25:16/0/9;Bd7:23:10/3/10;e6:16:6/1/9;Na6:16:10/1/5;h6:8:7/1/0;Re8:7:3/0/4;a6:6:3/0/3;Qc7:5:4/0/1,rnbq1rk1/pp2p1bp/2pp1np1/3P1p2/2P5/2N2NP1/PP2PPBP/R1BQ1RK1 b - - 0 8
main,anti-dutch-leningrad-white,opening,15,13,True,32,33,1800,2024-01,2026-07,blitz+rapid+classical,1845,984,93,768,4,1,e5:814:410/46/358;c5:274:163/11/100;Qe8:178:88/10/80;cxd5:128:76/8/44;Nbd7:97:58/2/37;Qc7:66:34/3/29;Na6:59:26/4/29;h6:57:30/2/25;Bd7:56:33/1/22;e6:38:22/2/14;a5:26:13/1/12;Ne4:12:9/0/3,rnbq1rk1/pp2p1bp/2pp1np1/3P1p2/2P5/2N2NP1/PP2PPBP/R1BQ1RK1 b - - 0 8
main,anti-dutch-leningrad-white,opening,15,13,False,32,33,1400,2024-01,2026-07,blitz+rapid+classical,21,10,0,11,0,0,Nbd7:7:2/0/5;Qe8:4:2/0/2;a5:3:2/0/1;Na6:2:1/0/1;h6:1:0/0/1;b6:1:1/0/0;Ne4:1:0/0/1;Be6:1:1/0/0;Re8:1:1/0/0,rnbq1rk1/pp2p1bp/2pp1np1/5p2/2PP4/2N2NP1/PP2PPBP/1RBQ1RK1 b - - 1 8
main,anti-dutch-leningrad-white,opening,15,13,False,32,33,1600,2024-01,2026-07,blitz+rapid+classical,118,62,2,54,0,0,Qe8:37:15/2/20;Nbd7:32:17/0/15;a5:12:9/0/3;Be6:8:4/0/4;Na6:8:8/0/0;Qc7:4:2/0/2;Ne4:4:2/0/2;h6:3:1/0/2;Kh8:3:1/0/2;Re8:3:2/0/1;e6:2:1/0/1;a6:2:0/0/2,rnbq1rk1/pp2p1bp/2pp1np1/5p2/2PP4/2N2NP1/PP2PPBP/1RBQ1RK1 b - - 1 8
main,anti-dutch-leningrad-white,opening,15,13,False,32,33,1800,2024-01,2026-07,blitz+rapid+classical,258,122,19,117,0,0,Qe8:84:37/6/41;a5:50:23/7/20;Nbd7:33:17/2/14;Qc7:30:17/1/12;Na6:20:12/0/8;Ne4:9:3/0/6;Be6:8:3/0/5;h6:7:1/1/5;a6:5:2/1/2;Kh8:4:2/0/2;Bd7:3:2/1/0;Re8:2:2/0/0,rnbq1rk1/pp2p1bp/2pp1np1/5p2/2PP4/2N2NP1/PP2PPBP/1RBQ1RK1 b - - 1 8
main,anti-dutch-leningrad-white,opening,3,1,False,32,19,1400,2024-01,2026-07,blitz+rapid+classical,274504,139056,9367,126081,12,10,Nf6:181220:90627/6176/84417;e6:52763:26735/1811/24217;d6:14912:7789/515/6608;d5:8897:4789/329/3779;g6:8373:4292/304/3777;Nc6:2841:1662/86/1093;b6:2275:1197/58/1020;h6:1004:590/30/384;c6:484:263/18/203;c5:462:242/5/215;e5:301:213/8/80;g5:229:172/7/50,rnbqkbnr/ppppp1pp/8/5p2/3P1B2/8/PPP1PPPP/RN1QKBNR b KQkq - 1 2
main,anti-dutch-leningrad-white,opening,3,1,False,32,19,1600,2024-01,2026-07,blitz+rapid+classical,331585,165014,12962,153609,12,10,Nf6:236606:117110/9236/110260;e6:55430:27721/2185/25524;d6:15508:7912/582/7014;d5:9082:4503/392/4187;g6:9035:4528/353/4154;b6:2128:1105/73/950;Nc6:1170:681/40/449;h6:756:400/27/329;c6:531:276/25/230;c5:452:215/21/216;Kf7:268:147/14/107;e5:181:112/3/66,rnbqkbnr/ppppp1pp/8/5p2/3P1B2/8/PPP1PPPP/RN1QKBNR b KQkq - 1 2
main,anti-dutch-leningrad-white,opening,3,1,False,32,19,1800,2024-01,2026-07,blitz+rapid+classical,279082,137506,13007,128569,11,10,Nf6:204441:100598/9541/94302;e6:41630:20616/1964/19050;d6:14440:7115/618/6707;g6:8017:3910/381/3726;d5:6842:3248/364/3230;b6:1277:669/51/557;c6:784:388/34/362;Nc6:439:251/11/177;c5:410:219/17/174;h6:396:227/14/155;Kf7:135:81/6/48;e5:80:46/2/32,rnbqkbnr/ppppp1pp/8/5p2/3P1B2/8/PPP1PPPP/RN1QKBNR b KQkq - 1 2
main,anti-dutch-leningrad-white,opening,3,1,False,32,21,1400,2024-01,2026-07,blitz+rapid+classical,38148,20169,1081,16898,11,6,fxe4:25923:13248/745/11930;Nf6:4809:2651/127/2031;e6:3187:1789/86/1312;d6:1969:1056/50/863;d5:680:362/29/289;g6:514:366/7/141;e5:266:166/8/92;f4:170:115/4/51;Kf7:144:83/3/58;Nc6:125:82/6/37;g5:112:100/3/9;c5:75:37/6/32,rnbqkbnr/ppppp1pp/8/5p2/3PP3/8/PPP2PPP/RNBQKBNR b KQkq - 0 2
main,anti-dutch-leningrad-white,opening,3,1,False,32,21,1600,2024-01,2026-07,blitz+rapid+classical,67872,37188,2290,28394,10,6,fxe4:47680:25588/1618/20474;Nf6:9629:5600/288/3741;e6:4641:2583/167/1891;d6:3644:1984/127/1533;d5:666:357/34/275;g6:516:376/15/125;e5:219:137/9/73;f4:211:140/6/65;Kf7:190:101/10/79;Nc6:111:59/6/46;b6:75:52/3/20;g5:75:73/0/2,rnbqkbnr/ppppp1pp/8/5p2/3PP3/8/PPP2PPP/RNBQKBNR b KQkq - 0 2
main,anti-dutch-leningrad-white,opening,3,1,False,32,21,1800,2024-01,2026-07,blitz+rapid+classical,108699,60863,4554,43282,9,6,fxe4:78022:43042/3431/31549;Nf6:14941:8917/476/5548;d6:6912:3755/317/2840;e6:5993:3389/246/2358;d5:1271:713/53/505;g6:618:413/16/189;f4:215:156/4/55;e5:166:105/3/58;Kf7:149:91/2/56;Nc6:99:60/0/39;c6:86:54/3/29;g5:69:68/0/1,rnbqkbnr/ppppp1pp/8/5p2/3PP3/8/PPP2PPP/RNBQKBNR b KQkq - 0 2
main,anti-french-advance-white,opening,5,0,True,32,32,1400,2024-01,2026-07,blitz+rapid+classical,3114952,1426926,118056,1569970,12,12,c5:2379228:1050449/89951/1238828;Nc6:248739:130392/9533/108814;f6:107515:55541/3970/48004;Ne7:80881:38867/3120/38894;a6:73749:34789/2888/36072;Bd7:43793:20975/1575/21243;Bb4+:36139:20429/1433/14277;c6:31977:17121/1267/13589;h6:18882:9069/800/9013;Be7:18682:9703/754/8225;g6:16941:8703/691/7547;b6:16402:8325/627/7450,rnbqkbnr/ppp2ppp/4p3/3pP3/3P4/8/PPP2PPP/RNBQKBNR b KQkq - 0 3
main,anti-french-advance-white,opening,5,0,True,32,32,1600,2024-01,2026-07,blitz+rapid+classical,3371493,1525015,138630,1707848,12,12,c5:2843133:1258285/117240/1467608;Nc6:140886:74115/5534/61237;Ne7:79217:37516/3243/38458;a6:64102:31072/2627/30403;f6:59199:30874/2269/26056;Bd7:46401:21368/1933/23100;c6:23867:12602/1022/10243;h6:17131:8280/854/7997;g6:16191:8358/697/7136;Bb4+:16052:9183/607/6262;Nd7:14663:7303/570/6790;f5:14172:6724/541/6907,rnbqkbnr/ppp2ppp/4p3/3pP3/3P4/8/PPP2PPP/RNBQKBNR b KQkq - 0 3
main,anti-french-advance-white,opening,5,0,True,32,32,1800,2024-01,2026-07,blitz+rapid+classical,2863231,1325583,128882,1408766,12,12,c5:2581482:1184091/116708/1280683;Ne7:57424:28153/2462/26809;Nc6:46515:24759/1928/19828;Bd7:39125:18237/1831/19057;a6:29347:14298/1399/13650;f6:22976:12054/896/10026;f5:15271:7151/621/7499;c6:13814:7160/611/6043;Nd7:11924:6084/445/5395;b6:11204:5309/547/5348;g6:9602:5116/450/4036;h6:7343:3688/328/3327,rnbqkbnr/ppp2ppp/4p3/3pP3/3P4/8/PPP2PPP/RNBQKBNR b KQkq - 0 3
main,anti-french-advance-white,opening,6,1,True,32,37,1400,2024-01,2026-07,blitz+rapid+classical,2395291,1058261,90521,1246509,12,12,c3:1323310:599780/50276/673254;Nf3:627847:271926/23131/332790;Bb5+:110027:47472/4693/57862;Be3:95211:40663/3828/50720;dxc5:86786:34582/3208/48996;c4:56301:23517/2272/30512;f4:42561:17599/1352/23610;Nc3:16414:6949/551/8914;b3:6574:2652/232/3690;Qg4:6231:3224/180/2827;a3:4855:2076/188/2591;Ne2:2916:1123/78/1715,rnbqkbnr/pp3ppp/4p3/2ppP3/3P4/8/PPP2PPP/RNBQKBNR w KQkq - 0 4
main,anti-french-advance-white,opening,6,1,True,32,37,1600,2024-01,2026-07,blitz+rapid+classical,2855091,1264015,117753,1473323,12,12,c3:1884849:858375/78661/947813;Nf3:533880:224629/21150/288101;Bb5+:114742:48013/5448/61281;Be3:76429:31147/3237/42045;dxc5:71302:28950/2687/39665;f4:61065:25047/2133/33885;c4:54421:21769/2473/30179;Qg4:18530:9817/529/8184;Nc3:13434:5408/464/7562;Bd3:4951:2318/186/2447;a3:3757:1563/154/2040;b3:3500:1338/151/2011,rnbqkbnr/pp3ppp/4p3/2ppP3/3P4/8/PPP2PPP/RNBQKBNR w KQkq - 0 4
main,anti-french-advance-white,opening,6,1,True,32,37,1800,2024-01,2026-07,blitz+rapid+classical,2586686,1186708,116932,1283046,12,12,c3:2000988:934906/91818/974264;Nf3:283438:119910/12124/151404;Bb5+:69684:28973/3663/37048;f4:56839:24259/2199/30381;dxc5:47695:21003/1826/24866;Qg4:43725:24092/1546/18087;Be3:29593:11432/1363/16798;c4:29014:11137/1350/16527;Nc3:7115:2813/288/4014;Bd3:6331:3032/220/3079;a3:3080:1454/148/1478;b4:2629:1178/122/1329,rnbqkbnr/pp3ppp/4p3/2ppP3/3P4/8/PPP2PPP/RNBQKBNR w KQkq - 0 4
main,anti-french-advance-white,opening,7,2,True,32,32,1400,2024-01,2026-07,blitz+rapid+classical,1380092,626847,52353,700892,12,12,Nc6:806466:358386/30368/417712;cxd4:200381:97922/8089/94370;Qb6:192218:84179/7054/100985;c4:68233:33553/2810/31870;a6:26734:12447/972/13315;Bd7:26541:11864/908/13769;Ne7:18529:8571/727/9231;Qa5:12515:5375/375/6765;f6:9757:5037/337/4383;b6:4650:2438/206/2006;Nd7:4290:2156/167/1967;b5:2070:1138/62/870,rnbqkbnr/pp3ppp/4p3/2ppP3/3P4/2P5/PP3PPP/RNBQKBNR b KQkq - 0 4
main,anti-french-advance-white,opening,7,2,True,32,32,1600,2024-01,2026-07,blitz+rapid+classical,1973007,900370,82062,990575,12,12,Nc6:1266267:566556/52288/647423;Qb6:256613:115598/10690/130325;cxd4:244558:120492/10592/113474;c4:65216:32325/2941/29950;Bd7:40377:17828/1642/20907;a6:29431:14118/1190/14123;Ne7:25147:11684/1000/12463;Qa5:17196:7321/614/9261;f6:7316:3767/258/3291;Nd7:5274:2689/216/2369;b6:4688:2472/208/2008;Be7:1742:913/61/768,rnbqkbnr/pp3ppp/4p3/2ppP3/3P4/2P5/PP3PPP/RNBQKBNR b KQkq - 0 4
main,anti-french-advance-white,opening,7,2,True,32,32,1800,2024-01,2026-07,blitz+rapid+classical,2098006,981460,95960,1020586,12,12,Nc6:1494617:691597/67731/735289;Qb6:238063:109630/11427/117006;cxd4:196104:98985/9006/88113;Bd7:48239:21672/2336/24231;c4:35803:18217/1661/15925;Ne7:27055:12904/1173/12978;a6:21963:10771/1063/10129;Qa5:12101:5396/508/6197;Nd7:6074:3063/248/2763;b6:4501:2302/234/1965;f6:4444:2262/152/2030;f5:1644:798/58/788,rnbqkbnr/pp3ppp/4p3/2ppP3/3P4/2P5/PP3PPP/RNBQKBNR b KQkq - 0 4
main,anti-french-advance-white,opening,8,3,True,32,38,1400,2024-01,2026-07,blitz+rapid+classical,813328,361795,30595,420938,12,12,Nf3:522085:236085/19471/266529;Bb5:142582:62433/5782/74367;Be3:56675:24659/2272/29744;f4:41916:17437/1385/23094;a3:13569:6495/433/6641;b3:5118:2120/169/2829;Bd3:5111:2303/134/2674;dxc5:4886:1796/167/2923;Ne2:3931:1583/172/2176;Na3:2213:949/68/1196;Bf4:1868:638/71/1159;Qa4:1718:638/65/1015,r1bqkbnr/pp3ppp/2n1p3/2ppP3/3P4/2P5/PP3PPP/RNBQKBNR w KQkq - 1 5
main,anti-french-advance-white,opening,8,3,True,32,38,1600,2024-01,2026-07,blitz+rapid+classical,1277398,572111,52712,652575,12,12,Nf3:837550:383428/34330/419792;Bb5:209063:88672/9463/110928;f4:80366:34191/2972/43203;Be3:75476:32606/3218/39652;a3:30160:14674/1188/14298;Bd3:10685:5050/342/5293;Ne2:6300:2523/217/3560;b3:5363:2098/195/3070;dxc5:3711:1391/150/2170;Na3:3065:1329/119/1617;Qg4:2282:1071/56/1155;Nd2:1659:588/67/1004,r1bqkbnr/pp3ppp/2n1p3/2ppP3/3P4/2P5/PP3PPP/RNBQKBNR w KQkq - 1 5
main,anti-french-advance-white,opening,8,3,True,32,38,1800,2024-01,2026-07,blitz+rapid+classical,1506747,697694,68204,740849,12,12,Nf3:1054940:501435/47420/506085;Bb5:182645:75989/9169/97487;f4:102911:43749/4203/54959;Be3:74482:34007/3512/36963;a3:47612:23475/2158/21979;Bd3:16697:7825/570/8302;Ne2:7729:3230/365/4134;b3:3431:1242/142/2047;Na3:2775:1229/138/1408;Qg4:2723:1317/97/1309;dxc5:2269:893/106/1270;Be2:1498:689/56/753,r1bqkbnr/pp3ppp/2n1p3/2ppP3/3P4/2P5/PP3PPP/RNBQKBNR w KQkq - 1 5
main,anti-french-advance-white,opening,9,4,True,32,36,1400,2024-01,2026-07,blitz+rapid+classical,821440,369497,30485,421458,12,12,Qb6:404375:176483/15066/212826;Bd7:116599:50397/4236/61966;cxd4:115198:55475/4436/55287;Nge7:85687:38058/3074/44555;a6:20209:9518/721/9970;f6:16576:8421/600/7555;c4:14205:7080/544/6581;Qa5:9523:4322/323/4878;Be7:7905:4182/287/3436;b6:7115:3600/271/3244;h6:6752:3211/280/3261;Nh6:6103:2948/262/2893,r1bqkbnr/pp3ppp/2n1p3/2ppP3/3P4/2P2N2/PP3PPP/RNBQKB1R b KQkq - 2 5
main,anti-french-advance-white,opening,9,4,True,32,36,1600,2024-01,2026-07,blitz+rapid+classical,1173638,531054,48016,594568,12,12,Qb6:572185:255533/23953/292699;Bd7:200001:86665/8052/105284;cxd4:161742:77606/6817/77319;Nge7:122906:54866/4688/63352;a6:23766:11339/943/11484;c4:15483:7685/611/7187;f6:15296:7626/576/7094;Qa5:13464:5947/512/7005;h6:10014:4739/450/4825;Be7:8641:4462/305/3874;b6:7934:3900/313/3721;Nh6:6896:3087/245/3564,r1bqkbnr/pp3ppp/2n1p3/2ppP3/3P4/2P2N2/PP3PPP/RNBQKB1R b KQkq - 2 5
main,anti-french-advance-white,opening,9,4,True,32,36,1800,2024-01,2026-07,blitz+rapid+classical,1309759,615755,58677,635327,12,12,Qb6:607800:286529/27703/293568;Bd7:262325:118578/11684/132063;cxd4:166458:82746/7580/76132;Nge7:153349:70146/6629/76574;a6:23046:11255/994/10797;f6:17002:8000/704/8298;Qa5:13377:6037/562/6778;c4:10791:5422/481/4888;Nh6:9109:4043/414/4652;h6:8537:4159/380/3998;b6:7733:3956/327/3450;Qc7:7624:3691/293/3640,r1bqkbnr/pp3ppp/2n1p3/2ppP3/3P4/2P2N2/PP3PPP/RNBQKB1R b KQkq - 2 5
main,anti-french-advance-white,opening,10,5,True,32,35,1400,2024-01,2026-07,blitz+rapid+classical,553283,241707,20368,291208,12,12,Be2:111379:49282/4066/58031;Bd3:89889:44950/2774/42165;Be3:70079:27019/2321/40739;b3:61023:24493/2251/34279;a3:43636:21719/1594/20323;Na3:40606:17632/1576/21398;Qb3:32847:14271/1995/16581;a4:26755:11753/969/14033;Nbd2:23090:9746/876/12468;dxc5:18210:7026/671/10513;Qc2:11296:4574/401/6321;Qa4:4484:1806/159/2519,r1b1kbnr/pp3ppp/1qn1p3/2ppP3/3P4/2P2N2/PP3PPP/RNBQKB1R w KQkq - 3 6
main,anti-french-advance-white,opening,10,5,True,32,35,1600,2024-01,2026-07,blitz+rapid+classical,764302,342581,31642,390079,12,12,Bd3:183012:92783/6482/83747;Be2:162159:71149/6650/84360;a3:102863:51907/4364/46592;b3:69996:26978/2944/40074;Qb3:51052:21413/3488/26151;Be3:45554:16946/1600/27008;Na3:44729:19229/1973/23527;a4:27666:11900/1112/14654;dxc5:25469:10334/985/14150;Nbd2:19188:7642/789/10757;Qc2:12421:4767/465/7189;Qa4:4812:1824/211/2777,r1b1kbnr/pp3ppp/1qn1p3/2ppP3/3P4/2P2N2/PP3PPP/RNBQKB1R w KQkq - 3 6
main,anti-french-advance-white,opening,10,5,True,32,35,1800,2024-01,2026-07,blitz+rapid+classical,769116,362221,34926,371969,12,12,Bd3:265040:134878/10555/119607;a3:172471:87655/8089/76727;Be2:151940:67554/6871/77515;Qb3:41630:16890/3157/21583;b3:37290:13648/1809/21833;Na3:27117:11856/1303/13958;dxc5:20816:9259/927/10630;a4:14710:6262/637/7811;Be3:13716:4975/514/8227;Nbd2:8917:3590/378/4949;Qc2:5661:2017/227/3417;Qa4:2623:944/138/1541,r1b1kbnr/pp3ppp/1qn1p3/2ppP3/3P4/2P2N2/PP3PPP/RNBQKB1R w KQkq - 3 6
main,anti-french-advance-white,opening,11,6,True,32,35,1400,2024-01,2026-07,blitz+rapid+classical,53588,26514,1937,25137,11,8,cxd4:17016:8663/635/7718;Nge7:12555:6152/419/5984;Bd7:10265:5062/398/4805;Nh6:5907:2862/213/2832;a5:3098:1385/82/1631;c4:2396:1161/112/1123;f6:847:437/19/391;a6:733:356/30/347;Be7:342:204/9/129;h6:146:85/4/57;Na5:101:49/7/45;g6:70:31/5/34,r1b1kbnr/pp3ppp/1qn1p3/2ppP3/3P4/P1P2N2/1P3PPP/RNBQKB1R b KQkq - 0 6
main,anti-french-advance-white,opening,11,6,True,32,35,1600,2024-01,2026-07,blitz+rapid+classical,122965,61912,5162,55891,12,9,cxd4:39003:20084/1777/17142;Bd7:25116:12714/977/11425;Nge7:24196:12394/987/10815;Nh6:12828:6339/511/5978;a5:9383:4292/363/4728;c4:8606:4033/408/4165;f6:1325:622/48/655;a6:1019:574/33/412;Be7:599:353/15/231;h6:287:151/18/118;Na5:232:140/14/78;g6:151:94/2/55,r1b1kbnr/pp3ppp/1qn1p3/2ppP3/3P4/P1P2N2/1P3PPP/RNBQKB1R b KQkq - 0 6
main,anti-french-advance-white,opening,11,6,True,32,35,1800,2024-01,2026-07,blitz+rapid+classical,198133,100550,9336,88247,12,9,cxd4:53883:28607/2629/22647;Bd7:44667:23205/2081/19381;Nge7:28506:14780/1340/12386;a5:23588:11068/1038/11482;c4:22604:10344/1065/11195;Nh6:19064:9542/938/8584;f6:2952:1465/114/1373;a6:995:533/42/420;Be7:574:314/24/236;h6:350:197/14/139;Na5:246:121/15/110;f5:205:106/9/90,r1b1kbnr/pp3ppp/1qn1p3/2ppP3/3P4/P1P2N2/1P3PPP/RNBQKB1R b KQkq - 0 6
main,anti-french-advance-white,opening,12,7,True,32,34,1400,2024-01,2026-07,blitz+rapid+classical,5958,2887,212,2859,5,4,b4:2762:1477/104/1181;Bxh6:1186:503/31/652;Bd3:771:417/31/323;h3:425:162/15/248;Be2:357:161/17/179;Nbd2:92:40/1/51;Be3:85:26/5/54;dxc5:72:22/2/48;a4:51:18/1/32;b3:43:18/2/23;Qc2:34:15/1/18;Qa4:15:5/2/8,r1b1kb1r/pp3ppp/1qn1p2n/2ppP3/3P4/P1P2N2/1P3PPP/RNBQKB1R w KQkq - 1 7
main,anti-french-advance-white,opening,12,7,True,32,34,1600,2024-01,2026-07,blitz+rapid+classical,12910,6379,514,6017,7,5,b4:7091:3778/288/3025;Bd3:2116:1128/95/893;Bxh6:2108:828/81/1199;Be2:593:256/15/322;h3:415:177/13/225;dxc5:143:41/5/97;Nbd2:101:42/3/56;b3:84:40/3/41;Be3:79:21/3/55;Qc2:50:21/2/27;a4:32:17/2/13;g3:21:8/0/13,r1b1kb1r/pp3ppp/1qn1p2n/2ppP3/3P4/P1P2N2/1P3PPP/RNBQKB1R w KQkq - 1 7
main,anti-french-advance-white,opening,12,7,True,32,34,1800,2024-01,2026-07,blitz+rapid+classical,19256,9654,944,8658,6,4,b4:11919:6292/578/5049;Bd3:4059:2106/231/1722;Bxh6:2019:788/74/1157;Be2:597:233/30/334;h3:250:80/12/158;dxc5:151:47/8/96;b3:62:27/2/33;Nbd2:50:24/3/23;Be3:44:14/4/26;g3:23:12/0/11;a4:18:6/0/12;Qc2:16:9/0/7,r1b1kb1r/pp3ppp/1qn1p2n/2ppP3/3P4/P1P2N2/1P3PPP/RNBQKB1R w KQkq - 1 7
main,anti-french-advance-white,opening,13,8,True,32,33,1400,2024-01,2026-07,blitz+rapid+classical,2771,1483,104,1184,4,2,cxd4:1999:1063/77/859;cxb4:439:230/20/189;Nf5:171:96/4/71;c4:146:83/3/60;a6:6:5/0/1;a5:5:3/0/2;Bd7:2:1/0/1;Be7:1:0/0/1;Nxb4:1:1/0/0;Nxd4:1:1/0/0,r1b1kb1r/pp3ppp/1qn1p2n/2ppP3/1P1P4/P1P2N2/5PPP/RNBQKB1R b KQkq - 0 7
main,anti-french-advance-white,opening,13,8,True,32,33,1600,2024-01,2026-07,blitz+rapid+classical,7106,3787,290,3029,4,2,cxd4:5854:3096/234/2524;cxb4:844:463/39/342;Nf5:198:119/9/70;c4:191:94/8/89;Bd7:6:5/0/1;a6:4:3/0/1;a5:2:2/0/0;Qb5:1:1/0/0;Ng4:1:0/0/1;Nxb4:1:1/0/0;Nxd4:1:1/0/0;Qc7:1:0/0/1,r1b1kb1r/pp3ppp/1qn1p2n/2ppP3/1P1P4/P1P2N2/5PPP/RNBQKB1R b KQkq - 0 7
main,anti-french-advance-white,opening,13,8,True,32,33,1800,2024-01,2026-07,blitz+rapid+classical,11927,6298,578,5051,3,2,cxd4:10804:5621/536/4647;cxb4:861:518/30/313;c4:145:80/7/58;Nf5:95:61/5/29;Nxd4:8:7/0/1;a6:4:2/0/2;Bd7:3:3/0/0;g6:2:2/0/0;a5:2:1/0/1;Ng8:1:1/0/0;Qc7:1:1/0/0;Qb5:1:1/0/0,r1b1kb1r/pp3ppp/1qn1p2n/2ppP3/1P1P4/P1P2N2/5PPP/RNBQKB1R b KQkq - 0 7
main,anti-french-advance-white,opening,12,7,False,32,30,1400,2024-01,2026-07,blitz+rapid+classical,2499,1218,115,1166,2,2,Be2:1147:563/50/534;Nbd2:879:462/42/375;Be3:87:38/3/46;b4:77:22/5/50;Qc2:71:35/4/32;g3:69:35/1/33;h3:27:11/1/15;Bg5:26:7/1/18;a4:25:10/2/13;Ng5:25:12/1/12;h4:14:7/1/6;Bf4:14:5/1/8,r1b1kbnr/pp3ppp/1qn1p3/3pP3/2pP4/P1P2N2/1P3PPP/RNBQKB1R w KQkq - 0 7
main,anti-french-advance-white,opening,12,7,False,32,30,1600,2024-01,2026-07,blitz+rapid+classical,8874,4160,422,4292,6,2,Be2:4258:1974/204/2080;Nbd2:3214:1586/158/1470;Qc2:308:131/19/158;g3:277:150/14/113;Be3:187:65/13/109;b4:141:45/4/92;a4:84:45/2/37;Bg5:74:30/0/44;h3:73:36/2/35;h4:52:19/1/32;Ng5:51:23/2/26;Bf4:50:13/1/36,r1b1kbnr/pp3ppp/1qn1p3/3pP3/2pP4/P1P2N2/1P3PPP/RNBQKB1R w KQkq - 0 7
main,anti-french-advance-white,opening,12,7,False,32,30,1800,2024-01,2026-07,blitz+rapid+classical,23004,10537,1090,11377,9,4,Be2:10129:4548/498/5083;Nbd2:9177:4372/437/4368;g3:1281:604/58/619;Qc2:751:338/43/370;b4:305:112/9/184;Be3:297:100/13/184;h4:256:104/10/142;a4:234:106/6/122;b3:104:48/3/53;Bg5:85:41/1/43;h3:81:37/3/41;Bf4:70:20/3/47,r1b1kbnr/pp3ppp/1qn1p3/3pP3/2pP4/P1P2N2/1P3PPP/RNBQKB1R w KQkq - 0 7
main,anti-french-advance-white,opening,13,8,False,32,38,1400,2024-01,2026-07,blitz+rapid+classical,887,464,42,381,3,1,Na5:417:209/18/190;Bd7:173:92/9/72;Nge7:135:71/7/57;f6:42:20/2/20;Nh6:39:23/2/14;a5:37:20/1/16;Be7:30:21/2/7;Qc7:7:4/1/2;g6:3:2/0/1;h5:1:1/0/0;Qa5:1:0/0/1;f5:1:0/0/1,r1b1kbnr/pp3ppp/1qn1p3/3pP3/2pP4/P1P2N2/1P1N1PPP/R1BQKB1R b KQkq - 1 7
main,anti-french-advance-white,opening,13,8,False,32,38,1600,2024-01,2026-07,blitz+rapid+classical,3230,1592,158,1480,5,2,Na5:1819:883/93/843;Bd7:590:307/25/258;Nge7:368:186/20/162;f6:158:70/7/81;a5:134:68/7/59;Nh6:87:42/4/41;Be7:33:16/1/16;Qc7:11:4/0/7;h6:8:5/0/3;f5:6:3/0/3;Qd8:5:2/0/3;Qa5:4:3/0/1,r1b1kbnr/pp3ppp/1qn1p3/3pP3/2pP4/P1P2N2/1P1N1PPP/R1BQKB1R b KQkq - 1 7
main,anti-french-advance-white,opening,13,8,False,32,38,1800,2024-01,2026-07,blitz+rapid+classical,9206,4379,442,4385,6,5,Na5:5640:2578/255/2807;Bd7:1783:905/84/794;f6:516:209/27/280;Nge7:514:290/27/197;a5:389:196/24/169;Nh6:151:84/10/57;Be7:64:38/6/20;Qc7:61:34/5/22;f5:27:15/2/10;h6:24:10/0/14;g6:16:7/1/8;Qa5:7:4/1/2,r1b1kbnr/pp3ppp/1qn1p3/3pP3/2pP4/P1P2N2/1P1N1PPP/R1BQKB1R b KQkq - 1 7
main,anti-italian-center-attack-black,opening,5,0,True,32,31,1400,2024-01,2026-07,blitz+rapid+classical,18441624,9290108,687012,8464504,12,12,Bc5:5720478:2822998/216262/2681218;Nf6:5471724:2803485/191216/2477023;h6:3231646:1665336/133557/1432753;d6:1304164:661753/52995/589416;Nd4:866864:406476/31046/429342;f5:602565:273435/16387/312743;Be7:523619:249495/21025/253099;f6:155773:94023/5625/56125;Qf6:109746:55985/3850/49911;a6:108711:59394/3755/45562;Bb4:60374:33122/1959/25293;g6:55449:28890/2023/24536,r1bqkbnr/pppp1ppp/2n5/4p3/2B1P3/5N2/PPPP1PPP/RNBQK2R b KQkq - 3 3
main,anti-italian-center-attack-black,opening,5,0,True,32,31,1600,2024-01,2026-07,blitz+rapid+classical,16201101,8128957,656405,7415739,12,12,Bc5:5653434:2804017/231393/2618024;Nf6:4708484:2376415/179833/2152236;h6:2154277:1132527/96047/925703;d6:1185747:602572/52677/530498;Be7:713766:343524/32866/337376;Nd4:688098:331583/27665/328850;f5:681441:310643/20900/349898;Qf6:77928:38463/3168/36297;f6:60836:37505/2081/21250;a6:56112:30696/2020/23396;g6:47390:24127/1846/21417;Bb4:37512:19752/1300/16460,r1bqkbnr/pppp1ppp/2n5/4p3/2B1P3/5N2/PPPP1PPP/RNBQK2R b KQkq - 3 3
main,anti-italian-center-attack-black,opening,5,0,True,32,31,1800,2024-01,2026-07,blitz+rapid+classical,10576744,5247063,475568,4854113,12,12,Bc5:4101008:2025510/185133/1890365;Nf6:3321471:1633796/144300/1543375;h6:806002:430668/39236/336098;d6:691717:351835/34171/305711;Be7:633366:307681/32780/292905;f5:481789:223590/16684/241515;Nd4:350817:173777/15617/161423;Qf6:39375:18691/1815/18869;g6:30382:14841/1373/14168;a6:20127:10767/761/8599;f6:19244:11650/719/6875;b6:15907:8257/554/7096,r1bqkbnr/pppp1ppp/2n5/4p3/2B1P3/5N2/PPPP1PPP/RNBQK2R b KQkq - 3 3
main,anti-italian-center-attack-black,opening,6,1,True,32,33,1400,2024-01,2026-07,blitz+rapid+classical,5958858,2942287,224466,2792105,12,12,c3:1582664:825986/56865/699813;d3:1413632:678013/57999/677620;O-O:1147642:555165/43146/549331;Nc3:821796:393628/35827/392341;b4:329553:176255/9038/144260;d4:327593:171557/10131/145905;a3:79457:37919/3159/38379;Ng5:66839:18187/1489/47163;Bxf7+:58973:26877/1857/30239;h3:47221:22776/2136/22309;Nxe5:32594:12298/1054/19242;a4:11415:5874/418/5123,r1bqk1nr/pppp1ppp/2n5/2b1p3/2B1P3/5N2/PPPP1PPP/RNBQK2R w KQkq - 4 4
main,anti-italian-center-attack-black,opening,6,1,True,32,33,1600,2024-01,2026-07,blitz+rapid+classical,5857194,2905703,239120,2712371,12,12,c3:1787600:920835/70840/795925;O-O:1276854:627248/51677/597929;d3:1126618:537471/51121/538026;Nc3:691347:328738/32873/329736;b4:413306:219617/12129/181560;d4:306351:159602/10521/136228;a3:70995:33307/3122/34566;Bxf7+:48009:22055/1621/24333;h3:40717:19408/2048/19261;Ng5:28389:7688/657/20044;Nxe5:22945:8609/780/13556;Qe2:11921:6347/426/5148,r1bqk1nr/pppp1ppp/2n5/2b1p3/2B1P3/5N2/PPPP1PPP/RNBQK2R w KQkq - 4 4
main,anti-italian-center-attack-black,opening,6,1,True,32,33,1800,2024-01,2026-07,blitz+rapid+classical,4204270,2076869,189554,1937847,12,12,c3:1439173:727048/64757/647368;O-O:1051222:516439/46901/487882;d3:636585:302148/32162/302275;b4:399111:210163/13160/175788;Nc3:379305:177769/20251/181285;d4:178987:90474/7101/81412;a3:28371:12751/1411/14209;Bxf7+:22055:10098/851/11106;h3:21820:9971/1205/10644;Qe2:11300:5923/448/4929;Nxe5:10541:4075/351/6115;Ng5:9407:2585/251/6571,r1bqk1nr/pppp1ppp/2n5/2b1p3/2B1P3/5N2/PPPP1PPP/RNBQK2R w KQkq - 4 4
main,anti-italian-center-attack-black,opening,7,2,True,32,36,1400,2024-01,2026-07,blitz+rapid+classical,1654988,862128,59229,733631,12,12,Nf6:888952:462748/32664/393540;d6:461346:237009/16268/208069;h6:125538:67410/4585/53543;a6:64108:34472/2024/27612;Qf6:29624:13566/1005/15053;Nge7:19359:10091/583/8685;Bb6:16219:8127/591/7501;a5:8229:4493/258/3478;Na5:7569:4432/254/2883;f5:7399:3782/182/3435;f6:6392:4064/213/2115;Qe7:4672:2273/157/2242,r1bqk1nr/pppp1ppp/2n5/2b1p3/2B1P3/2P2N2/PP1P1PPP/RNBQK2R b KQkq - 0 4
main,anti-italian-center-attack-black,opening,7,2,True,32,36,1600,2024-01,2026-07,blitz+rapid+classical,1860454,956579,73498,830377,12,12,Nf6:969511:500787/39578/429146;d6:573454:290608/22255/260591;h6:114370:61407/4576/48387;a6:62328:33492/2150/26686;Qf6:41922:18564/1470/21888;Nge7:33354:16956/1151/15247;Bb6:21918:10540/854/10524;f5:8971:4519/257/4195;Qe7:8342:3824/279/4239;a5:7859:4371/302/3186;Na5:5667:3462/213/1992;f6:3526:2285/122/1119,r1bqk1nr/pppp1ppp/2n5/2b1p3/2B1P3/2P2N2/PP1P1PPP/RNBQK2R b KQkq - 0 4
main,anti-italian-center-attack-black,opening,7,2,True,32,36,1800,2024-01,2026-07,blitz+rapid+classical,1481737,747164,66467,668106,12,12,Nf6:767889:388932/36028/342929;d6:477951:240418/21048/216485;h6:55988:30278/2457/23253;Qf6:47864:20596/1829/25439;Nge7:38071:19241/1484/17346;a6:31716:17464/1206/13046;Bb6:27087:12326/1097/13664;Qe7:15360:6618/583/8159;f5:7025:3586/244/3195;a5:4688:2600/216/1872;Na5:2399:1538/89/772;d5:1846:1174/49/623,r1bqk1nr/pppp1ppp/2n5/2b1p3/2B1P3/2P2N2/PP1P1PPP/RNBQK2R b KQkq - 0 4
main,anti-italian-center-attack-black,opening,8,3,True,32,34,1400,2024-01,2026-07,blitz+rapid+classical,1002314,521561,36207,444546,12,12,d4:517811:281301/18910/217600;d3:302397:153646/11487/137264;O-O:61905:31927/1918/28060;b4:40666:18702/1374/20590;Ng5:23472:10464/734/12274;Bxf7+:15209:7290/422/7497;Qb3:14918:6718/493/7707;Qe2:8499:3805/328/4366;h3:4530:2000/156/2374;a4:3877:1862/118/1897;Qc2:3348:1581/103/1664;Nxe5:2064:670/60/1334,r1bqk2r/pppp1ppp/2n2n2/2b1p3/2B1P3/2P2N2/PP1P1PPP/RNBQK2R w KQkq - 1 5
main,anti-italian-center-attack-black,opening,8,3,True,32,34,1600,2024-01,2026-07,blitz+rapid+classical,1057936,546911,42495,468530,12,12,d4:547208:293796/21996/231416;d3:339893:170886/14550/154457;O-O:77302:39688/2633/34981;b4:36969:17156/1350/18463;Ng5:14308:6240/525/7543;Bxf7+:9381:4513/254/4614;Qb3:9113:3935/327/4851;Qe2:8726:4157/328/4241;Qc2:4353:2004/147/2202;a4:3372:1570/118/1684;h3:2841:1219/117/1505;Nxe5:1532:486/48/998,r1bqk2r/pppp1ppp/2n2n2/2b1p3/2B1P3/2P2N2/PP1P1PPP/RNBQK2R w KQkq - 1 5
main,anti-italian-center-attack-black,opening,8,3,True,32,34,1800,2024-01,2026-07,blitz+rapid+classical,809944,410544,37529,361871,12,12,d4:420090:218893/19541/181656;d3:270561:134189/13074/123298;O-O:66835:33973/2669/30193;b4:23501:10692/1086/11723;Qe2:7568:3632/317/3619;Ng5:6002:2545/240/3217;Bxf7+:3748:1660/116/1972;Qc2:3326:1480/135/1711;Qb3:3298:1397/135/1766;a4:1590:727/73/790;h3:1183:491/59/633;Nxe5:755:235/34/486,r1bqk2r/pppp1ppp/2n2n2/2b1p3/2B1P3/2P2N2/PP1P1PPP/RNBQK2R w KQkq - 1 5
main,anti-italian-center-attack-black,opening,9,4,True,32,35,1400,2024-01,2026-07,blitz+rapid+classical,519172,282053,18951,218168,12,9,exd4:491806:264902/18138/208766;Bb6:11842:6689/363/4790;Bd6:4130:2281/152/1697;O-O:2774:1946/65/763;d6:2770:2090/87/593;d5:1597:1127/51/419;Nxe4:1412:1095/24/293;Be7:1311:793/40/478;Na5:429:277/7/145;h6:326:242/4/80;Bxd4:190:159/3/28;Nxd4:142:110/4/28,r1bqk2r/pppp1ppp/2n2n2/2b1p3/2BPP3/2P2N2/PP3PPP/RNBQK2R b KQkq - 0 5
main,anti-italian-center-attack-black,opening,9,4,True,32,35,1600,2024-01,2026-07,blitz+rapid+classical,547683,294041,22004,231638,10,8,exd4:528201:282386/21394/224421;Bb6:8770:4768/269/3733;Bd6:4660:2470/170/2020;d6:1447:1115/44/288;O-O:1419:1022/31/366;d5:1039:721/43/275;Be7:809:534/27/248;Nxe4:592:442/7/143;Na5:246:183/7/56;h6:164:131/3/30;Bxd4:94:72/3/19;Nxd4:41:29/2/10,r1bqk2r/pppp1ppp/2n2n2/2b1p3/2BPP3/2P2N2/PP3PPP/RNBQK2R b KQkq - 0 5
main,anti-italian-center-attack-black,opening,9,4,True,32,35,1800,2024-01,2026-07,blitz+rapid+classical,420175,218906,19538,181731,8,6,exd4:406640:211362/19078/176200;Bb6:6127:3196/200/2731;Bd6:5035:2633/194/2208;d6:610:477/20/113;d5:473:341/13/119;O-O:405:272/11/122;Be7:329:209/10/110;Nxe4:282:203/6/73;Na5:65:47/2/16;Bxd4:65:52/1/12;h6:37:31/2/4;Nxd4:19:13/0/6,r1bqk2r/pppp1ppp/2n2n2/2b1p3/2BPP3/2P2N2/PP3PPP/RNBQK2R b KQkq - 0 5
main,anti-italian-center-attack-black,opening,10,5,True,31,45,1400,2024-01,2026-07,blitz+rapid+classical,541768,290640,19609,231519,10,9,cxd4:394163:207690/15120/171353;e5:104218:60121/3298/40799;O-O:22586:12808/615/9163;Bxf7+:6097:3100/118/2879;b4:5019:2629/122/2268;Nxd4:3881:1677/167/2037;Ng5:2178:939/67/1172;Bg5:1993:968/57/968;Qb3:1137:516/34/587;Nbd2:104:37/4/63;h3:64:33/0/31;Qe2:41:22/1/18,r1bqk2r/pppp1ppp/2n2n2/2b5/2BpP3/2P2N2/PP3PPP/RNBQK2R w KQkq - 0 6
main,anti-italian-center-attack-black,opening,10,5,True,31,45,1600,2024-01,2026-07,blitz+rapid+classical,583581,310525,23293,249763,9,9,cxd4:387300:201340/16305/169655;e5:155103:87217/5630/62256;O-O:23516:13301/787/9428;b4:8255:4432/238/3585;Bxf7+:3465:1673/92/1700;Nxd4:1881:777/96/1008;Bg5:1667:780/74/813;Ng5:1087:442/31/614;Qb3:1003:438/30/535;Qe2:47:25/3/19;h3:41:16/1/24;Nbd2:33:12/0/21,r1bqk2r/pppp1ppp/2n2n2/2b5/2BpP3/2P2N2/PP3PPP/RNBQK2R w KQkq - 0 6
main,anti-italian-center-attack-black,opening,10,5,True,31,45,1800,2024-01,2026-07,blitz+rapid+classical,452507,233308,21061,198138,9,8,cxd4:274210:138390/13407/122413;e5:143770:76325/6469/60976;O-O:17999:9848/686/7465;b4:13040:7207/383/5450;Bxf7+:1156:540/26/590;Bg5:939:442/35/462;Qb3:435:190/15/230;Nxd4:403:172/20/211;Ng5:373:120/16/237;Qe2:58:29/1/28;Kf1:27:3/2/22;h3:13:6/0/7,r1bqk2r/pppp1ppp/2n2n2/2b5/2BpP3/2P2N2/PP3PPP/RNBQK2R w KQkq - 0 6
main,anti-italian-center-attack-black,opening,11,6,True,30,35,1400,2024-01,2026-07,blitz+rapid+classical,394050,207595,15114,171341,12,11,Bb4+:304232:155323/12353/136556;Bb6:68116:37906/2106/28104;Nxd4:8458:5474/257/2727;Be7:5133:3004/176/1953;Bxd4:2724:2094/73/557;Nxe4:1263:884/25/354;d5:1070:643/46/381;Nb4:756:570/16/170;Bd6:621:490/12/119;Na5:569:391/20/158;O-O:452:320/9/123;d6:215:178/6/31,r1bqk2r/pppp1ppp/2n2n2/2b5/2BPP3/5N2/PP3PPP/RNBQK2R b KQkq - 0 6
main,anti-italian-center-attack-black,opening,11,6,True,30,35,1600,2024-01,2026-07,blitz+rapid+classical,387239,201284,16302,169653,12,8,Bb4+:331713:168872/14494/148347;Bb6:45020:25446/1488/18086;Be7:3770:2196/124/1450;Nxd4:2646:1798/75/773;d5:870:504/40/326;Bxd4:817:684/14/119;Nxe4:714:498/14/202;Nb4:578:458/20/100;O-O:306:233/10/63;Na5:245:166/7/72;d6:197:151/6/40;Bd6:167:127/5/35,r1bqk2r/pppp1ppp/2n2n2/2b5/2BPP3/5N2/PP3PPP/RNBQK2R b KQkq - 0 6
main,anti-italian-center-attack-black,opening,11,6,True,30,35,1800,2024-01,2026-07,blitz+rapid+classical,274168,138350,13407,122411,10,5,Bb4+:250626:124627/12640/113359;Bb6:19584:11167/651/7766;Be7:1643:969/53/621;d5:607:331/24/252;Nxd4:546:398/11/137;Nxe4:302:213/3/86;Nb4:267:206/6/55;Bxd4:185:142/7/36;O-O:121:77/5/39;d6:120:98/1/21;Na5:53:34/2/17;Bd6:39:32/0/7,r1bqk2r/pppp1ppp/2n2n2/2b5/2BPP3/5N2/PP3PPP/RNBQK2R b KQkq - 0 6
main,anti-italian-center-attack-black,opening,12,7,True,30,7,1400,2024-01,2026-07,blitz+rapid+classical,304755,155617,12369,136769,6,4,Nc3:173606:91370/6172/76064;Bd2:123531:60755/5934/56842;Nbd2:6389:3000/233/3156;Kf1:787:378/25/384;Nfd2:275:95/2/178;Qd2:115:5/1/109;Ke2:52:14/2/36,r1bqk2r/pppp1ppp/2n2n2/8/1bBPP3/5N2/PP3PPP/RNBQK2R w KQkq - 1 7
main,anti-italian-center-attack-black,opening,12,7,True,30,7,1600,2024-01,2026-07,blitz+rapid+classical,332083,169110,14503,148470,6,4,Nc3:196759:102689/7609/86461;Bd2:127374:62653/6581/58140;Nbd2:6170:2956/268/2946;Kf1:1485:747/37/701;Nfd2:166:51/5/110;Qd2:111:7/3/101;Ke2:18:7/0/11,r1bqk2r/pppp1ppp/2n2n2/8/1bBPP3/5N2/PP3PPP/RNBQK2R w KQkq - 1 7
main,anti-italian-center-attack-black,opening,12,7,True,30,7,1800,2024-01,2026-07,blitz+rapid+classical,250765,124717,12647,113401,4,4,Nc3:150394:76037/6914/67443;Bd2:93511:45319/5429/42763;Nbd2:4593:2271/229/2093;Kf1:2116:1059/72/985;Nfd2:75:25/2/48;Qd2:71:3/1/67;Ke2:5:3/0/2,r1bqk2r/pppp1ppp/2n2n2/8/1bBPP3/5N2/PP3PPP/RNBQK2R w KQkq - 1 7
main,anti-italian-center-attack-black,opening,13,8,True,30,35,1400,2024-01,2026-07,blitz+rapid+classical,123527,60736,5929,56862,10,8,Bxd2+:75795:37531/3887/34377;Nxe4:33424:15941/1481/16002;O-O:7136:3477/273/3386;Qe7:2318:1190/94/1034;d6:1801:997/78/726;d5:1687:793/78/816;a5:468:251/12/205;Be7:404:229/10/165;Ba5:153:89/8/56;h6:112:61/2/49;Bd6:76:69/2/5;a6:35:20/1/14,r1bqk2r/pppp1ppp/2n2n2/8/1bBPP3/5N2/PP1B1PPP/RN1QK2R b KQkq - 2 7
main,anti-italian-center-attack-black,opening,13,8,True,30,35,1600,2024-01,2026-07,blitz+rapid+classical,127368,62636,6587,58145,8,6,Bxd2+:75178:36641/4137/34400;Nxe4:37975:18804/1810/17361;O-O:7270:3538/335/3397;Qe7:2273:1208/97/968;d5:2170:1030/103/1037;d6:1709:956/76/677;Be7:292:175/9/108;a5:233:115/7/111;h6:81:47/6/28;Ba5:70:43/3/24;a6:23:15/2/6;Bd6:21:17/0/4,r1bqk2r/pppp1ppp/2n2n2/8/1bBPP3/5N2/PP1B1PPP/RN1QK2R b KQkq - 2 7
main,anti-italian-center-attack-black,opening,13,8,True,30,35,1800,2024-01,2026-07,blitz+rapid+classical,93517,45319,5431,42767,6,6,Bxd2+:54207:25615/3317/25275;Nxe4:29991:15100/1666/13225;O-O:4419:2097/228/2094;d5:2279:1068/101/1110;Qe7:1540:805/75/660;d6:802:454/34/314;Be7:92:56/3/33;a5:89:52/5/32;h6:22:15/1/6;Ba5:19:9/0/10;Nxd4:14:12/0/2;Bc3:13:13/0/0,r1bqk2r/pppp1ppp/2n2n2/8/1bBPP3/5N2/PP1B1PPP/RN1QK2R b KQkq - 2 7
main,anti-italian-center-attack-black,opening,14,9,True,29,6,1400,2024-01,2026-07,blitz+rapid+classical,75788,37530,3887,34371,3,3,Nbxd2:65105:33011/3432/28662;Qxd2:9574:4039/425/5110;Nfxd2:1087:476/30/581;Kxd2:21:4/0/17;Ke2:1:0/0/1,r1bqk2r/pppp1ppp/2n2n2/8/2BPP3/5N2/PP1b1PPP/RN1QK2R w KQkq - 0 8
main,anti-italian-center-attack-black,opening,14,9,True,29,6,1600,2024-01,2026-07,blitz+rapid+classical,75167,36640,4137,34390,3,3,Nbxd2:68976:34001/3866/31109;Qxd2:5484:2333/240/2911;Nfxd2:696:303/30/363;Kxd2:11:3/1/7,r1bqk2r/pppp1ppp/2n2n2/8/2BPP3/5N2/PP1b1PPP/RN1QK2R w KQkq - 0 8
main,anti-italian-center-attack-black,opening,14,9,True,29,6,1800,2024-01,2026-07,blitz+rapid+classical,54202,25615,3317,25270,3,2,Nbxd2:52093:24789/3205/24099;Qxd2:1871:745/102/1024;Nfxd2:232:81/10/141;Kxd2:3:0/0/3;Ke2:2:0/0/2;Kf1:1:0/0/1,r1bqk2r/pppp1ppp/2n2n2/8/2BPP3/5N2/PP1b1PPP/RN1QK2R w KQkq - 0 8
main,anti-italian-center-attack-black,opening,15,10,True,28,28,1400,2024-01,2026-07,blitz+rapid+classical,65638,33299,3448,28891,9,7,O-O:31674:16475/1587/13612;d6:14577:7432/784/6361;d5:14312:6394/852/7066;Qe7:2235:1384/95/756;Nxe4:1310:676/67/567;Na5:491:272/23/196;h6:430:247/21/162;Nxd4:201:146/5/50;a6:129:81/3/45;Nb4:80:54/7/19;Ng4:74:49/0/25;Ne7:44:31/1/12,r1bqk2r/pppp1ppp/2n2n2/8/2BPP3/5N2/PP1N1PPP/R2QK2R b KQkq - 0 8
main,anti-italian-center-attack-black,opening,15,10,True,28,28,1600,2024-01,2026-07,blitz+rapid+classical,69405,34222,3885,31298,8,5,O-O:29572:15084/1540/12948;d5:18750:8011/1183/9556;d6:17150:8919/966/7265;Nxe4:1508:722/83/703;Qe7:1403:860/74/469;h6:369:206/17/146;Na5:325:180/17/128;Nxd4:108:91/0/17;a6:78:52/0/26;Kf8:34:19/3/12;Ne7:27:18/1/8;Ng4:21:15/1/5,r1bqk2r/pppp1ppp/2n2n2/8/2BPP3/5N2/PP1N1PPP/R2QK2R b KQkq - 0 8
main,anti-italian-center-attack-black,opening,15,10,True,28,28,1800,2024-01,2026-07,blitz+rapid+classical,52279,24890,3219,24170,6,5,d5:22224:9372/1534/11318;O-O:15964:8207/863/6894;d6:11724:6147/714/4863;Nxe4:1485:644/76/765;Qe7:518:302/14/202;h6:199:96/13/90;Na5:77:53/4/20;Nxd4:33:28/1/4;Kf8:22:15/0/7;a6:13:10/0/3;Nd5:5:4/0/1;Nb4:4:2/0/2,r1bqk2r/pppp1ppp/2n2n2/8/2BPP3/5N2/PP1N1PPP/R2QK2R b KQkq - 0 8
main,anti-italian-center-attack-black,opening,16,11,True,28,37,1400,2024-01,2026-07,blitz+rapid+classical,14328,6404,852,7072,6,3,exd5:12478:5692/754/6032;e5:654:278/40/336;Bb5:522:201/21/300;Bd3:220:94/11/115;Bxd5:212:61/11/140;Bb3:179:62/8/109;O-O:47:10/6/31;Be2:4:2/0/2;Qe2:3:1/0/2;Qb3:3:2/1/0;h3:3:1/0/2;Ke2:1:0/0/1,r1bqk2r/ppp2ppp/2n2n2/3p4/2BPP3/5N2/PP1N1PPP/R2QK2R w KQkq - 0 9
main,anti-italian-center-attack-black,opening,16,11,True,28,37,1600,2024-01,2026-07,blitz+rapid+classical,18758,8018,1185,9555,6,3,exd5:16637:7287/1042/8308;e5:904:321/67/516;Bb5:601:218/26/357;Bd3:269:98/30/141;Bxd5:177:47/13/117;Bb3:115:35/6/74;O-O:46:12/1/33;Be2:3:0/0/3;h3:3:0/0/3;Kf1:2:0/0/2;Qb3:1:0/0/1,r1bqk2r/ppp2ppp/2n2n2/3p4/2BPP3/5N2/PP1N1PPP/R2QK2R w KQkq - 0 9
main,anti-italian-center-attack-black,opening,16,11,True,28,37,1800,2024-01,2026-07,blitz+rapid+classical,22231,9382,1535,11314,5,3,exd5:20034:8553/1364/10117;e5:996:385/75/536;Bb5:597:227/37/333;Bd3:339:148/40/151;Bxd5:132:32/13/87;Bb3:93:32/3/58;O-O:34:3/3/28;Kf1:2:0/0/2;Be2:2:1/0/1;Qb3:2:1/0/1,r1bqk2r/ppp2ppp/2n2n2/3p4/2BPP3/5N2/PP1N1PPP/R2QK2R w KQkq - 0 9
main,anti-italian-center-attack-black,opening,17,12,True,27,36,1400,2024-01,2026-07,blitz+rapid+classical,12615,5768,761,6086,1,1,Nxd5:12352:5605/747/6000;Qe7+:73:43/3/27;Na5:68:42/6/20;Ne7:51:28/3/20;Nb4:39:25/1/13;Qxd5:9:9/0/0;Nxd4:7:5/0/2;O-O:6:4/0/2;Bg4:3:1/1/1;Nb8:3:2/0/1;Ne4:2:2/0/0;Bf5:2:2/0/0,r1bqk2r/ppp2ppp/2n2n2/3P4/2BP4/5N2/PP1N1PPP/R2QK2R b KQkq - 0 9
main,anti-italian-center-attack-black,opening,17,12,True,27,36,1600,2024-01,2026-07,blitz+rapid+classical,16812,7370,1051,8391,2,1,Nxd5:16549:7222/1040/8287;Na5:101:67/2/32;Qe7+:74:31/4/39;Ne7:51:22/2/27;Nb4:17:12/2/3;Qxd5:10:10/0/0;Nxd4:4:3/1/0;O-O:3:1/0/2;Ne4:1:0/0/1;Ng4:1:1/0/0;Nb8:1:1/0/0,r1bqk2r/ppp2ppp/2n2n2/3P4/2BP4/5N2/PP1N1PPP/R2QK2R b KQkq - 0 9
main,anti-italian-center-attack-black,opening,17,12,True,27,36,1800,2024-01,2026-07,blitz+rapid+classical,20219,8635,1375,10209,1,1,Nxd5:20047:8544/1364/10139;Ne7:59:20/4/35;Na5:50:31/4/15;Qe7+:41:22/3/16;Nb4:8:7/0/1;Qxd5:7:6/0/1;O-O:2:1/0/1;Ne4:2:2/0/0;Ne5:1:0/0/1;Nxd4:1:1/0/0;g6:1:1/0/0,r1bqk2r/ppp2ppp/2n2n2/3P4/2BP4/5N2/PP1N1PPP/R2QK2R b KQkq - 0 9
main,anti-italian-center-attack-black,opening,18,13,True,26,36,1400,2024-01,2026-07,blitz+rapid+classical,12717,5761,766,6190,6,4,O-O:6877:3162/410/3305;Qb3:2786:1425/174/1187;Qe2+:1771:736/91/944;Bxd5:664:196/56/412;Ne5:143:50/3/90;Nb3:104:52/3/49;Ne4:85:34/4/47;h3:83:33/8/42;Bb5:82:34/9/39;Rc1:36:16/1/19;a3:12:3/0/9;Bb3:11:2/0/9,r1bqk2r/ppp2ppp/2n5/3n4/2BP4/5N2/PP1N1PPP/R2QK2R w KQkq - 0 10
main,anti-italian-center-attack-black,opening,18,13,True,26,36,1600,2024-01,2026-07,blitz+rapid+classical,17379,7589,1093,8697,6,4,O-O:10434:4533/656/5245;Qb3:3556:1802/213/1541;Qe2+:2079:810/119/1150;Bxd5:670:186/68/416;h3:163:78/8/77;Ne5:128:50/6/72;Nb3:92:40/7/45;Bb5:82:29/9/44;Ne4:57:17/2/38;Rc1:30:17/1/12;a3:15:7/1/7;Bb3:15:5/1/9,r1bqk2r/ppp2ppp/2n5/3n4/2BP4/5N2/PP1N1PPP/R2QK2R w KQkq - 0 10
main,anti-italian-center-attack-black,opening,18,13,True,26,36,1800,2024-01,2026-07,blitz+rapid+classical,21136,9038,1419,10679,6,4,O-O:13776:5806/885/7085;Qb3:4008:1969/300/1739;Qe2+:1965:784/119/1062;Bxd5:571:155/58/358;h3:322:120/20/182;Nb3:136:55/11/70;Bb5:87:38/10/39;Ne5:87:43/4/40;Ne4:38:19/4/15;Bb3:34:14/1/19;Rc1:27:6/2/19;Kf1:19:4/1/14,r1bqk2r/ppp2ppp/2n5/3n4/2BP4/5N2/PP1N1PPP/R2QK2R w KQkq - 0 10
main,anti-italian-center-attack-black,opening,6,1,False,32,33,1400,2024-01,2026-07,blitz+rapid+classical,6061531,3108057,210386,2743088,12,12,d3:1968473:1010111/75034/883328;Ng5:1794827:939922/52841/802064;Nc3:1069291:522999/43689/502603;O-O:505244:261348/15900/227996;d4:403725:218260/12544/172921;c3:213670:107296/6922/99452;Bxf7+:36711:17189/1088/18434;Qe2:20943:10357/730/9856;a3:12232:5758/409/6065;h3:10645:5151/423/5071;Nxe5:8093:2141/175/5777;b3:3350:1415/107/1828,r1bqkb1r/pppp1ppp/2n2n2/4p3/2B1P3/5N2/PPPP1PPP/RNBQK2R w KQkq - 4 4
main,anti-italian-center-attack-black,opening,6,1,False,32,33,1600,2024-01,2026-07,blitz+rapid+classical,5222014,2639234,198399,2384381,12,12,d3:1756871:888959/73540/794372;Ng5:1415456:720402/46160/648894;Nc3:813565:390771/35750/387044;O-O:578524:298745/20227/259552;d4:403905:216849/14006/173050;c3:178667:88856/6144/83667;Qe2:22430:11541/797/10092;Bxf7+:21850:10120/661/11069;a3:8709:4055/321/4333;h3:6738:3232/265/3241;Nxe5:4489:1215/119/3155;b4:2192:897/85/1210,r1bqkb1r/pppp1ppp/2n2n2/4p3/2B1P3/5N2/PPPP1PPP/RNBQK2R w KQkq - 4 4
main,anti-italian-center-attack-black,opening,6,1,False,32,33,1800,2024-01,2026-07,blitz+rapid+classical,3627178,1785930,156962,1684286,12,12,d3:1292933:642868/61018/589047;Ng5:931859:459266/35174/437419;O-O:484229:241374/19570/223285;Nc3:457930:210836/22333/224761;d4:318389:164491/13375/140523;c3:98359:46375/3892/48092;Qe2:21738:11281/823/9634;Bxf7+:8339:3956/264/4119;h3:3249:1463/159/1627;a3:3190:1440/132/1618;Nxe5:1966:541/42/1383;b4:1160:468/31/661,r1bqkb1r/pppp1ppp/2n2n2/4p3/2B1P3/5N2/PPPP1PPP/RNBQK2R w KQkq - 4 4
main,anti-kid-classical-white,opening,8,0,True,32,40,1400,2024-01,2026-07,blitz+rapid+classical,459794,226943,16764,216087,12,12,Nf3:182579:88695/7269/86615;f4:55892:29031/1816/25045;h3:36440:18530/1213/16697;Bg5:36195:17571/1361/17263;Bd3:34062:16616/1140/16306;f3:29011:15253/883/12875;Be3:25963:12755/862/12346;Be2:22124:11699/683/9742;e5:9729:3871/525/5333;Bf4:8147:3657/325/4165;d5:7572:3397/276/3899;Nge2:3456:1830/93/1533,rnbqk2r/ppp1ppbp/3p1np1/8/2PPP3/2N5/PP3PPP/R1BQKBNR w KQkq - 0 5
main,anti-kid-classical-white,opening,8,0,True,32,40,1600,2024-01,2026-07,blitz+rapid+classical,902902,447406,36301,419195,12,12,Nf3:298144:144337/13104/140703;f4:145371:74951/5391/65029;Bd3:87491:43069/3175/41247;h3:83683:41730/3344/38609;f3:82808:43162/3118/36528;Be2:59781:31122/2130/26529;Bg5:51485:24885/2159/24441;Be3:44726:21395/1773/21558;e5:10453:4268/496/5689;Bf4:9350:4186/430/4734;Nge2:8750:4592/335/3823;d5:6696:2911/288/3497,rnbqk2r/ppp1ppbp/3p1np1/8/2PPP3/2N5/PP3PPP/R1BQKBNR w KQkq - 0 5
main,anti-kid-classical-white,opening,8,0,True,32,40,1800,2024-01,2026-07,blitz+rapid+classical,1426737,705184,65977,655576,12,12,Nf3:368175:176623/18889/172663;f4:272228:136552/12233/123443;f3:205571:106487/8941/90143;Bd3:160701:78015/6898/75788;h3:128710:63555/6094/59061;Be2:128234:66412/5525/56297;Be3:57415:27113/2543/27759;Bg5:50951:24772/2273/23906;Nge2:15867:8245/657/6965;g3:10454:5150/564/4740;e5:8324:3337/488/4499;Bf4:6385:2725/328/3332,rnbqk2r/ppp1ppbp/3p1np1/8/2PPP3/2N5/PP3PPP/R1BQKBNR w KQkq - 0 5
main,anti-kid-classical-white,opening,9,1,True,32,34,1400,2024-01,2026-07,blitz+rapid+classical,326288,157873,12892,155523,12,12,O-O:222357:106286/8723/107348;Bg4:42224:21066/1807/19351;Nbd7:23751:11349/894/11508;c6:8578:4222/335/4021;Nc6:8231:4075/295/3861;b6:5185:2489/197/2499;c5:4636:2337/202/2097;e5:3645:2049/144/1452;a6:2131:1040/70/1021;e6:1797:995/74/728;Nfd7:1192:597/38/557;Bd7:702:354/28/320,rnbqk2r/ppp1ppbp/3p1np1/8/2PPP3/2N2N2/PP3PPP/R1BQKB1R b KQkq - 1 5
main,anti-kid-classical-white,opening,9,1,True,32,34,1600,2024-01,2026-07,blitz+rapid+classical,533345,256528,23434,253383,12,12,O-O:381433:180851/16825/183757;Bg4:54572:27737/2565/24270;Nbd7:40138:19433/1669/19036;c6:14505:6987/598/6920;Nc6:14325:6915/588/6822;b6:7299:3646/308/3345;c5:6175:3093/281/2801;e5:4021:2222/167/1632;a6:3236:1600/137/1499;e6:2009:1084/86/839;Nfd7:1746:868/67/811;Bd7:858:464/36/358,rnbqk2r/ppp1ppbp/3p1np1/8/2PPP3/2N2N2/PP3PPP/R1BQKB1R b KQkq - 1 5
main,anti-kid-classical-white,opening,9,1,True,32,34,1800,2024-01,2026-07,blitz+rapid+classical,679935,326083,34345,319507,12,12,O-O:524552:248656/26348/249548;Nbd7:44679:22121/2263/20295;Bg4:44228:22535/2443/19250;Nc6:21121:10117/1047/9957;c6:16816:8119/835/7862;c5:7650:3741/429/3480;b6:5470:2708/259/2503;a6:3816:1934/170/1712;e5:3500:1932/173/1395;h6:1701:778/98/825;e6:1495:863/72/560;Nfd7:1328:684/52/592,rnbqk2r/ppp1ppbp/3p1np1/8/2PPP3/2N2N2/PP3PPP/R1BQKB1R b KQkq - 1 5
main,anti-kid-classical-white,opening,10,2,True,32,38,1400,2024-01,2026-07,blitz+rapid+classical,314211,151166,12214,150831,12,12,Be2:89597:44771/3577/41249;Bd3:86297:40673/3206/42418;Bg5:39791:19285/1515/18991;Be3:30406:14535/1152/14719;h3:26659:13609/955/12095;e5:12102:4825/623/6654;Bf4:9707:4461/416/4830;d5:5359:2429/223/2707;g3:4073:1914/181/1978;h4:2948:1394/109/1445;Qc2:2328:1124/57/1147;b3:1249:526/50/673,rnbq1rk1/ppp1ppbp/3p1np1/8/2PPP3/2N2N2/PP3PPP/R1BQKB1R w KQ - 2 6
main,anti-kid-classical-white,opening,10,2,True,32,38,1600,2024-01,2026-07,blitz+rapid+classical,518369,246682,22831,248856,12,12,Be2:175641:87181/7918/80542;Bd3:142499:65860/6061/70578;h3:57672:28466/2388/26818;Bg5:51523:24373/2258/24892;Be3:43995:20401/1979/21615;Bf4:11640:5302/544/5794;e5:11574:4506/656/6412;g3:7112:3335/322/3455;d5:4837:2029/241/2567;h4:4082:1852/157/2073;Qc2:3173:1440/109/1624;b3:1181:498/60/623,rnbq1rk1/ppp1ppbp/3p1np1/8/2PPP3/2N2N2/PP3PPP/R1BQKB1R w KQ - 2 6
main,anti-kid-classical-white,opening,10,2,True,32,38,1800,2024-01,2026-07,blitz+rapid+classical,694683,330069,34866,329748,12,12,Be2:310981:154535/16045/140401;Bd3:161700:72519/7760/81421;h3:92313:44723/4628/42962;Bg5:48504:22439/2341/23724;Be3:42065:18935/2112/21018;Bf4:8869:3978/470/4421;g3:8571:3951/472/4148;e5:8565:3336/477/4752;h4:4023:1784/168/2071;d5:3523:1487/169/1867;Qc2:2805:1283/110/1412;b3:588:216/33/339,rnbq1rk1/ppp1ppbp/3p1np1/8/2PPP3/2N2N2/PP3PPP/R1BQKB1R w KQ - 2 6
main,anti-kid-classical-white,opening,11,3,True,32,32,1400,2024-01,2026-07,blitz+rapid+classical,95372,47736,3785,43851,12,12,Nbd7:22302:10930/811/10561;Bg4:14601:7563/687/6351;e5:11669:5624/450/5595;Nc6:11366:5706/419/5241;c5:9789:4818/385/4586;Re8:7947:4076/343/3528;b6:5294:2597/196/2501;c6:4651:2383/182/2086;a6:2337:1174/82/1081;Nfd7:941:484/39/418;Na6:829:392/43/394;e6:802:460/35/307,rnbq1rk1/ppp1ppbp/3p1np1/8/2PPP3/2N2N2/PP2BPPP/R1BQK2R b KQ - 3 6
main,anti-kid-classical-white,opening,11,3,True,32,32,1600,2024-01,2026-07,blitz+rapid+classical,190387,94749,8531,87107,12,12,Nbd7:46858:23184/2077/21597;e5:30616:14300/1422/14894;Nc6:27849:13656/1173/13020;Bg4:23144:12088/1190/9866;c5:18993:9569/825/8599;Re8:10619:5627/464/4528;c6:10216:5022/458/4736;b6:7524:3738/307/3479;a6:4006:2084/190/1732;Na6:2420:1134/107/1179;Nfd7:1824:964/69/791;a5:1341:656/57/628,rnbq1rk1/ppp1ppbp/3p1np1/8/2PPP3/2N2N2/PP2BPPP/R1BQK2R b KQ - 3 6
main,anti-kid-classical-white,opening,11,3,True,32,32,1800,2024-01,2026-07,blitz+rapid+classical,343899,171500,17625,154774,12,12,e5:81158:38735/4267/38156;Nbd7:77968:39152/3960/34856;Nc6:59748:29449/2867/27432;c5:33657:16968/1908/14781;Bg4:31142:16263/1654/13225;c6:17007:8737/836/7434;Re8:11008:5949/528/4531;Na6:7961:3613/417/3931;b6:7949:4091/396/3462;a6:5431:2806/272/2353;Nfd7:2714:1439/144/1131;a5:2464:1226/126/1112,rnbq1rk1/ppp1ppbp/3p1np1/8/2PPP3/2N2N2/PP2BPPP/R1BQK2R b KQ - 3 6
main,anti-kid-classical-white,opening,12,4,True,32,38,1400,2024-01,2026-07,blitz+rapid+classical,11756,5675,452,5629,5,4,d5:6232:2875/212/3145;dxe5:2620:1283/121/1216;O-O:2023:1066/86/871;Be3:434:223/15/196;Bg5:319:160/11/148;h3:87:46/5/36;h4:14:7/1/6;Qc2:7:4/1/2;c5:6:4/0/2;Kf1:4:0/0/4;b3:3:2/0/1;Nd5:3:2/0/1,rnbq1rk1/ppp2pbp/3p1np1/4p3/2PPP3/2N2N2/PP2BPPP/R1BQK2R w KQ - 0 7
main,anti-kid-classical-white,opening,12,4,True,32,38,1600,2024-01,2026-07,blitz+rapid+classical,30778,14402,1426,14950,6,5,d5:14962:6603/602/7757;O-O:6739:3455/282/3002;dxe5:6410:3027/428/2955;Be3:1769:890/70/809;Bg5:551:255/31/265;h3:280:140/11/129;h4:29:13/2/14;Kf1:8:6/0/2;Qc2:8:4/0/4;Nd5:5:3/0/2;Qb3:4:2/0/2;Bd2:3:0/0/3,rnbq1rk1/ppp2pbp/3p1np1/4p3/2PPP3/2N2N2/PP2BPPP/R1BQK2R w KQ - 0 7
main,anti-kid-classical-white,opening,12,4,True,32,38,1800,2024-01,2026-07,blitz+rapid+classical,81484,38928,4284,38272,6,6,d5:29197:12879/1363/14955;O-O:28063:14223/1303/12537;dxe5:15490:7464/1207/6819;Be3:6531:3327/295/2909;Bg5:1092:537/64/491;h3:971:450/46/475;h4:47:17/1/29;Kf1:32:12/3/17;Qc2:26:9/0/17;b4:4:1/0/3;c5:4:0/0/4;b3:3:1/0/2,rnbq1rk1/ppp2pbp/3p1np1/4p3/2PPP3/2N2N2/PP2BPPP/R1BQK2R w KQ - 0 7
main,anti-kid-classical-white,opening,13,5,True,32,32,1400,2024-01,2026-07,blitz+rapid+classical,2113,1110,90,913,4,2,Nc6:873:444/35/394;exd4:666:365/24/277;Nbd7:183:96/8/79;Bg4:130:69/7/54;Re8:76:44/3/29;a5:47:19/5/23;Na6:25:13/4/8;c6:21:12/1/8;Nh5:17:10/0/7;c5:16:10/0/6;Ne8:14:9/0/5;Nfd7:12:4/1/7,rnbq1rk1/ppp2pbp/3p1np1/4p3/2PPP3/2N2N2/PP2BPPP/R1BQ1RK1 b - - 1 7
main,anti-kid-classical-white,opening,13,5,True,32,32,1600,2024-01,2026-07,blitz+rapid+classical,6881,3520,285,3076,6,3,Nc6:3319:1632/129/1558;exd4:2001:1048/73/880;Nbd7:545:294/17/234;Bg4:266:144/19/103;Re8:161:90/7/64;a5:160:87/13/60;Na6:95:49/5/41;c6:68:29/5/34;Ne8:50:28/4/18;Nh5:43:23/3/17;h6:37:17/1/19;Nfd7:33:18/1/14,rnbq1rk1/ppp2pbp/3p1np1/4p3/2PPP3/2N2N2/PP2BPPP/R1BQ1RK1 b - - 1 7
main,anti-kid-classical-white,opening,13,5,True,32,32,1800,2024-01,2026-07,blitz+rapid+classical,28277,14347,1311,12619,8,7,Nc6:18143:9209/746/8188;exd4:5599:2863/319/2417;Nbd7:1601:807/85/709;Bg4:675:348/51/276;a5:542:259/29/254;Re8:420:220/26/174;Na6:405:181/13/211;c6:260:124/12/124;Ne8:99:61/2/36;Bd7:92:45/6/41;h6:82:36/4/42;Nh5:80:43/4/33,rnbq1rk1/ppp2pbp/3p1np1/4p3/2PPP3/2N2N2/PP2BPPP/R1BQ1RK1 b - - 1 7
main,anti-kid-classical-white,opening,14,6,True,32,35,1400,2024-01,2026-07,blitz+rapid+classical,4541,2202,175,2164,4,2,d5:3577:1741/129/1707;dxe5:582:287/31/264;Bg5:195:95/8/92;Be3:115:46/5/64;h3:35:16/0/19;a3:21:11/1/9;Re1:7:3/1/3;Nd5:3:2/0/1;b3:2:0/0/2;a4:1:0/0/1;b4:1:0/0/1;c5:1:1/0/0,r1bq1rk1/ppp2pbp/2np1np1/4p3/2PPP3/2N2N2/PP2BPPP/R1BQ1RK1 w - - 2 8
main,anti-kid-classical-white,opening,14,6,True,32,35,1600,2024-01,2026-07,blitz+rapid+classical,14641,7096,596,6949,5,4,d5:11653:5578/414/5661;dxe5:1678:891/119/668;Be3:575:294/30/251;Bg5:406:197/17/192;h3:190:88/11/91;a3:63:21/2/40;Re1:32:14/1/17;b3:10:1/2/7;a4:6:4/0/2;Rb1:6:2/0/4;Nd5:6:1/0/5;Qc2:4:1/0/3,r1bq1rk1/ppp2pbp/2np1np1/4p3/2PPP3/2N2N2/PP2BPPP/R1BQ1RK1 w - - 2 8
main,anti-kid-classical-white,opening,14,6,True,32,35,1800,2024-01,2026-07,blitz+rapid+classical,46054,22664,2141,21249,7,5,d5:37400:18453/1493/17454;dxe5:4365:2164/418/1783;Be3:2339:1178/123/1038;h3:817:363/50/404;Bg5:781:352/38/391;Re1:145:71/7/67;a3:121:50/7/64;b3:27:13/4/10;Rb1:16:5/0/11;Nd5:10:2/1/7;Qc2:6:2/0/4;a4:5:3/0/2,r1bq1rk1/ppp2pbp/2np1np1/4p3/2PPP3/2N2N2/PP2BPPP/R1BQ1RK1 w - - 2 8
main,anti-kid-classical-white,opening,15,7,True,32,31,1400,2024-01,2026-07,blitz+rapid+classical,3577,1741,129,1707,4,1,Ne7:3059:1474/107/1478;Nd4:256:138/6/112;Nb8:128:63/6/59;Nb4:100:45/8/47;Na5:27:16/2/9;Nd7:2:1/0/1;Ne8:1:0/0/1;Qe7:1:1/0/0;a6:1:1/0/0;Re8:1:1/0/0;Bg4:1:1/0/0,r1bq1rk1/ppp2pbp/2np1np1/3Pp3/2P1P3/2N2N2/PP2BPPP/R1BQ1RK1 b - - 0 8
main,anti-kid-classical-white,opening,15,7,True,32,31,1600,2024-01,2026-07,blitz+rapid+classical,11655,5579,415,5661,4,2,Ne7:10729:5118/369/5242;Nd4:422:210/24/188;Nb8:328:159/12/157;Nb4:161:81/10/70;Na5:13:11/0/2;Bg4:1:0/0/1;Nd7:1:0/0/1,r1bq1rk1/ppp2pbp/2np1np1/3Pp3/2P1P3/2N2N2/PP2BPPP/R1BQ1RK1 b - - 0 8
main,anti-kid-classical-white,opening,15,7,True,32,31,1800,2024-01,2026-07,blitz+rapid+classical,37401,18450,1491,17460,4,3,Ne7:35664:17582/1401/16681;Nd4:749:372/43/334;Nb8:722:349/35/338;Nb4:231:117/12/102;Na5:24:22/0/2;Bg4:4:2/0/2;Ne8:2:2/0/0;a6:1:0/0/1;Ng4:1:1/0/0;Nxe4:1:1/0/0;Nh5:1:1/0/0;Nd7:1:1/0/0,r1bq1rk1/ppp2pbp/2np1np1/3Pp3/2P1P3/2N2N2/PP2BPPP/R1BQ1RK1 b - - 0 8
main,anti-kid-classical-white,opening,16,8,True,32,34,1400,2024-01,2026-07,blitz+rapid+classical,3542,1709,125,1708,5,4,Bg5:900:412/37/451;b4:681:324/16/341;h3:537:258/23/256;Be3:440:212/22/206;Ne1:286:162/5/119;Re1:90:46/4/40;Nd2:89:42/2/45;a3:85:46/4/35;b3:81:32/2/47;a4:71:36/1/34;Qc2:65:36/1/28;Bd2:57:31/3/23,r1bq1rk1/ppp1npbp/3p1np1/3Pp3/2P1P3/2N2N2/PP2BPPP/R1BQ1RK1 w - - 1 9
main,anti-kid-classical-white,opening,16,8,True,32,34,1600,2024-01,2026-07,blitz+rapid+classical,11367,5431,404,5532,12,6,b4:2471:1211/75/1185;Bg5:2151:938/71/1142;Ne1:1984:1068/75/841;h3:1825:826/72/927;Be3:1162:560/42/560;Nd2:448:228/17/203;Qc2:250:115/13/122;a3:220:108/8/104;Re1:196:92/2/102;b3:140:53/8/79;Bd2:113:48/6/59;Rb1:110:53/4/53,r1bq1rk1/ppp1npbp/3p1np1/3Pp3/2P1P3/2N2N2/PP2BPPP/R1BQ1RK1 w - - 1 9
main,anti-kid-classical-white,opening,16,8,True,32,34,1800,2024-01,2026-07,blitz+rapid+classical,36540,18022,1432,17086,12,7,Ne1:11597:6237/430/4930;b4:9759:4979/364/4416;Bg5:4401:1925/186/2290;h3:4270:1915/189/2166;Be3:2470:1104/107/1259;Nd2:1541:732/64/745;Qc2:394:173/21/200;Re1:375:167/15/193;a3:368:154/12/202;Bd2:343:166/10/167;a4:259:130/8/121;Rb1:223:104/4/115,r1bq1rk1/ppp1npbp/3p1np1/3Pp3/2P1P3/2N2N2/PP2BPPP/R1BQ1RK1 w - - 1 9
main,anti-kid-classical-white,opening,17,9,True,32,30,1400,2024-01,2026-07,blitz+rapid+classical,286,162,5,119,1,0,Nd7:111:62/3/46;Ne8:99:55/1/43;c6:32:16/0/16;h6:9:7/0/2;Bd7:7:6/0/1;b6:6:3/1/2;a6:6:4/0/2;Nh5:5:3/0/2;a5:5:2/0/3;c5:2:1/0/1;Kh8:2:1/0/1;Re8:1:1/0/0,r1bq1rk1/ppp1npbp/3p1np1/3Pp3/2P1P3/2N5/PP2BPPP/R1BQNRK1 b - - 2 9
main,anti-kid-classical-white,opening,17,9,True,32,30,1600,2024-01,2026-07,blitz+rapid+classical,1983,1067,75,841,3,2,Ne8:830:427/31/372;Nd7:658:345/24/289;c6:152:96/4/52;h6:90:44/5/41;a5:60:38/2/20;a6:49:27/4/18;Bd7:34:23/1/10;b6:27:12/1/14;Nh5:24:15/1/8;h5:22:13/1/8;Kh8:18:12/0/6;c5:13:11/1/1,r1bq1rk1/ppp1npbp/3p1np1/3Pp3/2P1P3/2N5/PP2BPPP/R1BQNRK1 b - - 2 9
main,anti-kid-classical-white,opening,17,9,True,32,30,1800,2024-01,2026-07,blitz+rapid+classical,11595,6235,430,4930,7,5,Ne8:5231:2720/196/2315;Nd7:4356:2374/162/1820;h6:522:282/17/223;a5:398:246/11/141;c6:385:234/12/139;a6:164:96/9/59;c5:138:63/7/68;h5:95:51/6/38;Nh5:81:45/3/33;Kh8:73:36/1/36;Bd7:70:41/2/27;b6:61:31/4/26,r1bq1rk1/ppp1npbp/3p1np1/3Pp3/2P1P3/2N5/PP2BPPP/R1BQNRK1 b - - 2 9
main,anti-kid-classical-white,opening,18,10,True,32,34,1400,2024-01,2026-07,blitz+rapid+classical,115,63,3,49,0,0,Be3:48:28/1/19;Nd3:29:16/1/12;f3:25:13/0/12;f4:6:3/0/3;b4:4:2/1/1;Kh1:1:0/0/1;a4:1:0/0/1;h4:1:1/0/0,r1bq1rk1/pppnnpbp/3p2p1/3Pp3/2P1P3/2N5/PP2BPPP/R1BQNRK1 w - - 3 10
main,anti-kid-classical-white,opening,18,10,True,32,34,1600,2024-01,2026-07,blitz+rapid+classical,671,351,25,295,3,0,Be3:297:162/13/122;Nd3:153:76/5/72;f3:148:72/6/70;f4:32:19/0/13;b4:27:16/1/10;Bg5:6:2/0/4;g4:2:1/0/1;Qc2:1:0/0/1;Nc2:1:1/0/0;Bd2:1:0/0/1;Bg4:1:1/0/0;Rb1:1:1/0/0,r1bq1rk1/pppnnpbp/3p2p1/3Pp3/2P1P3/2N5/PP2BPPP/R1BQNRK1 w - - 3 10
main,anti-kid-classical-white,opening,18,10,True,32,34,1800,2024-01,2026-07,blitz+rapid+classical,4378,2389,164,1825,4,3,Be3:2249:1268/71/910;Nd3:1038:550/43/445;f3:804:435/33/336;f4:124:53/10/61;b4:79:41/3/35;Bd2:22:10/0/12;Nc2:16:6/1/9;g4:13:7/0/6;Bg5:12:8/1/3;a4:4:4/0/0;Bg4:3:1/1/1;Bd3:3:2/0/1,r1bq1rk1/pppnnpbp/3p2p1/3Pp3/2P1P3/2N5/PP2BPPP/R1BQNRK1 w - - 3 10
main,anti-kid-classical-white,opening,19,11,True,32,25,1400,2024-01,2026-07,blitz+rapid+classical,25,13,0,12,0,0,f5:23:13/0/10;Nc5:1:0/0/1;c6:1:0/0/1,r1bq1rk1/pppnnpbp/3p2p1/3Pp3/2P1P3/2N2P2/PP2B1PP/R1BQNRK1 b - - 0 10
main,anti-kid-classical-white,opening,19,11,True,32,25,1600,2024-01,2026-07,blitz+rapid+classical,148,72,6,70,1,0,f5:131:61/6/64;a5:10:9/0/1;Nc5:5:2/0/3;h6:1:0/0/1;c6:1:0/0/1,r1bq1rk1/pppnnpbp/3p2p1/3Pp3/2P1P3/2N2P2/PP2B1PP/R1BQNRK1 b - - 0 10
main,anti-kid-classical-white,opening,19,11,True,32,25,1800,2024-01,2026-07,blitz+rapid+classical,803,434,33,336,1,1,f5:730:393/30/307;a5:47:26/2/19;Nc5:11:8/0/3;h6:6:3/0/3;b6:5:2/0/3;Nb6:1:1/0/0;f6:1:0/1/0;c5:1:1/0/0;a6:1:0/0/1,r1bq1rk1/pppnnpbp/3p2p1/3Pp3/2P1P3/2N2P2/PP2B1PP/R1BQNRK1 b - - 0 10
main,anti-kid-classical-white,opening,20,12,True,32,32,1400,2024-01,2026-07,blitz+rapid+classical,23,13,0,10,0,0,Be3:13:6/0/7;g4:8:7/0/1;exf5:1:0/0/1;Qc2:1:0/0/1,r1bq1rk1/pppnn1bp/3p2p1/3Ppp2/2P1P3/2N2P2/PP2B1PP/R1BQNRK1 w - - 0 11
main,anti-kid-classical-white,opening,20,12,True,32,32,1600,2024-01,2026-07,blitz+rapid+classical,131,61,6,64,0,0,Be3:86:37/4/45;g4:30:16/0/14;Nd3:10:5/1/4;b4:1:0/1/0;a4:1:1/0/0;exf5:1:0/0/1;a3:1:1/0/0;Bd2:1:1/0/0,r1bq1rk1/pppnn1bp/3p2p1/3Ppp2/2P1P3/2N2P2/PP2B1PP/R1BQNRK1 w - - 0 11
main,anti-kid-classical-white,opening,20,12,True,32,32,1800,2024-01,2026-07,blitz+rapid+classical,732,396,30,306,2,1,Be3:480:259/14/207;g4:206:117/13/76;Nd3:33:15/2/16;b4:6:1/1/4;Bg5:3:2/0/1;a4:2:1/0/1;Bd2:1:1/0/0;Rb1:1:0/0/1,r1bq1rk1/pppnn1bp/3p2p1/3Ppp2/2P1P3/2N2P2/PP2B1PP/R1BQNRK1 w - - 0 11
main,anti-kid-classical-white,opening,17,9,False,32,30,1400,2024-01,2026-07,blitz+rapid+classical,687,327,16,344,3,0,Ne8:171:81/2/88;c6:124:52/3/69;Nd7:102:55/4/43;Nh5:65:37/0/28;a6:53:19/1/33;a5:49:25/2/22;b6:37:19/3/15;h6:29:15/0/14;Bg4:23:8/1/14;Bd7:12:6/0/6;Ng4:8:4/0/4;c5:5:3/0/2,r1bq1rk1/ppp1npbp/3p1np1/3Pp3/1PP1P3/2N2N2/P3BPPP/R1BQ1RK1 b - - 0 9
main,anti-kid-classical-white,opening,17,9,False,32,30,1600,2024-01,2026-07,blitz+rapid+classical,2480,1213,77,1190,7,2,Ne8:805:372/31/402;Nd7:444:234/7/203;a5:273:124/8/141;Nh5:265:126/6/133;c6:208:118/11/79;a6:144:74/4/66;b6:121:54/2/65;h6:96:43/5/48;Bg4:46:23/2/21;Bd7:24:18/0/6;Ng4:20:9/0/11;c5:10:5/0/5,r1bq1rk1/ppp1npbp/3p1np1/3Pp3/1PP1P3/2N2N2/P3BPPP/R1BQ1RK1 b - - 0 9
main,anti-kid-classical-white,opening,17,9,False,32,30,1800,2024-01,2026-07,blitz+rapid+classical,9780,4987,364,4429,9,5,Ne8:3012:1517/85/1410;a5:2099:1074/84/941;Nd7:1797:960/65/772;Nh5:1192:559/60/573;b6:391:213/21/157;h6:367:174/9/184;a6:345:184/17/144;c6:237:119/12/106;Bg4:124:65/7/52;Kh8:44:24/0/20;Ng4:38:20/1/17;Nxe4:32:24/0/8,r1bq1rk1/ppp1npbp/3p1np1/3Pp3/1PP1P3/2N2N2/P3BPPP/R1BQ1RK1 b - - 0 9
main,anti-london-black,opening,5,0,True,32,29,1400,2024-01,2026-07,blitz+rapid+classical,1140198,582304,48805,509089,12,12,e6:304365:155911/12761/135693;Nc6:285862:151666/12545/121651;Bf5:207802:103641/9174/94987;Bg4:102535:51750/4557/46228;c5:91793:43406/3498/44889;g6:56281:27877/2374/26030;c6:30441:15251/1370/13820;h6:20189:10710/845/8634;a6:11953:6109/569/5275;Nh5:8577:4521/338/3718;Nbd7:7502:3923/299/3280;Ne4:4346:2556/146/1644,rnbqkb1r/ppp1pppp/5n2/3p4/3P1B2/5N2/PPP1PPPP/RN1QKB1R b KQkq - 3 3
main,anti-london-black,opening,5,0,True,32,29,1600,2024-01,2026-07,blitz+rapid+classical,1360597,684658,66882,609057,12,12,e6:389273:198032/19070/172171;Bf5:266730:132000/13831/120899;Nc6:235697:124537/11447/99713;c5:145494:67387/6609/71498;Bg4:126696:63950/6282/56464;g6:75223:37274/3628/34321;c6:58289:28665/3083/26541;h6:18403:9553/937/7913;a6:14297:7191/690/6416;Nbd7:11305:5870/473/4962;Nh5:8052:4044/374/3634;b6:4405:2337/210/1858,rnbqkb1r/ppp1pppp/5n2/3p4/3P1B2/5N2/PPP1PPPP/RN1QKB1R b KQkq - 3 3
main,anti-london-black,opening,5,0,True,32,29,1800,2024-01,2026-07,blitz+rapid+classical,1396651,696878,82104,617669,12,12,e6:399682:203504/23379/172799;Bf5:292597:143699/18531/130367;c5:217408:99874/12113/105421;Nc6:140131:74346/7521/58264;Bg4:114822:58692/6618/49512;c6:96971:48039/6189/42743;g6:81170:40798/4753/35619;a6:13256:6668/825/5763;Nbd7:12752:6648/695/5409;h6:12261:6448/669/5144;Nh5:6327:3196/344/2787;b6:4269:2215/228/1826,rnbqkb1r/ppp1pppp/5n2/3p4/3P1B2/5N2/PPP1PPPP/RN1QKB1R b KQkq - 3 3
main,anti-london-black,opening,6,1,True,32,36,1400,2024-01,2026-07,blitz+rapid+classical,101271,48199,3839,49233,12,8,e3:60389:29035/2249/29105;c3:25462:12059/1043/12360;dxc5:7317:3240/267/3810;Nc3:2422:1139/71/1212;c4:1910:904/73/933;h3:1553:778/74/701;Nbd2:862:432/16/414;Bxb8:389:194/19/176;b3:192:83/5/104;g3:163:75/5/83;a3:156:76/7/73;Ne5:115:54/4/57,rnbqkb1r/pp2pppp/5n2/2pp4/3P1B2/5N2/PPP1PPPP/RN1QKB1R w KQkq - 0 4
main,anti-london-black,opening,6,1,True,32,36,1600,2024-01,2026-07,blitz+rapid+classical,156101,72579,7084,76438,12,8,e3:101016:47406/4478/49132;c3:37150:17087/1817/18246;dxc5:8251:3699/374/4178;Nc3:2456:1158/97/1201;h3:2087:961/112/1014;c4:1958:854/81/1023;Nbd2:1472:698/54/720;Bxb8:646:288/31/327;Bg3:249:112/7/130;a3:191:76/10/105;g3:154:67/9/78;Ne5:116:48/4/64,rnbqkb1r/pp2pppp/5n2/2pp4/3P1B2/5N2/PPP1PPPP/RN1QKB1R w KQkq - 0 4
main,anti-london-black,opening,6,1,True,32,36,1800,2024-01,2026-07,blitz+rapid+classical,226211,104103,12575,109533,12,9,e3:156758:72707/8574/75477;c3:51827:23526/3119/25182;dxc5:7449:3301/386/3762;Nc3:2364:1064/110/1190;h3:1896:813/97/986;Nbd2:1811:861/78/872;c4:1606:702/77/827;Bxb8:1004:484/55/465;Bg3:767:350/39/378;a3:140:59/8/73;e4:132:45/3/84;Ne5:106:47/4/55,rnbqkb1r/pp2pppp/5n2/2pp4/3P1B2/5N2/PPP1PPPP/RN1QKB1R w KQkq - 0 4
main,anti-london-black,opening,7,2,True,32,32,1400,2024-01,2026-07,blitz+rapid+classical,94564,45365,3518,45681,12,10,Nc6:47782:22435/1694/23653;e6:13238:6516/529/6193;cxd4:9693:4774/422/4497;Qb6:9272:4330/326/4616;Bg4:5859:2919/229/2711;Bf5:3903:1920/160/1823;c4:1400:724/52/624;a6:1364:673/44/647;g6:587:268/23/296;Nh5:457:232/11/214;Qa5+:256:139/11/106;Nbd7:244:135/3/106,rnbqkb1r/pp2pppp/5n2/2pp4/3P1B2/4PN2/PPP2PPP/RN1QKB1R b KQkq - 0 4
main,anti-london-black,opening,7,2,True,32,32,1600,2024-01,2026-07,blitz+rapid+classical,150745,70943,6598,73204,12,10,Nc6:88113:40512/3808/43793;e6:17648:8766/829/8053;Qb6:13737:6273/561/6903;cxd4:13173:6333/588/6252;Bg4:7163:3549/312/3302;Bf5:5228:2628/235/2365;c4:1698:858/76/764;a6:1670:832/98/740;g6:738:360/28/350;Nh5:528:280/17/231;Nbd7:370:193/13/164;Qa5+:205:105/11/89,rnbqkb1r/pp2pppp/5n2/2pp4/3P1B2/4PN2/PPP2PPP/RN1QKB1R b KQkq - 0 4
main,anti-london-black,opening,7,2,True,32,32,1800,2024-01,2026-07,blitz+rapid+classical,219544,101982,11695,105867,12,10,Nc6:146229:66493/7666/72070;Qb6:21503:10021/1046/10436;cxd4:17675:8317/1053/8305;e6:17390:8745/943/7702;Bg4:6489:3254/405/2830;Bf5:4981:2464/297/2220;a6:1560:781/84/695;c4:1299:671/73/555;g6:1027:484/59/484;Nh5:504:263/32/209;Nbd7:331:166/13/152;Qa5+:147:86/7/54,rnbqkb1r/pp2pppp/5n2/2pp4/3P1B2/4PN2/PPP2PPP/RN1QKB1R b KQkq - 0 4
main,anti-london-black,opening,8,3,True,32,39,1400,2024-01,2026-07,blitz+rapid+classical,61496,29197,2170,30129,12,11,c3:28833:13622/1065/14146;Bb5:11403:5413/379/5611;c4:5040:2408/198/2434;Nbd2:4181:2054/138/1989;Nc3:2664:1358/86/1220;dxc5:2583:1111/87/1385;Bd3:1962:861/59/1042;h3:1665:834/63/768;Be2:1493:736/50/707;a3:781:393/24/364;Ne5:470:222/13/235;b3:212:86/6/120,r1bqkb1r/pp2pppp/2n2n2/2pp4/3P1B2/4PN2/PPP2PPP/RN1QKB1R w KQkq - 1 5
main,anti-london-black,opening,8,3,True,32,39,1600,2024-01,2026-07,blitz+rapid+classical,107900,50028,4663,53209,12,11,c3:58748:27155/2625/28968;Bb5:14865:6777/620/7468;Nbd2:8533:4107/352/4074;c4:7041:3242/318/3481;Nc3:4194:2112/156/1926;dxc5:3715:1661/157/1897;Be2:3258:1534/134/1590;h3:2810:1318/134/1358;Bd3:2335:1024/77/1234;a3:1297:609/56/632;Ne5:599:283/19/297;b3:256:104/7/145,r1bqkb1r/pp2pppp/2n2n2/2pp4/3P1B2/4PN2/PPP2PPP/RN1QKB1R w KQkq - 1 5
main,anti-london-black,opening,8,3,True,32,39,1800,2024-01,2026-07,blitz+rapid+classical,170940,78169,8835,83936,12,11,c3:104341:47210/5613/51518;Nbd2:17161:8193/819/8149;Bb5:15619:6855/787/7977;Nc3:8167:4279/314/3574;c4:7014:3231/408/3375;Be2:5858:2755/305/2798;h3:3763:1754/180/1829;dxc5:3653:1603/171/1879;Bd3:2829:1212/114/1503;a3:1555:681/78/796;Ne5:488:202/22/264;b3:205:77/9/119,r1bqkb1r/pp2pppp/2n2n2/2pp4/3P1B2/4PN2/PPP2PPP/RN1QKB1R w KQkq - 1 5
main,anti-london-black,opening,9,4,True,32,35,1400,2024-01,2026-07,blitz+rapid+classical,4846,2386,149,2311,6,5,Bg4:1115:583/27/505;Qb6:1057:466/41/550;e6:870:437/30/403;Bf5:820:415/22/383;cxd4:520:259/20/241;Nh5:129:56/3/70;a6:82:41/2/39;c4:81:43/1/37;g6:61:27/1/33;h6:39:18/0/21;Ne4:28:14/0/14;Qa5:11:5/1/5,r1bqkb1r/pp2pppp/2n2n2/2pp4/3P1B2/4PN2/PPPN1PPP/R2QKB1R b KQkq - 2 5
main,anti-london-black,opening,9,4,True,32,35,1600,2024-01,2026-07,blitz+rapid+classical,9811,4685,406,4720,9,5,Qb6:2542:1107/100/1335;Bg4:2097:972/93/1032;Bf5:1740:865/71/804;e6:1519:791/66/662;cxd4:1087:516/48/523;Nh5:236:128/9/99;c4:158:83/4/71;a6:151:79/4/68;g6:113:57/2/54;h6:83:39/7/37;Ne4:21:14/0/7;Bd7:17:7/0/10,r1bqkb1r/pp2pppp/2n2n2/2pp4/3P1B2/4PN2/PPPN1PPP/R2QKB1R b KQkq - 2 5
main,anti-london-black,opening,9,4,True,32,35,1800,2024-01,2026-07,blitz+rapid+classical,19451,9263,926,9262,10,6,Qb6:5452:2426/240/2786;Bg4:3960:1901/183/1876;Bf5:3634:1760/181/1693;e6:2537:1289/119/1129;cxd4:2320:1108/138/1074;Nh5:554:265/28/261;c4:268:139/10/119;g6:251:119/14/118;a6:216:113/11/92;h6:158:86/2/70;Ne4:20:9/0/11;Qa5:20:14/0/6,r1bqkb1r/pp2pppp/2n2n2/2pp4/3P1B2/4PN2/PPPN1PPP/R2QKB1R b KQkq - 2 5
main,anti-london-black,opening,10,5,True,32,39,1400,2024-01,2026-07,blitz+rapid+classical,11951,5999,448,5504,9,3,c3:7393:3898/262/3233;Bb5:1732:827/71/834;c4:1077:463/41/573;Bd3:330:132/15/183;Ne5:330:159/12/159;Be2:284:117/19/148;dxc5:230:105/11/114;a3:196:99/6/91;h3:157:90/4/63;b3:89:47/3/39;Nb3:62:34/3/25;Rc1:16:6/0/10,r1bqkb1r/pp3ppp/2n1pn2/2pp4/3P1B2/4PN2/PPPN1PPP/R2QKB1R w KQkq - 0 6
main,anti-london-black,opening,10,5,True,32,39,1600,2024-01,2026-07,blitz+rapid+classical,22372,11390,930,10052,9,5,c3:16250:8580/674/6996;Bb5:2436:1167/98/1171;c4:1185:516/53/616;Be2:538:247/20/271;Ne5:418:189/15/214;Bd3:357:168/13/176;h3:334:159/15/160;dxc5:331:147/18/166;a3:241:97/10/134;b3:90:39/3/48;Rc1:49:26/1/22;Nb3:47:20/2/25,r1bqkb1r/pp3ppp/2n1pn2/2pp4/3P1B2/4PN2/PPPN1PPP/R2QKB1R w KQkq - 0 6
main,anti-london-black,opening,10,5,True,32,39,1800,2024-01,2026-07,blitz+rapid+classical,32428,16824,1626,13978,9,5,c3:26881:14255/1339/11287;Bb5:2215:1045/123/1047;c4:847:356/48/443;Be2:648:316/30/302;h3:395:192/19/184;Bd3:353:177/13/163;dxc5:349:156/20/173;Ne5:311:132/17/162;a3:221:92/12/117;Rc1:47:23/2/22;b3:36:15/1/20;a4:31:13/1/17,r1bqkb1r/pp3ppp/2n1pn2/2pp4/3P1B2/4PN2/PPPN1PPP/R2QKB1R w KQkq - 0 6
main,anti-london-black,opening,11,6,True,32,35,1400,2024-01,2026-07,blitz+rapid+classical,67268,34996,2511,29761,12,12,Bd6:15517:7941/586/6990;Be7:11948:6277/392/5279;cxd4:11519:5996/447/5076;Qb6:7400:3790/322/3288;a6:4341:2356/118/1867;c4:4285:2197/180/1908;Bd7:3942:2019/168/1755;b6:2548:1472/93/983;Nh5:2277:1076/81/1120;h6:1759:907/64/788;Ne4:548:278/26/244;g6:420:223/16/181,r1bqkb1r/pp3ppp/2n1pn2/2pp4/3P1B2/2P1PN2/PP1N1PPP/R2QKB1R b KQkq - 0 6
main,anti-london-black,opening,11,6,True,32,35,1600,2024-01,2026-07,blitz+rapid+classical,120176,62329,5402,52445,12,12,Bd6:30587:15371/1335/13881;Be7:20444:10778/893/8773;cxd4:19962:10332/927/8703;Qb6:12290:6280/577/5433;a6:8198:4247/391/3560;Bd7:7482:3980/351/3151;c4:7219:3833/327/3059;b6:4273:2548/192/1533;Nh5:4173:2030/174/1969;h6:3637:1849/161/1627;g6:533:287/19/227;Ne4:497:293/22/182,r1bqkb1r/pp3ppp/2n1pn2/2pp4/3P1B2/2P1PN2/PP1N1PPP/R2QKB1R b KQkq - 0 6
main,anti-london-black,opening,11,6,True,32,35,1800,2024-01,2026-07,blitz+rapid+classical,174615,91112,9517,73986,12,12,Bd6:55249:27735/3023/24491;Be7:28535:15188/1513/11834;cxd4:26100:13672/1449/10979;Qb6:16438:8460/938/7040;a6:10859:5800/577/4482;Bd7:9090:4922/475/3693;c4:8344:4532/453/3359;Nh5:6475:3330/336/2809;h6:6059:3075/366/2618;b6:5056:3037/253/1766;Ne4:862:493/48/321;g6:612:334/36/242,r1bqkb1r/pp3ppp/2n1pn2/2pp4/3P1B2/2P1PN2/PP1N1PPP/R2QKB1R b KQkq - 0 6
main,anti-london-black,opening,12,7,True,32,39,1400,2024-01,2026-07,blitz+rapid+classical,15745,8049,593,7103,8,5,Bg3:7286:3778/262/3246;Ne5:4687:2522/167/1998;Bxd6:1516:694/67/755;Bg5:701:369/39/293;Bd3:608:274/26/308;Bb5:375:177/10/188;Be2:167:61/8/98;dxc5:104:49/5/50;Qc2:82:35/3/44;Be5:46:20/3/23;g3:32:14/0/18;b3:30:10/1/19,r1bqk2r/pp3ppp/2nbpn2/2pp4/3P1B2/2P1PN2/PP1N1PPP/R2QKB1R w KQkq - 1 7
main,anti-london-black,opening,12,7,True,32,39,1600,2024-01,2026-07,blitz+rapid+classical,31245,15724,1358,14163,9,6,Bg3:13057:6666/537/5854;Ne5:9712:4960/390/4362;Bxd6:3092:1438/198/1456;Bg5:2397:1274/107/1016;Bd3:1377:660/61/656;Bb5:523:234/25/264;dxc5:322:155/8/159;Be2:285:125/12/148;Qc2:116:45/2/69;g3:74:34/7/33;Be5:66:29/3/34;Rc1:54:25/2/27,r1bqk2r/pp3ppp/2nbpn2/2pp4/3P1B2/2P1PN2/PP1N1PPP/R2QKB1R w KQkq - 1 7
main,anti-london-black,opening,12,7,True,32,39,1800,2024-01,2026-07,blitz+rapid+classical,56823,28478,3111,25234,10,8,Bg3:24897:12924/1344/10629;Ne5:15860:7914/757/7189;Bg5:5437:2799/271/2367;Bxd6:5326:2420/430/2476;Bd3:2616:1197/141/1278;Bb5:750:339/45/366;dxc5:734:319/44/371;Be2:422:195/21/206;Nb3:196:90/18/88;Be5:124:72/7/45;g3:84:40/5/39;Rc1:82:45/2/35,r1bqk2r/pp3ppp/2nbpn2/2pp4/3P1B2/2P1PN2/PP1N1PPP/R2QKB1R w KQkq - 1 7
main,anti-london-black,opening,13,8,True,32,42,1400,2024-01,2026-07,blitz+rapid+classical,10854,5608,414,4832,12,6,O-O:4873:2475/175/2223;Bxg3:1754:936/73/745;cxd4:1070:550/51/469;Qc7:636:297/14/325;b6:495:260/21/214;c4:407:202/16/189;Ne4:276:143/16/117;a6:266:141/11/114;Nh5:240:125/6/109;Bd7:175:119/4/52;h6:166:87/5/74;Qe7:147:68/7/72,r1bqk2r/pp3ppp/2nbpn2/2pp4/3P4/2P1PNB1/PP1N1PPP/R2QKB1R b KQkq - 2 7
main,anti-london-black,opening,13,8,True,32,42,1600,2024-01,2026-07,blitz+rapid+classical,20051,10289,883,8879,12,8,O-O:8956:4596/363/3997;Bxg3:2884:1402/138/1344;cxd4:2139:1103/109/927;Qc7:1488:748/58/682;b6:1133:570/61/502;c4:785:427/34/324;a6:586:314/21/251;Ne4:424:213/24/187;Nh5:348:175/19/154;h6:311:168/17/126;Qe7:299:156/13/130;Bd7:193:129/8/56,r1bqk2r/pp3ppp/2nbpn2/2pp4/3P4/2P1PNB1/PP1N1PPP/R2QKB1R b KQkq - 2 7
main,anti-london-black,opening,13,8,True,32,42,1800,2024-01,2026-07,blitz+rapid+classical,38231,19958,2092,16181,12,11,O-O:18751:9766/1029/7956;Bxg3:4722:2498/241/1983;cxd4:3670:1969/210/1491;Qc7:2938:1473/167/1298;b6:2176:1120/116/940;c4:1159:620/53/486;a6:1076:557/67/452;Ne4:822:401/60/361;h6:725:383/31/311;Qe7:715:334/47/334;Nh5:559:281/26/252;h5:362:196/17/149,r1bqk2r/pp3ppp/2nbpn2/2pp4/3P4/2P1PNB1/PP1N1PPP/R2QKB1R b KQkq - 2 7
main,anti-london-black,opening,14,9,True,32,36,1400,2024-01,2026-07,blitz+rapid+classical,7038,3540,244,3254,7,5,Bd3:3525:1807/123/1595;Ne5:922:463/36/423;Qc2:899:409/26/464;Be2:553:275/21/257;Bb5:456:241/18/197;dxc5:140:68/3/69;b3:115:67/7/41;Rc1:59:28/0/31;a3:59:32/2/25;c4:45:19/1/25;Nb3:44:22/1/21;Bxd6:41:25/1/15,r1bq1rk1/pp3ppp/2nbpn2/2pp4/3P4/2P1PNB1/PP1N1PPP/R2QKB1R w KQ - 3 8
main,anti-london-black,opening,14,9,True,32,36,1600,2024-01,2026-07,blitz+rapid+classical,13709,6966,565,6178,9,5,Bd3:7783:4092/341/3350;Ne5:1616:840/57/719;Qc2:1232:599/45/588;Be2:1092:515/51/526;Bb5:673:331/26/316;dxc5:321:147/11/163;Rc1:203:97/5/101;a3:196:97/7/92;b3:135:62/0/73;Bxd6:79:23/6/50;a4:78:42/4/32;Qb3:62:24/4/34,r1bq1rk1/pp3ppp/2nbpn2/2pp4/3P4/2P1PNB1/PP1N1PPP/R2QKB1R w KQ - 3 8
main,anti-london-black,opening,14,9,True,32,36,1800,2024-01,2026-07,blitz+rapid+classical,27825,14382,1567,11876,9,7,Bd3:17904:9438/1003/7463;Ne5:3285:1690/182/1413;Be2:2399:1121/177/1101;Bb5:1289:685/68/536;Qc2:1011:485/46/480;Rc1:537:278/31/228;dxc5:408:199/19/190;a3:295:141/13/141;a4:209:114/10/85;Qb3:96:48/4/44;Bxd6:95:36/5/54;Bh4:91:48/3/40,r1bq1rk1/pp3ppp/2nbpn2/2pp4/3P4/2P1PNB1/PP1N1PPP/R2QKB1R w KQ - 3 8
main,anti-london-black,opening,15,10,True,32,38,1400,2024-01,2026-07,blitz+rapid+classical,9304,4915,314,4075,12,7,Re8:1803:920/58/825;c4:1729:945/71/713;b6:1334:612/43/679;cxd4:1290:718/41/531;a6:691:368/23/300;h6:567:270/17/280;Qc7:550:255/20/275;Bxg3:326:196/7/123;Qe7:168:78/5/85;Qb6:152:101/7/44;Nh5:140:86/4/50;Bd7:113:75/5/33,r1bq1rk1/pp3ppp/2nbpn2/2pp4/3P4/2PBPNB1/PP1N1PPP/R2QK2R b KQ - 4 8
main,anti-london-black,opening,15,10,True,32,38,1600,2024-01,2026-07,blitz+rapid+classical,20372,10674,801,8897,12,9,Re8:4009:2076/166/1767;b6:3626:1777/147/1702;c4:3155:1763/125/1267;cxd4:2975:1522/138/1315;a6:1682:928/54/700;Qc7:1600:763/47/790;h6:1204:624/48/532;Qe7:469:229/20/220;Bxg3:456:256/12/188;Nh5:221:123/7/91;Bd7:182:124/8/50;Qb6:156:106/6/44,r1bq1rk1/pp3ppp/2nbpn2/2pp4/3P4/2PBPNB1/PP1N1PPP/R2QK2R b KQ - 4 8
main,anti-london-black,opening,15,10,True,32,38,1800,2024-01,2026-07,blitz+rapid+classical,43217,22256,2318,18643,12,9,b6:10025:4871/579/4575;Re8:9306:4842/460/4004;cxd4:5429:2887/305/2237;c4:4782:2637/245/1900;a6:3642:1946/194/1502;Qc7:3518:1690/196/1632;h6:2509:1280/121/1108;Qe7:1505:675/117/713;Bxg3:792:431/32/329;Nh5:374:197/20/157;Ne7:242:132/11/99;a5:206:103/11/92,r1bq1rk1/pp3ppp/2nbpn2/2pp4/3P4/2PBPNB1/PP1N1PPP/R2QK2R b KQ - 4 8
main,anti-london-black,opening,16,11,True,32,46,1400,2024-01,2026-07,blitz+rapid+classical,1747,821,54,872,4,1,Ne5:744:363/29/352;Qc2:259:114/9/136;O-O:170:72/5/93;Qe2:134:72/2/60;e4:64:33/2/29;Bh4:44:19/0/25;Bc2:37:15/2/20;Rc1:36:19/1/16;Bxd6:29:16/0/13;Qb1:26:16/1/9;Ng5:26:9/0/17;Bb5:26:10/0/16,r1bq1rk1/p4ppp/1pnbpn2/2pp4/3P4/2PBPNB1/PP1N1PPP/R2QK2R w KQ - 0 9
main,anti-london-black,opening,16,11,True,32,46,1600,2024-01,2026-07,blitz+rapid+classical,4279,2101,168,2010,6,4,Ne5:1728:876/56/796;O-O:541:274/31/236;Qe2:497:257/22/218;Qc2:461:190/13/258;e4:216:113/14/89;Rc1:139:65/5/69;Bxd6:77:31/5/41;Bh4:70:41/4/25;a3:66:33/2/31;Bc2:65:28/2/35;Bb5:62:28/2/32;Bb1:55:29/0/26,r1bq1rk1/p4ppp/1pnbpn2/2pp4/3P4/2PBPNB1/PP1N1PPP/R2QK2R w KQ - 0 9
main,anti-london-black,opening,16,11,True,32,46,1800,2024-01,2026-07,blitz+rapid+classical,11116,5407,639,5070,12,6,Ne5:4349:2084/246/2019;Qe2:1878:984/95/799;O-O:1818:877/122/819;Qc2:629:283/33/313;e4:628:374/28/226;Rc1:553:275/34/244;a3:168:76/13/79;Bxd6:160:66/11/83;Bh4:152:69/6/77;Bc2:142:59/14/69;a4:136:69/7/60;Bb5:102:39/9/54,r1bq1rk1/p4ppp/1pnbpn2/2pp4/3P4/2PBPNB1/PP1N1PPP/R2QK2R w KQ - 0 9
main,anti-london-black,opening,17,12,True,32,34,1400,2024-01,2026-07,blitz+rapid+classical,756,369,29,358,2,1,Bb7:453:211/20/222;Qc7:145:61/6/78;Bxe5:59:26/1/32;Nxe5:34:32/0/2;Ne7:20:9/1/10;Nd7:13:9/1/3;cxd4:8:4/0/4;c4:8:4/0/4;Ne4:4:3/0/1;Re8:2:2/0/0;Bd7:2:2/0/0;a5:1:1/0/0,r1bq1rk1/p4ppp/1pnbpn2/2ppN3/3P4/2PBP1B1/PP1N1PPP/R2QK2R b KQ - 1 9
main,anti-london-black,opening,17,12,True,32,34,1600,2024-01,2026-07,blitz+rapid+classical,1743,886,56,801,3,2,Bb7:1033:515/35/483;Qc7:446:223/13/210;Bxe5:153:82/5/66;Ne7:32:10/0/22;cxd4:30:19/0/11;Nxe5:17:14/1/2;Nd7:14:9/1/4;c4:6:4/1/1;h6:3:3/0/0;Re8:2:1/0/1;Nb8:2:2/0/0;Ne4:1:1/0/0,r1bq1rk1/p4ppp/1pnbpn2/2ppN3/3P4/2PBP1B1/PP1N1PPP/R2QK2R b KQ - 1 9
main,anti-london-black,opening,17,12,True,32,34,1800,2024-01,2026-07,blitz+rapid+classical,4385,2108,246,2031,4,2,Bb7:2844:1339/156/1349;Qc7:965:487/51/427;Bxe5:346:156/30/160;Ne7:160:73/6/81;cxd4:19:14/1/4;Nxe5:16:14/1/1;c4:11:8/0/3;Nd7:9:8/0/1;Re8:4:2/1/1;h6:3:3/0/0;a5:2:0/0/2;Bc7:1:1/0/0,r1bq1rk1/p4ppp/1pnbpn2/2ppN3/3P4/2PBP1B1/PP1N1PPP/R2QK2R b KQ - 1 9
main,anti-scandinavian-white,opening,2,0,True,32,31,1400,2024-01,2026-07,blitz+rapid+classical,19413121,9491166,765176,9156779,12,12,exd5:13490350:6717957/545693/6226700;e5:3015590:1473650/111491/1430449;Nf3:1151450:531095/39672/580683;Nc3:581073:261137/21905/298031;d4:358031:171804/12053/174174;d3:238880:100924/13068/124888;Qf3:133912:58074/5474/70364;f3:109248:45595/4210/59443;f4:82483:37414/2622/42447;Bc4:70078:18253/1937/49888;Bd3:42262:18005/1801/22456;c3:31950:14714/1114/16122,rnbqkbnr/ppp1pppp/8/3p4/4P3/8/PPPP1PPP/RNBQKBNR w KQkq - 0 2
main,anti-scandinavian-white,opening,2,0,True,32,31,1600,2024-01,2026-07,blitz+rapid+classical,20909370,10099059,909449,9900862,12,12,exd5:15718556:7632663/707619/7378274;e5:2488117:1195739/97089/1195289;Nf3:1178929:556169/44355/578405;Nc3:576034:283439/22684/269911;d4:380663:187570/13372/179721;d3:173102:79499/9877/83726;f4:107923:49650/3722/54551;f3:64278:29094/2407/32777;Qf3:58224:24304/2481/31439;Bc4:49706:11777/1348/36581;Bd3:25137:10930/1088/13119;c3:22384:9810/895/11679,rnbqkbnr/ppp1pppp/8/3p4/4P3/8/PPPP1PPP/RNBQKBNR w KQkq - 0 2
main,anti-scandinavian-white,opening,2,0,True,32,31,1800,2024-01,2026-07,blitz+rapid+classical,16494004,7950475,794966,7748563,12,12,exd5:12836836:6171247/640654/6024935;e5:1460354:707882/61252/691220;Nf3:893823:425591/37588/430644;Nc3:620061:319277/26502/274282;d4:355615:177380/13752/164483;d3:122673:60430/7308/54935;f4:64970:29233/2494/33243;f3:37567:18125/1508/17934;Bc4:19905:4471/549/14885;Qf3:18209:7460/827/9922;c3:12533:5718/463/6352;a3:10400:5507/362/4531,rnbqkbnr/ppp1pppp/8/3p4/4P3/8/PPPP1PPP/RNBQKBNR w KQkq - 0 2
main,anti-scandinavian-white,opening,3,1,True,31,28,1400,2024-01,2026-07,blitz+rapid+classical,13474136,6703338,545029,6225769,12,12,Qxd5:9950734:5000237/416681/4533816;Nf6:2461707:1161884/93824/1205999;c6:466801:226687/15058/225056;e6:368238:185121/11887/171230;e5:72914:39938/2355/30621;Bf5:70830:36989/2344/31497;Qd6:21093:13027/744/7322;c5:14193:8720/509/4964;Nc6:7001:5620/174/1207;g6:6815:3473/269/3073;Qd7:6700:4173/245/2282;Bg4:6544:3752/217/2575,rnbqkbnr/ppp1pppp/8/3P4/8/8/PPPP1PPP/RNBQKBNR b KQkq - 0 2
main,anti-scandinavian-white,opening,3,1,True,31,28,1600,2024-01,2026-07,blitz+rapid+classical,15705695,7621162,706935,7377598,12,12,Qxd5:10771391:5277135/503278/4990978;Nf6:3650164:1711981/158679/1779504;c6:674415:318007/23271/333137;e6:391205:194989/13820/182396;Bf5:73106:37552/2712/32842;e5:67195:35632/2298/29265;Qd6:19145:11365/772/7008;c5:14935:8092/519/6324;g6:8591:4289/404/3898;Bg4:6542:3533/214/2795;Qd7:6030:3683/255/2092;Nc6:5196:3981/136/1079,rnbqkbnr/ppp1pppp/8/3P4/8/8/PPPP1PPP/RNBQKBNR b KQkq - 0 2
main,anti-scandinavian-white,opening,3,1,True,31,28,1800,2024-01,2026-07,blitz+rapid+classical,12829700,6164867,640243,6024590,12,12,Qxd5:8057892:3909697/415625/3732570;Nf6:3669795:1719303/182523/1767969;c6:651147:305943/24650/320554;e6:312362:154181/12038/146143;Bf5:44628:23372/1854/19402;e5:40238:21579/1493/17166;Qd6:12649:7387/554/4708;c5:8443:4675/329/3439;a6:7831:3729/269/3833;g6:4939:2572/230/2137;Bg4:4556:2476/137/1943;Qd7:3925:2389/177/1359,rnbqkbnr/ppp1pppp/8/3P4/8/8/PPPP1PPP/RNBQKBNR b KQkq - 0 2
main,anti-scandinavian-white,opening,4,2,True,30,29,1400,2024-01,2026-07,blitz+rapid+classical,9946608,4999729,416446,4530433,12,12,Nc3:7620103:3833727/319514/3466862;Nf3:1041310:526254/39857/475199;d4:733989:376103/30305/327581;c4:186355:93914/7296/85145;Qf3:155290:74061/10575/70654;d3:94770:44872/4346/45552;f4:18785:9473/535/8777;c3:17386:7840/755/8791;b3:15851:6268/518/9065;h3:15263:7705/641/6917;Qe2:11022:4831/653/5538;Be2:9540:4305/378/4857,rnb1kbnr/ppp1pppp/8/3q4/8/8/PPPP1PPP/RNBQKBNR w KQkq - 0 3
main,anti-scandinavian-white,opening,4,2,True,30,29,1600,2024-01,2026-07,blitz+rapid+classical,10768009,5276690,503082,4988237,12,12,Nc3:7623601:3722225/358934/3542442;Nf3:1422729:701249/61648/659832;d4:1081209:542722/49433/489054;c4:298739:150092/13139/135508;Qf3:143576:68265/10631/64680;d3:80086:37060/4254/38772;h3:26957:13012/1305/12640;f4:25703:12995/908/11800;c3:19810:9178/860/9772;b3:11490:4781/394/6315;Be2:8404:3948/348/4108;Ne2:6522:3054/305/3163,rnb1kbnr/ppp1pppp/8/3q4/8/8/PPPP1PPP/RNBQKBNR w KQkq - 0 3
main,anti-scandinavian-white,opening,4,2,True,30,29,1800,2024-01,2026-07,blitz+rapid+classical,8055985,3909493,415469,3731023,12,12,Nc3:5347873:2587033/277999/2482841;Nf3:1248821:606999/61623/580199;d4:976794:481632/49309/445853;c4:283648:141296/14084/128268;Qf3:88176:41198/6796/40182;d3:33835:15126/1967/16742;h3:21790:10640/1131/10019;f4:16504:7978/692/7834;c3:13405:6291/676/6438;Ne2:5456:2620/280/2556;b3:5325:2212/242/2871;Be2:5186:2529/215/2442,rnb1kbnr/ppp1pppp/8/3q4/8/8/PPPP1PPP/RNBQKBNR w KQkq - 0 3
main,anti-scandinavian-white,opening,5,3,True,30,47,1400,2024-01,2026-07,blitz+rapid+classical,7617976,3831062,319386,3467528,12,12,Qd8:2770629:1393078/125075/1252476;Qa5:2378901:1142975/87599/1148327;Qe6+:1079833:554183/48005/477645;Qe5+:807431:421199/37445/348787;Qd6:384160:189781/15228/179151;Qd7:57467:31480/2327/23660;Qc6:29610:22475/716/6419;Qd4:21464:12707/737/8020;Qc5:19505:11737/598/7170;Qf5:17801:10264/669/6868;Qg5:11115:6499/380/4236;Nf6:8112:6751/129/1232,rnb1kbnr/ppp1pppp/8/3q4/8/2N5/PPPP1PPP/R1BQKBNR b KQkq - 1 3
main,anti-scandinavian-white,opening,5,3,True,30,47,1600,2024-01,2026-07,blitz+rapid+classical,7622371,3720426,358840,3543105,12,12,Qd8:3081197:1525591/157231/1398375;Qa5:2655511:1246412/111332/1297767;Qe5+:671314:333887/35404/302023;Qe6+:642655:322654/30617/289384;Qd6:455242:215795/20489/218958;Qd7:37576:20492/1573/15511;Qc6:12750:9491/319/2940;Qd4:11951:6890/487/4574;Qf5:11172:6022/434/4716;Qc5:9191:5339/329/3523;Nf6:7569:6318/139/1112;Qg5:4415:2670/150/1595,rnb1kbnr/ppp1pppp/8/3q4/8/2N5/PPPP1PPP/R1BQKBNR b KQkq - 1 3
main,anti-scandinavian-white,opening,5,3,True,30,47,1800,2024-01,2026-07,blitz+rapid+classical,5348529,2586637,278005,2483887,12,12,Qa5:2192665:1028161/103243/1061261;Qd8:2043182:1014209/115482/913491;Qd6:447775:208506/24132/215137;Qe5+:390322:190809/22796/176717;Qe6+:226408:112756/10717/102935;Qd7:15178:8366/703/6109;Qf5:5181:2752/240/2189;Qd4:4612:2684/182/1746;Nf6:4151:3537/66/548;Qc5:3291:1868/123/1300;Qc6:3287:2455/98/734;Qb5:2063:1718/35/310,rnb1kbnr/ppp1pppp/8/3q4/8/2N5/PPPP1PPP/R1BQKBNR b KQkq - 1 3
main,anti-scandinavian-white,opening,6,4,True,30,32,1400,2024-01,2026-07,blitz+rapid+classical,2377709,1142766,87508,1147435,12,12,Nf3:883190:414570/32903/435717;d4:680730:331084/25367/324279;d3:259483:122367/10630/126486;Bc4:200437:98790/6510/95137;b4:98125:54561/2463/41101;a3:40035:18725/1548/19762;Bb5+:37567:16858/1375/19334;Qf3:35091:18060/1164/15867;Be2:30206:14136/1166/14904;h3:19171:9500/681/8990;Nge2:18992:8987/731/9274;g3:16996:8648/624/7724,rnb1kbnr/ppp1pppp/8/q7/8/2N5/PPPP1PPP/R1BQKBNR w KQkq - 2 4
main,anti-scandinavian-white,opening,6,4,True,30,32,1600,2024-01,2026-07,blitz+rapid+classical,2654605,1246301,111261,1297043,12,12,Nf3:922095:419028/39993/463074;d4:873646:414486/36913/422247;Bc4:285746:137792/10691/137263;d3:207148:93880/10079/103189;b4:138228:75021/3993/59214;Bb5+:29507:13047/1257/15203;Be2:28372:12922/1241/14209;h3:28316:13698/1193/13425;Qf3:26844:13309/915/12620;a3:26447:11983/1148/13316;g3:23552:11594/990/10968;Nge2:14677:6738/609/7330,rnb1kbnr/ppp1pppp/8/q7/8/2N5/PPPP1PPP/R1BQKBNR w KQkq - 2 4
main,anti-scandinavian-white,opening,6,4,True,30,32,1800,2024-01,2026-07,blitz+rapid+classical,2192142,1028113,103195,1060834,12,12,d4:812707:383175/39293/390239;Nf3:701270:315808/34471/350991;Bc4:291615:140981/12432/138202;b4:151002:80472/5068/65462;d3:88733:38868/4891/44974;h3:25282:12095/1289/11898;g3:24140:11943/1181/11016;Be2:16758:7554/854/8350;Bb5+:15665:7130/795/7740;Qf3:13328:6436/571/6321;a3:10754:4989/509/5256;Nge2:8983:4227/388/4368,rnb1kbnr/ppp1pppp/8/q7/8/2N5/PPPP1PPP/R1BQKBNR w KQkq - 2 4
main,anti-scandinavian-white,opening,7,5,True,30,39,1400,2024-01,2026-07,blitz+rapid+classical,700372,340708,26068,333596,12,12,c6:270730:130850/10902/128978;Nf6:242386:115357/8709/118320;Bf5:60535:29057/2148/29330;Nc6:48987:23572/1491/23924;e5:34914:18565/1361/14988;e6:19110:10294/634/8182;c5:12003:6755/443/4805;g6:2975:1435/107/1433;Qb6:1734:950/61/723;a6:1541:750/47/744;Bd7:1015:543/29/443;h6:903:472/41/390,rnb1kbnr/ppp1pppp/8/q7/3P4/2N5/PPP2PPP/R1BQKBNR b KQkq - 0 4
main,anti-scandinavian-white,opening,7,5,True,30,39,1600,2024-01,2026-07,blitz+rapid+classical,898247,426091,37939,434217,12,12,c6:362943:172250/17028/173665;Nf6:330408:154048/13278/163082;Nc6:71147:32628/2211/36308;Bf5:63378:30321/2616/30441;e5:30987:15741/1357/13889;e6:16440:8745/663/7032;c5:8899:4971/317/3611;g6:3904:1978/158/1768;Qb6:2384:1246/71/1067;a6:1674:899/38/737;h5:1144:556/46/542;Bg4:974:525/23/426,rnb1kbnr/ppp1pppp/8/q7/3P4/2N5/PPP2PPP/R1BQKBNR b KQkq - 0 4
main,anti-scandinavian-white,opening,7,5,True,30,39,1800,2024-01,2026-07,blitz+rapid+classical,831099,391591,40107,399401,12,12,c6:371328:174816/19691/176821;Nf6:310318:143970/14112/152236;Nc6:64522:29588/2321/32613;Bf5:43011:21051/2028/19932;e5:20452:10326/984/9142;e6:9059:4977/440/3642;c5:5141:2922/213/2006;g6:1997:1078/93/826;Qb6:1315:661/55/599;a6:1037:554/58/425;Bg4:834:476/23/335;Nd7:639:296/32/311,rnb1kbnr/ppp1pppp/8/q7/3P4/2N5/PPP2PPP/R1BQKBNR b KQkq - 0 4
main,anti-scandinavian-white,opening,8,6,True,30,33,1400,2024-01,2026-07,blitz+rapid+classical,275248,131315,9859,134074,12,12,Bd2:143544:69081/5065/69398;Nf3:93862:44356/3556/45950;Bc4:10586:5236/307/5043;Bd3:6349:3043/220/3086;Bf4:3615:1691/107/1817;h3:3486:1675/145/1666;Be3:2768:1331/95/1342;Bg5:1900:626/70/1204;d5:1476:709/60/707;Bb5+:1099:489/35/575;a3:1094:508/36/550;f3:1085:484/30/571,rnb1kb1r/ppp1pppp/5n2/q7/3P4/2N5/PPP2PPP/R1BQKBNR w KQkq - 1 5
main,anti-scandinavian-white,opening,8,6,True,30,33,1600,2024-01,2026-07,blitz+rapid+classical,373420,174216,15019,184185,12,12,Bd2:178608:83754/7337/87517;Nf3:130287:60123/5298/64866;Bc4:23368:11335/809/11224;Bd3:10628:4932/360/5336;h3:6850:3343/301/3206;Be3:5433:2516/221/2696;Bf4:4420:2015/176/2229;d5:2329:1130/84/1115;Be2:1456:680/70/706;Bg5:1434:450/42/942;a3:1256:611/54/591;f3:1214:520/39/655,rnb1kb1r/ppp1pppp/5n2/q7/3P4/2N5/PPP2PPP/R1BQKBNR w KQkq - 1 5
main,anti-scandinavian-white,opening,8,6,True,30,33,1800,2024-01,2026-07,blitz+rapid+classical,343675,159691,15607,168377,12,12,Nf3:131781:61299/6146/64336;Bd2:128882:59533/5964/63385;Bc4:38215:18097/1468/18650;Bd3:12790:5985/580/6225;h3:9359:4570/498/4291;Be3:6699:3082/293/3324;Bf4:4175:1845/161/2169;d5:1962:939/78/945;Be2:1755:839/74/842;f4:1487:699/62/726;a3:1038:487/58/493;Bb5+:924:413/53/458,rnb1kb1r/ppp1pppp/5n2/q7/3P4/2N5/PPP2PPP/R1BQKBNR w KQkq - 1 5
main,anti-scandinavian-white,opening,9,7,True,30,42,1400,2024-01,2026-07,blitz+rapid+classical,198678,93681,7528,97469,12,12,Bg4:93944:43237/3429/47278;c6:42879:20437/1721/20721;Bf5:27598:13018/1163/13417;Nc6:17849:8066/605/9178;e6:9015:4870/331/3814;g6:1533:765/73/695;c5:1428:825/49/554;Ne4:1227:663/50/514;Nd5:712:441/27/244;h6:474:240/17/217;e5:427:274/11/142;Nbd7:418:236/14/168,rnb1kb1r/ppp1pppp/5n2/q7/3P4/2N2N2/PPP2PPP/R1BQKB1R b KQkq - 2 5
main,anti-scandinavian-white,opening,9,7,True,30,42,1600,2024-01,2026-07,blitz+rapid+classical,243368,111911,10307,121150,12,8,Bg4:135165:61111/5469/68585;c6:47886:22222/2289/23375;Bf5:28968:13665/1361/13942;Nc6:18473:7954/663/9856;e6:6667:3627/279/2761;Ne4:1739:911/87/741;g6:1206:570/58/578;c5:995:565/42/388;Nd5:382:226/10/146;a6:299:156/7/136;Nbd7:297:177/9/111;h6:254:136/8/110,rnb1kb1r/ppp1pppp/5n2/q7/3P4/2N2N2/PPP2PPP/R1BQKB1R b KQkq - 2 5
main,anti-scandinavian-white,opening,9,7,True,30,42,1800,2024-01,2026-07,blitz+rapid+classical,222082,102016,10644,109422,12,9,Bg4:127029:57999/5713/63317;c6:42917:19847/2355/20715;Bf5:26650:12389/1525/12736;Nc6:17342:7404/662/9276;e6:3791:2096/178/1517;Ne4:1366:693/85/588;g6:954:454/58/442;c5:681:388/25/268;a6:496:253/18/225;Nbd7:201:105/3/93;h6:139:80/3/56;Nd5:130:76/7/47,rnb1kb1r/ppp1pppp/5n2/q7/3P4/2N2N2/PPP2PPP/R1BQKB1R b KQkq - 2 5
main,anti-scandinavian-white,opening,10,8,True,30,30,1400,2024-01,2026-07,blitz+rapid+classical,105095,48423,3849,52823,12,10,Be2:45795:20597/1752/23446;Bd2:26596:12215/964/13417;h3:17606:9022/617/7967;Bc4:4719:2011/131/2577;Be3:2595:1151/115/1329;Bd3:2221:973/87/1161;Bf4:1586:690/46/850;Bg5:1215:573/41/601;Bb5+:1012:448/34/530;Qd3:839:366/27/446;a3:253:108/14/131;d5:208:88/8/112,rn2kb1r/ppp1pppp/5n2/q7/3P2b1/2N2N2/PPP2PPP/R1BQKB1R w KQkq - 3 6
main,anti-scandinavian-white,opening,10,8,True,30,30,1600,2024-01,2026-07,blitz+rapid+classical,150953,68166,6125,76662,12,10,Be2:69437:30345/2896/36196;Bd2:34544:15341/1492/17711;h3:24085:12433/879/10773;Bc4:8752:3834/316/4602;Be3:4336:1898/184/2254;Bd3:3791:1619/155/2017;Bf4:1729:737/69/923;Bb5+:1179:534/43/602;Bg5:1114:540/29/545;Qd3:963:435/26/502;d5:299:149/11/139;g3:217:94/4/119,rn2kb1r/ppp1pppp/5n2/q7/3P2b1/2N2N2/PPP2PPP/R1BQKB1R w KQkq - 3 6
main,anti-scandinavian-white,opening,10,8,True,30,30,1800,2024-01,2026-07,blitz+rapid+classical,139726,63619,6323,69784,12,10,Be2:62435:26647/3006/32782;h3:30435:16593/1218/12624;Bd2:22547:9901/1078/11568;Bc4:11543:4947/433/6163;Be3:4607:1972/226/2409;Bd3:3821:1582/194/2045;Bf4:1414:610/53/751;Bb5+:975:473/45/457;Qd3:599:258/26/315;Bg5:569:313/18/238;d5:226:107/8/111;g3:181:72/3/106,rn2kb1r/ppp1pppp/5n2/q7/3P2b1/2N2N2/PPP2PPP/R1BQKB1R w KQkq - 3 6
main,anti-scandinavian-white,opening,11,9,True,30,43,1400,2024-01,2026-07,blitz+rapid+classical,17605,9017,617,7971,5,4,Bh5:10370:5076/353/4941;Qh5:3414:1773/146/1495;Bxf3:2573:1451/85/1037;Bf5:893:484/29/380;Bd7:106:61/0/45;h5:56:40/2/14;Nc6:52:39/1/12;Be6:36:19/1/16;c6:35:26/0/9;e6:30:21/0/9;Ne4:21:14/0/7;Nbd7:9:5/0/4,rn2kb1r/ppp1pppp/5n2/q7/3P2b1/2N2N1P/PPP2PP1/R1BQKB1R b KQkq - 0 6
main,anti-scandinavian-white,opening,11,9,True,30,43,1600,2024-01,2026-07,blitz+rapid+classical,24090,12434,878,10778,4,4,Bh5:14803:7365/529/6909;Qh5:5346:2938/198/2210;Bxf3:2666:1401/109/1156;Bf5:965:522/35/408;Bd7:86:54/3/29;Nc6:64:49/0/15;e6:49:37/2/10;h5:34:19/1/14;c6:25:16/1/8;Be6:15:10/0/5;Nbd7:13:7/0/6;Ne4:7:5/0/2,rn2kb1r/ppp1pppp/5n2/q7/3P2b1/2N2N1P/PPP2PP1/R1BQKB1R b KQkq - 0 6
main,anti-scandinavian-white,opening,11,9,True,30,43,1800,2024-01,2026-07,blitz+rapid+classical,30435,16588,1218,12629,5,4,Bh5:18953:9943/776/8234;Qh5:7298:4285/249/2764;Bxf3:2949:1594/148/1207;Bf5:883:511/34/338;Nc6:109:74/4/31;Bd7:77:52/2/23;e6:59:43/0/16;c6:28:21/2/5;h5:24:21/1/2;Be6:17:9/1/7;Nbd7:17:15/0/2;Qg5:5:5/0/0,rn2kb1r/ppp1pppp/5n2/q7/3P2b1/2N2N1P/PPP2PP1/R1BQKB1R b KQkq - 0 6
main,anti-scandinavian-white,opening,12,10,True,30,32,1400,2024-01,2026-07,blitz+rapid+classical,10985,5371,377,5237,10,5,g4:4561:2436/129/1996;Be2:2747:1263/113/1371;Bd2:1496:716/64/716;Bc4:566:246/14/306;Bd3:466:203/16/247;Bf4:287:115/12/160;Be3:235:115/5/115;Bg5:222:97/8/117;Bb5+:142:61/11/70;Qd3:110:58/2/50;a3:74:30/0/44;d5:34:13/2/19,rn2kb1r/ppp1pppp/5n2/q6b/3P4/2N2N1P/PPP2PP1/R1BQKB1R w KQkq - 1 7
main,anti-scandinavian-white,opening,12,10,True,30,32,1600,2024-01,2026-07,blitz+rapid+classical,15513,7701,553,7259,10,5,g4:7814:4178/261/3375;Be2:3381:1559/147/1675;Bd2:1711:798/63/850;Bc4:787:354/18/415;Bd3:575:256/18/301;Be3:304:141/10/153;Bf4:299:118/12/169;Bg5:178:86/9/83;Bb5+:166:83/5/78;Qd3:124:54/4/66;a3:58:27/0/31;d5:45:20/3/22,rn2kb1r/ppp1pppp/5n2/q6b/3P4/2N2N1P/PPP2PP1/R1BQKB1R w KQkq - 1 7
main,anti-scandinavian-white,opening,12,10,True,30,32,1800,2024-01,2026-07,blitz+rapid+classical,19410,10180,791,8439,8,5,g4:13128:7270/504/5354;Be2:2629:1212/127/1290;Bd2:1308:643/53/612;Bc4:987:442/45/500;Bd3:534:224/24/286;Be3:240:102/17/121;Bf4:231:113/9/109;Bb5+:117:64/3/50;Bg5:74:31/5/38;Qd3:54:27/0/27;a3:35:19/1/15;g3:27:7/2/18,rn2kb1r/ppp1pppp/5n2/q6b/3P4/2N2N1P/PPP2PP1/R1BQKB1R w KQkq - 1 7
main,anti-scandinavian-white,opening,13,11,True,30,36,1400,2024-01,2026-07,blitz+rapid+classical,4560,2436,129,1995,2,1,Bg6:4371:2317/125/1929;Nxg4:180:110/4/66;g6:5:5/0/0;Bxg4:4:4/0/0,rn2kb1r/ppp1pppp/5n2/q6b/3P2P1/2N2N1P/PPP2P2/R1BQKB1R b KQkq - 0 7
main,anti-scandinavian-white,opening,13,11,True,30,36,1600,2024-01,2026-07,blitz+rapid+classical,7813,4177,261,3375,2,1,Bg6:7595:4044/250/3301;Nxg4:205:123/11/71;g6:7:5/0/2;Bxg4:2:2/0/0;c6:2:1/0/1;Ne4:1:1/0/0;g5:1:1/0/0,rn2kb1r/ppp1pppp/5n2/q6b/3P2P1/2N2N1P/PPP2P2/R1BQKB1R b KQkq - 0 7
main,anti-scandinavian-white,opening,13,11,True,30,36,1800,2024-01,2026-07,blitz+rapid+classical,13126,7268,504,5354,2,2,Bg6:12698:7019/492/5187;Nxg4:411:238/11/162;g6:5:4/0/1;Nc6:4:2/1/1;c6:4:3/0/1;Bxg4:2:1/0/1;Nbd7:1:1/0/0;Nd5:1:0/0/1,rn2kb1r/ppp1pppp/5n2/q6b/3P2P1/2N2N1P/PPP2P2/R1BQKB1R b KQkq - 0 7
main,anti-scandinavian-white,opening,14,12,True,30,32,1400,2024-01,2026-07,blitz+rapid+classical,4649,2449,132,2068,8,3,Ne5:2118:1235/52/831;Bd2:635:281/18/336;Bd3:603:281/26/296;Bg2:366:172/14/180;Nd2:158:135/0/23;Bc4:139:69/5/65;Bf4:127:55/2/70;Bg5:104:48/5/51;Nh4:89:47/2/40;g5:67:35/4/28;Be3:65:26/0/39;h4:59:20/0/39,rn2kb1r/ppp1pppp/5nb1/q7/3P2P1/2N2N1P/PPP2P2/R1BQKB1R w KQkq - 1 8
main,anti-scandinavian-white,opening,14,12,True,30,32,1600,2024-01,2026-07,blitz+rapid+classical,7899,4203,258,3438,7,4,Ne5:4594:2578/151/1865;Bd2:730:345/24/361;Bg2:721:361/14/346;Bd3:698:294/31/373;Nd2:271:211/4/56;Bc4:269:134/12/123;Bf4:117:58/4/55;h4:93:40/5/48;Be3:87:40/2/45;Nh4:82:35/2/45;Bg5:77:38/5/34;g5:71:26/1/44,rn2kb1r/ppp1pppp/5nb1/q7/3P2P1/2N2N1P/PPP2P2/R1BQKB1R w KQkq - 1 8
main,anti-scandinavian-white,opening,14,12,True,30,32,1800,2024-01,2026-07,blitz+rapid+classical,13069,7225,506,5338,7,5,Ne5:8982:5165/342/3475;Bg2:1141:558/43/540;Bd2:809:409/34/366;Bd3:698:310/46/342;Bc4:548:264/16/268;Nd2:368:266/6/96;Bf4:106:46/3/57;h4:98:68/1/29;Nh4:76:32/6/38;Be3:61:20/5/36;g5:43:23/0/20;Bg5:35:19/0/16,rn2kb1r/ppp1pppp/5nb1/q7/3P2P1/2N2N1P/PPP2P2/R1BQKB1R w KQkq - 1 8
main,anti-scandinavian-white,opening,15,13,True,30,35,1400,2024-01,2026-07,blitz+rapid+classical,2118,1234,53,831,6,2,e6:687:382/20/285;Nbd7:550:317/10/223;Be4:302:182/7/113;Nc6:210:126/7/77;c6:162:99/4/59;Ne4:126:77/3/46;Nd5:39:21/1/17;h5:9:5/1/3;c5:9:7/0/2;h6:5:3/0/2;Qb6:5:5/0/0;Qd5:4:4/0/0,rn2kb1r/ppp1pppp/5nb1/q3N3/3P2P1/2N4P/PPP2P2/R1BQKB1R b KQkq - 2 8
main,anti-scandinavian-white,opening,15,13,True,30,35,1600,2024-01,2026-07,blitz+rapid+classical,4593,2576,152,1865,6,5,Nbd7:1533:858/48/627;e6:1350:722/56/572;c6:475:268/22/185;Be4:457:276/6/175;Nc6:407:239/7/161;Ne4:236:136/7/93;Nd5:76:34/3/39;Qb6:17:13/0/4;h5:12:7/2/3;c5:10:7/0/3;a6:6:4/1/1;h6:5:4/0/1,rn2kb1r/ppp1pppp/5nb1/q3N3/3P2P1/2N4P/PPP2P2/R1BQKB1R b KQkq - 2 8
main,anti-scandinavian-white,opening,15,13,True,30,35,1800,2024-01,2026-07,blitz+rapid+classical,8981,5164,342,3475,6,5,Nbd7:3210:1887/118/1205;e6:2228:1223/81/924;c6:1743:920/79/744;Nc6:688:459/21/208;Be4:569:356/17/196;Ne4:382:214/17/151;Nd5:66:44/6/16;c5:22:10/1/11;Qb6:21:10/0/11;h5:12:5/1/6;Nfd7:12:9/1/2;h6:10:10/0/0,rn2kb1r/ppp1pppp/5nb1/q3N3/3P2P1/2N4P/PPP2P2/R1BQKB1R b KQkq - 2 8
main,anti-scandinavian-white,opening,11,9,False,30,43,1400,2024-01,2026-07,blitz+rapid+classical,56006,25245,2143,28618,12,8,Nc6:17137:7158/518/9461;e6:17065:7836/736/8493;c6:10320:4736/441/5143;Nbd7:5984:2686/229/3069;Qh5:1611:798/63/750;Bxf3:1485:733/64/688;Ne4:714:378/27/309;h5:480:244/12/224;c5:194:118/7/69;Nd5:164:104/11/49;h6:163:81/8/74;e5:156:105/8/43,rn2kb1r/ppp1pppp/5n2/q7/3P2b1/2N2N2/PPP1BPPP/R1BQK2R b KQkq - 4 6
main,anti-scandinavian-white,opening,11,9,False,30,43,1600,2024-01,2026-07,blitz+rapid+classical,85789,37618,3633,44538,12,7,Nc6:28618:11360/976/16282;e6:25716:11797/1180/12739;c6:17582:7897/870/8815;Nbd7:7347:3315/325/3707;Qh5:2884:1399/123/1362;Bxf3:1549:736/87/726;Ne4:614:323/21/270;h5:369:173/12/184;c5:231:125/5/101;a6:178:87/7/84;h6:156:70/11/75;e5:119:74/3/42,rn2kb1r/ppp1pppp/5n2/q7/3P2b1/2N2N2/PPP1BPPP/R1BQK2R b KQkq - 4 6
main,anti-scandinavian-white,opening,11,9,False,30,43,1800,2024-01,2026-07,blitz+rapid+classical,77681,33439,3740,40502,10,7,Nc6:30197:11413/1200/17584;e6:22329:10230/1199/10900;c6:15805:7349/864/7592;Nbd7:4273:1957/203/2113;Qh5:3258:1574/173/1511;Bxf3:616:278/40/298;Ne4:392:204/24/164;c5:208:108/12/88;h5:134:72/7/55;h6:126:74/6/46;a6:87:41/2/44;Nd5:51:31/1/19,rn2kb1r/ppp1pppp/5n2/q7/3P2b1/2N2N2/PPP1BPPP/R1BQK2R b KQkq - 4 6
main,anti-scandinavian-white,opening,12,10,False,30,31,1400,2024-01,2026-07,blitz+rapid+classical,23186,9754,720,12712,9,5,O-O:8803:3567/258/4978;Bd2:6413:2733/214/3466;h3:2840:1355/91/1394;Be3:2744:1134/84/1526;d5:1264:535/39/690;Bg5:257:86/7/164;Bf4:250:108/4/138;a3:202:79/4/119;Ne5:141:57/7/77;Bb5:93:39/1/53;Qd3:90:31/7/52;Ng5:17:5/0/12,r3kb1r/ppp1pppp/2n2n2/q7/3P2b1/2N2N2/PPP1BPPP/R1BQK2R w KQkq - 5 7
main,anti-scandinavian-white,opening,12,10,False,30,31,1600,2024-01,2026-07,blitz+rapid+classical,38595,15448,1328,21819,10,6,O-O:15172:5949/478/8745;Bd2:9736:3906/358/5472;Be3:6078:2409/213/3456;h3:4228:1882/179/2167;d5:1839:708/53/1078;Bf4:422:168/11/243;a3:332:146/12/174;Bg5:254:81/6/167;Ne5:185:73/7/105;Qd3:159:58/3/98;Bb5:87:39/3/45;Kf1:20:6/1/13,r3kb1r/ppp1pppp/2n2n2/q7/3P2b1/2N2N2/PPP1BPPP/R1BQK2R w KQkq - 5 7
main,anti-scandinavian-white,opening,12,10,False,30,31,1800,2024-01,2026-07,blitz+rapid+classical,39789,15148,1584,23057,10,6,O-O:16724:6223/666/9835;Bd2:8032:3110/320/4602;Be3:7577:2819/300/4458;h3:4343:1896/177/2270;d5:1580:568/52/960;Bf4:506:181/17/308;a3:336:130/12/194;Ne5:200:65/15/120;Qd3:175:67/7/101;Bg5:156:38/9/109;Bb5:78:27/4/47;Kf1:22:4/3/15,r3kb1r/ppp1pppp/2n2n2/q7/3P2b1/2N2N2/PPP1BPPP/R1BQK2R w KQkq - 5 7
main,anti-scandinavian-white,opening,13,11,False,30,47,1400,2024-01,2026-07,blitz+rapid+classical,12208,4936,355,6917,5,4,O-O-O:8594:3399/247/4948;e6:2199:880/56/1263;Qh5:516:223/28/265;h5:489:192/14/283;Bxf3:159:97/3/59;e5:72:51/2/19;Rd8:34:20/0/14;h6:26:12/1/13;Qb6:19:11/0/8;a6:19:9/0/10;Nd5:16:8/1/7;Qf5:10:2/1/7,r3kb1r/ppp1pppp/2n2n2/q7/3P2b1/2N2N2/PPP1BPPP/R1BQ1RK1 b kq - 6 7
main,anti-scandinavian-white,opening,13,11,False,30,47,1600,2024-01,2026-07,blitz+rapid+classical,20394,8041,627,11726,4,4,O-O-O:14109:5500/435/8174;e6:3759:1483/104/2172;Qh5:1382:567/50/765;h5:818:302/22/494;Bxf3:77:53/7/17;e5:56:38/3/15;a6:50:17/1/32;h6:37:16/2/19;Rd8:33:16/2/15;Nd5:16:9/1/6;Qf5:13:9/0/4;g6:13:9/0/4,r3kb1r/ppp1pppp/2n2n2/q7/3P2b1/2N2N2/PPP1BPPP/R1BQ1RK1 b kq - 6 7
main,anti-scandinavian-white,opening,13,11,False,30,47,1800,2024-01,2026-07,blitz+rapid+classical,21982,8197,856,12929,5,4,O-O-O:15324:5573/591/9160;e6:3912:1507/150/2255;Qh5:1603:632/77/894;h5:783:307/25/451;a6:144:55/7/82;h6:64:29/3/32;e5:36:24/0/12;Rd8:33:14/1/18;Bxf3:25:18/1/6;Qf5:19:10/1/8;Kd8:14:11/0/3;g6:7:5/0/2,r3kb1r/ppp1pppp/2n2n2/q7/3P2b1/2N2N2/PPP1BPPP/R1BQ1RK1 b kq - 6 7
main,anti-scandinavian-white,opening,14,12,False,30,33,1400,2024-01,2026-07,blitz+rapid+classical,9605,3813,284,5508,11,4,Be3:4010:1658/110/2242;Bd2:2424:962/79/1383;h3:1195:454/40/701;a3:593:228/16/349;d5:225:81/8/136;Bf4:214:82/9/123;Ne5:188:51/5/132;Bg5:162:49/3/110;Qe1:126:48/5/73;Re1:118:44/2/72;Ng5:117:73/3/41;Nb5:64:26/1/37,2kr1b1r/ppp1pppp/2n2n2/q7/3P2b1/2N2N2/PPP1BPPP/R1BQ1RK1 w - - 7 8
main,anti-scandinavian-white,opening,14,12,False,30,33,1600,2024-01,2026-07,blitz+rapid+classical,15574,6066,492,9016,10,5,Be3:8207:3278/278/4651;Bd2:3123:1162/83/1878;h3:1503:578/56/869;a3:984:366/25/593;d5:404:184/16/204;Bf4:350:140/9/201;Ne5:181:30/3/148;Qe1:168:55/7/106;Bg5:163:53/3/107;Ng5:115:66/1/48;Re1:99:39/5/55;Nb5:77:36/2/39,2kr1b1r/ppp1pppp/2n2n2/q7/3P2b1/2N2N2/PPP1BPPP/R1BQ1RK1 w - - 7 8
main,anti-scandinavian-white,opening,14,12,False,30,33,1800,2024-01,2026-07,blitz+rapid+classical,16619,6071,637,9911,9,4,Be3:10726:3973/431/6322;Bd2:2156:775/84/1297;h3:1416:510/54/852;a3:872:308/24/540;d5:373:140/18/215;Bf4:310:136/11/163;Ne5:140:26/3/111;Qe1:131:31/2/98;Bg5:109:20/2/87;Ng5:76:41/3/32;Qd3:76:28/2/46;Re1:73:19/3/51,2kr1b1r/ppp1pppp/2n2n2/q7/3P2b1/2N2N2/PPP1BPPP/R1BQ1RK1 w - - 7 8
main,anti-scandinavian-white,opening,6,4,False,30,32,1400,2024-01,2026-07,blitz+rapid+classical,2769366,1392836,124981,1251549,12,12,Nf3:1217937:610209/56788/550940;d4:774720:401845/34933/337942;Bc4:382973:191205/15058/176710;d3:111515:52635/5609/53271;Bb5+:66020:31408/2907/31705;Be2:45340:22015/2128/21197;Qf3:41442:20317/1836/19289;g3:30997:15521/1473/14003;h3:30433:15152/1414/13867;f4:14292:7031/468/6793;Nge2:13887:6689/605/6593;b3:10388:5166/410/4812,rnbqkbnr/ppp1pppp/8/8/8/2N5/PPPP1PPP/R1BQKBNR w KQkq - 2 4
main,anti-scandinavian-white,opening,6,4,False,30,32,1600,2024-01,2026-07,blitz+rapid+classical,3080160,1525461,157138,1397561,12,12,Nf3:1273946:625693/67397/580856;d4:985253:501774/49806/433673;Bc4:461156:227247/20747/213162;d3:90792:41830/5309/43653;Bb5+:49139:23069/2392/23678;g3:40416:19969/2213/18234;h3:40337:19559/2182/18596;Be2:40171:18824/2207/19140;Qf3:33536:16360/1583/15593;f4:17029:8333/783/7913;b3:13175:6491/606/6078;Nge2:11791:5593/641/5557,rnbqkbnr/ppp1pppp/8/8/8/2N5/PPPP1PPP/R1BQKBNR w KQkq - 2 4
main,anti-scandinavian-white,opening,6,4,False,30,32,1800,2024-01,2026-07,blitz+rapid+classical,2042683,1014149,115438,913096,12,12,Nf3:776896:381724/45635/349537;d4:766339:389012/43066/334261;Bc4:327927:162117/16593/149217;d3:33476:15105/2297/16074;g3:27727:13676/1709/12342;h3:24544:11748/1573/11223;Bb5+:19431:9036/1106/9289;Be2:16811:7802/1011/7998;Qf3:13626:6557/730/6339;b3:9106:4660/428/4018;f4:9006:4424/383/4199;Nge2:6490:3016/355/3119,rnbqkbnr/ppp1pppp/8/8/8/2N5/PPPP1PPP/R1BQKBNR w KQkq - 2 4
main,anti-scandinavian-white,opening,7,5,False,30,31,1400,2024-01,2026-07,blitz+rapid+classical,1271111,636408,59133,575570,12,12,Nf6:371630:181854/17325/172451;e6:264152:131643/12621/119888;Bg4:173314:88875/8583/75856;Nc6:128167:67821/5696/54650;Bf5:126188:60765/5491/59932;c6:70066:34074/3499/32493;g6:41986:20506/1839/19641;a6:27181:14012/1154/12015;b6:14703:7513/654/6536;h6:14544:7376/653/6515;c5:8884:4640/385/3859;e5:8095:4625/324/3146,rnbqkbnr/ppp1pppp/8/8/8/2N2N2/PPPP1PPP/R1BQKB1R b KQkq - 3 4
main,anti-scandinavian-white,opening,7,5,False,30,31,1600,2024-01,2026-07,blitz+rapid+classical,1344322,659894,70868,613560,12,12,Nf6:471676:227639/24571/219466;e6:267522:131942/14208/121372;Bg4:155111:77069/8679/69363;Bf5:120236:57369/6082/56785;c6:108871:51132/6450/51289;Nc6:95158:50004/4612/40542;g6:52264:25916/2689/23659;a6:18417:9462/974/7981;b6:13498:6991/618/5889;h6:11852:6074/634/5144;c5:7860:3916/414/3530;e5:6048:3400/238/2410,rnbqkbnr/ppp1pppp/8/8/8/2N2N2/PPPP1PPP/R1BQKB1R b KQkq - 3 4
main,anti-scandinavian-white,opening,7,5,False,30,31,1800,2024-01,2026-07,blitz+rapid+classical,825657,405507,48258,371892,12,12,Nf6:332602:160782/19160/152660;e6:146113:73272/8665/64176;c6:97875:46607/5956/45312;Bg4:81990:40388/5206/36396;Bf5:63140:30187/3625/29328;Nc6:38361:20402/1987/15972;g6:31085:15594/1719/13772;b6:7527:4017/406/3104;c5:6088:2984/382/2722;a6:5518:2874/325/2319;h6:4841:2513/293/2035;e5:3228:1793/166/1269,rnbqkbnr/ppp1pppp/8/8/8/2N2N2/PPPP1PPP/R1BQKB1R b KQkq - 3 4
main,anti-scandinavian-white,opening,4,2,False,31,30,1400,2024-01,2026-07,blitz+rapid+classical,2459894,1161656,93702,1204536,12,12,Nc3:1090858:497718/46092/547048;c4:486216:224209/16357/245650;Nf3:315061:159582/11086/144393;d4:273768:141912/9441/122415;Bc4:131211:61138/4748/65325;d6:45977:20737/1671/23569;Bb5+:44713:22522/1640/20551;d3:20143:9506/811/9826;Qf3:16771:7650/670/8451;h3:7151:3548/272/3331;g3:6989:3304/234/3451;f4:5927:2943/185/2799,rnbqkb1r/ppp1pppp/5n2/3P4/8/8/PPPP1PPP/RNBQKBNR w KQkq - 1 3
main,anti-scandinavian-white,opening,4,2,False,31,30,1600,2024-01,2026-07,blitz+rapid+classical,3648243,1711811,158543,1777889,12,12,Nc3:1351044:612244/65746/673054;c4:823096:372697/31663/418736;d4:579661:292419/23574/263668;Nf3:509022:252436/21235/235351;Bc4:143060:66011/6082/70967;Bb5+:90349:46097/3733/40519;d6:58572:26154/2532/29886;d3:23064:10536/1012/11516;h3:14048:6925/575/6548;Qf3:13355:5961/664/6730;g3:11181:5279/475/5427;f4:9541:4744/318/4479,rnbqkb1r/ppp1pppp/5n2/3P4/8/8/PPPP1PPP/RNBQKBNR w KQkq - 1 3
main,anti-scandinavian-white,opening,4,2,False,31,30,1800,2024-01,2026-07,blitz+rapid+classical,3668456,1719213,182426,1766817,12,12,Nc3:1131981:517893/62878/551210;c4:833481:368416/36738/428327;d4:824049:404496/39726/379827;Nf3:520578:254988/25706/239884;Bb5+:153246:78581/7459/67206;Bc4:96175:44908/4521/46746;d6:40522:18204/2034/20284;d3:13745:6170/758/6817;h3:13243:6465/668/6110;g3:9097:4154/456/4487;f4:7292:3408/281/3603;Qf3:6057:2620/329/3108,rnbqkb1r/ppp1pppp/5n2/3P4/8/8/PPPP1PPP/RNBQKBNR w KQkq - 1 3
main,anti-scandinavian-white,opening,5,3,False,31,31,1400,2024-01,2026-07,blitz+rapid+classical,277401,143466,9590,124345,12,11,Nxd5:172523:89434/6053/77036;Qxd5:36390:19338/1291/15761;Bg4:24538:11753/813/11972;e6:15884:8388/511/6985;c6:14386:7345/487/6554;Bf5:8046:4217/253/3576;g6:2225:1112/84/1029;e5:816:436/29/351;c5:467:244/13/210;a6:439:241/17/181;Nbd7:418:214/11/193;h6:229:135/6/88,rnbqkb1r/ppp1pppp/5n2/3P4/3P4/8/PPP2PPP/RNBQKBNR b KQkq - 0 3
main,anti-scandinavian-white,opening,5,3,False,31,31,1600,2024-01,2026-07,blitz+rapid+classical,582124,293555,23665,264904,12,11,Nxd5:348815:177848/14567/156400;Bg4:70507:32557/2726/35224;Qxd5:68001:35012/2735/30254;c6:38738:19087/1504/18147;e6:29971:15577/1092/13302;Bf5:14795:7614/549/6632;g6:4591:2222/215/2154;a6:1703:864/76/763;e5:1245:683/45/517;Nbd7:1193:658/47/488;c5:1037:544/62/431;h6:354:190/9/155,rnbqkb1r/ppp1pppp/5n2/3P4/3P4/8/PPP2PPP/RNBQKBNR b KQkq - 0 3
main,anti-scandinavian-white,opening,5,3,False,31,31,1800,2024-01,2026-07,blitz+rapid+classical,825653,405217,39785,380651,12,11,Nxd5:443813:223198/22300/198315;Bg4:152260:66825/6815/78620;Qxd5:95998:47349/4637/44012;c6:67126:33266/3164/30696;e6:38373:19990/1675/16708;Bf5:16302:8330/700/7272;g6:5168:2612/211/2345;c5:2021:1070/92/859;a6:1614:832/74/708;e5:1101:599/34/468;Nbd7:723:425/33/265;b6:219:142/8/69,rnbqkb1r/ppp1pppp/5n2/3P4/3P4/8/PPP2PPP/RNBQKBNR b KQkq - 0 3
main,anti-scandinavian-white,opening,6,4,False,30,36,1400,2024-01,2026-07,blitz+rapid+classical,172425,89418,6046,76961,12,12,Nf3:84278:43765/3026/37487;c4:44432:24109/1471/18852;Bc4:19735:9733/661/9341;Nc3:11589:5582/452/5555;c3:3781:1970/144/1667;h3:1770:956/46/768;Bd3:1512:812/42/658;Be3:1234:602/70/562;Qf3:636:279/20/337;f4:614:294/17/303;Bd2:555:263/24/268;Be2:447:226/11/210,rnbqkb1r/ppp1pppp/8/3n4/3P4/8/PPP2PPP/RNBQKBNR w KQkq - 0 4
main,anti-scandinavian-white,opening,6,4,False,30,36,1600,2024-01,2026-07,blitz+rapid+classical,348676,177827,14557,156292,12,12,Nf3:146816:74851/6317/65648;c4:128027:67188/5042/55797;Bc4:26647:12704/1096/12847;Nc3:19660:9402/959/9299;c3:9996:5063/433/4500;h3:4603:2320/211/2072;Bd3:4331:2235/165/1931;Be3:2127:1049/91/987;f4:1596:773/50/773;Be2:898:430/35/433;g3:783:408/23/352;Bd2:673:284/34/355,rnbqkb1r/ppp1pppp/8/3n4/3P4/8/PPP2PPP/RNBQKBNR w KQkq - 0 4
main,anti-scandinavian-white,opening,6,4,False,30,36,1800,2024-01,2026-07,blitz+rapid+classical,443662,223190,22286,198186,12,12,c4:219236:111248/10513/97475;Nf3:153201:77524/8086/67591;Bc4:18815:8974/886/8955;Nc3:16835:7928/961/7946;c3:12865:6255/735/5875;Bd3:8076:4066/370/3640;h3:6197:3164/321/2712;f4:1827:873/83/871;Be3:1826:868/80/878;Be2:1468:737/73/658;g3:1037:512/69/456;a3:576:282/30/264,rnbqkb1r/ppp1pppp/8/3n4/3P4/8/PPP2PPP/RNBQKBNR w KQkq - 0 4
main,anti-sicilian-najdorf-english-attack,opening,8,0,True,30,42,1400,2024-01,2026-07,blitz+rapid+classical,653242,304929,24255,324058,12,12,Nc3:543943:256209/20268/267466;Bd3:46217:21003/1712/23502;Bb5+:17986:8221/756/9009;f3:14695:7010/541/7144;Bg5:8609:3440/284/4885;Bc4:7248:3258/173/3817;e5:2232:719/101/1412;Nd2:1870:840/65/965;Qf3:1796:776/68/952;c3:1247:525/40/682;Nf5:1154:461/40/653;Nf3:1084:444/49/591,rnbqkb1r/pp2pppp/3p1n2/8/3NP3/8/PPP2PPP/RNBQKB1R w KQkq - 1 5
main,anti-sicilian-najdorf-english-attack,opening,8,0,True,30,42,1600,2024-01,2026-07,blitz+rapid+classical,1445836,676160,59648,710028,12,12,Nc3:1224525:575256/50191/599078;Bd3:108022:49021/4740/54261;f3:38907:19426/1699/17782;Bb5+:30009:13514/1415/15080;Bc4:12730:5830/415/6485;Bg5:10007:4068/335/5604;Nd2:3221:1492/123/1606;c4:2272:999/91/1182;e5:2218:814/92/1312;c3:2038:883/71/1084;Be3:1994:884/75/1035;Qf3:1842:790/81/971,rnbqkb1r/pp2pppp/3p1n2/8/3NP3/8/PPP2PPP/RNBQKB1R w KQkq - 1 5
main,anti-sicilian-najdorf-english-attack,opening,8,0,True,30,42,1800,2024-01,2026-07,blitz+rapid+classical,2340249,1099323,109297,1131629,12,12,Nc3:2033463:957897/93752/981814;Bd3:158833:71775/8223/78835;f3:70503:36109/3669/30725;Bb5+:30728:13171/1711/15846;Bc4:17241:8056/641/8544;Bg5:6757:2742/254/3761;Nd2:3990:1746/183/2061;c4:3741:1682/157/1902;c3:2556:1031/116/1409;Be3:2553:1086/116/1351;Nb3:1426:610/74/742;Qd3:1419:643/73/703,rnbqkb1r/pp2pppp/3p1n2/8/3NP3/8/PPP2PPP/RNBQKB1R w KQkq - 1 5
main,anti-sicilian-najdorf-english-attack,opening,9,1,True,30,31,1400,2024-01,2026-07,blitz+rapid+classical,598752,281416,22379,294957,12,12,a6:327882:153433/11711/162738;g6:149264:68790/5861/74613;Nc6:48452:23084/1949/23419;e5:31507:15879/1357/14271;e6:26234:12475/986/12773;Bd7:4260:2073/179/2008;Bg4:3067:1636/106/1325;Qa5:2604:1247/72/1285;Nbd7:2299:1089/65/1145;Qb6:800:386/25/389;h6:663:338/16/309;b6:409:234/9/166,rnbqkb1r/pp2pppp/3p1n2/8/3NP3/2N5/PPP2PPP/R1BQKB1R b KQkq - 2 5
main,anti-sicilian-najdorf-english-attack,opening,9,1,True,30,31,1600,2024-01,2026-07,blitz+rapid+classical,1315289,616888,54127,644274,12,12,a6:794569:372630/31965/389974;g6:301044:137972/12864/150208;Nc6:98724:47032/4331/47361;e6:57147:26805/2333/28009;e5:42532:21397/1837/19298;Bd7:5439:2686/276/2477;Nbd7:4805:2438/153/2214;Bg4:4310:2358/144/1808;Qa5:2577:1324/82/1171;h6:1409:699/60/650;Qb6:630:345/17/268;a5:608:333/21/254,rnbqkb1r/pp2pppp/3p1n2/8/3NP3/2N5/PPP2PPP/R1BQKB1R b KQkq - 2 5
main,anti-sicilian-najdorf-english-attack,opening,9,1,True,30,31,1800,2024-01,2026-07,blitz+rapid+classical,2145855,1009399,99008,1037448,12,11,a6:1353852:639801/61054/652997;g6:488934:225239/23552/240143;Nc6:157334:73084/7518/76732;e6:84650:40807/3975/39868;e5:43815:21574/2111/20130;Bd7:5249:2594/255/2400;Nbd7:4914:2445/233/2236;Bg4:2015:1165/81/769;h6:1298:631/70/597;Qa5:1185:618/45/522;a5:876:467/40/369;Qb6:379:204/14/161,rnbqkb1r/pp2pppp/3p1n2/8/3NP3/2N5/PPP2PPP/R1BQKB1R b KQkq - 2 5
main,anti-sicilian-najdorf-english-attack,opening,10,2,True,30,43,1400,2024-01,2026-07,blitz+rapid+classical,349150,163588,12452,173110,12,12,Bg5:86245:40443/3147/42655;Bc4:59643:27588/2033/30022;Bd3:53710:24583/1945/27182;Be3:51486:25745/1755/23986;Be2:28328:13463/1061/13804;f3:15833:8256/478/7099;a4:11428:5087/444/5897;h3:7537:3573/263/3701;a3:6086:2775/230/3081;f4:6015:2846/222/2947;Nf3:5532:2487/270/2775;Bf4:5464:1354/165/3945,rnbqkb1r/1p2pppp/p2p1n2/8/3NP3/2N5/PPP2PPP/R1BQKB1R w KQkq - 0 6
main,anti-sicilian-najdorf-english-attack,opening,10,2,True,30,43,1600,2024-01,2026-07,blitz+rapid+classical,834761,392049,33426,409286,12,12,Bg5:185719:86257/7293/92169;Be3:147094:71712/5694/69688;Bc4:123270:57557/4651/61062;Bd3:111678:50226/4810/56642;Be2:87215:41316/3747/42152;f3:59457:30856/2113/26488;a4:31495:14468/1359/15668;h3:19653:9230/835/9588;a3:14852:6621/679/7552;f4:14704:7047/563/7094;Nf3:8941:3983/495/4463;g3:8440:3875/379/4186,rnbqkb1r/1p2pppp/p2p1n2/8/3NP3/2N5/PPP2PPP/R1BQKB1R w KQkq - 0 6
main,anti-sicilian-najdorf-english-attack,opening,10,2,True,30,43,1800,2024-01,2026-07,blitz+rapid+classical,1405386,664908,63272,677206,12,12,Bg5:284935:135292/11814/137829;Be3:277364:133165/12123/132076;Bc4:189262:89744/8203/91315;Be2:180811:85129/9001/86681;Bd3:140713:62261/6876/71576;f3:131545:65870/5615/60060;a4:60433:27693/3079/29661;h3:39288:19167/1897/18224;f4:23906:11619/987/11300;a3:21018:9145/1118/10755;g3:15758:7329/794/7635;Rg1:11872:6570/413/4889,rnbqkb1r/1p2pppp/p2p1n2/8/3NP3/2N5/PPP2PPP/R1BQKB1R w KQkq - 0 6
main,anti-sicilian-najdorf-english-attack,opening,11,3,True,30,30,1400,2024-01,2026-07,blitz+rapid+classical,52152,26079,1782,24291,12,10,e5:21902:10715/789/10398;e6:12843:6402/400/6041;g6:4218:2267/147/1804;b5:3858:1978/144/1736;Nc6:3783:1959/124/1700;Ng4:1870:825/67/978;Nbd7:1364:707/35/622;Qc7:735:362/27/346;Bd7:710:389/21/300;Bg4:442:253/15/174;Qa5:153:74/4/75;h6:104:56/4/44,rnbqkb1r/1p2pppp/p2p1n2/8/3NP3/2N1B3/PPP2PPP/R2QKB1R b KQkq - 1 6
main,anti-sicilian-najdorf-english-attack,opening,11,3,True,30,30,1600,2024-01,2026-07,blitz+rapid+classical,148565,72416,5736,70413,12,10,e5:64656:31076/2644/30936;e6:38306:18502/1425/18379;g6:9958:5167/381/4410;b5:9875:4814/363/4698;Nc6:9069:4805/354/3910;Ng4:7614:3370/249/3995;Nbd7:3540:1846/107/1587;Qc7:2433:1160/86/1187;Bd7:1482:749/79/654;Bg4:883:517/26/340;h6:247:132/12/103;Qa5:227:121/5/101,rnbqkb1r/1p2pppp/p2p1n2/8/3NP3/2N1B3/PPP2PPP/R2QKB1R b KQkq - 1 6
main,anti-sicilian-najdorf-english-attack,opening,11,3,True,30,30,1800,2024-01,2026-07,blitz+rapid+classical,279550,134189,12228,133133,12,10,e5:134475:63673/6064/64738;e6:71754:34391/3030/34333;Ng4:18495:8233/841/9421;b5:16034:7666/638/7730;g6:15327:7998/642/6687;Nc6:11822:6248/543/5031;Nbd7:4636:2335/174/2127;Qc7:4357:2135/186/2036;Bd7:1478:818/68/592;Bg4:549:357/25/167;h6:220:126/7/87;Qa5:154:80/4/70,rnbqkb1r/1p2pppp/p2p1n2/8/3NP3/2N1B3/PPP2PPP/R2QKB1R b KQkq - 1 6
main,anti-sicilian-najdorf-english-attack,opening,12,4,True,30,45,1400,2024-01,2026-07,blitz+rapid+classical,21902,10718,788,10396,4,4,Nb3:10846:5589/362/4895;Nf3:7966:3732/327/3907;Nf5:2296:1085/72/1139;Nde2:429:212/18/199;f3:98:24/1/73;Bd3:68:17/1/50;Qd2:65:19/2/44;Be2:60:19/3/38;Bc4:32:13/1/18;h3:17:5/0/12;f4:4:0/0/4;a3:3:1/0/2,rnbqkb1r/1p3ppp/p2p1n2/4p3/3NP3/2N1B3/PPP2PPP/R2QKB1R w KQkq - 0 7
main,anti-sicilian-najdorf-english-attack,opening,12,4,True,30,45,1600,2024-01,2026-07,blitz+rapid+classical,64641,31076,2643,30922,8,5,Nb3:37721:18917/1497/17307;Nf3:18423:8455/858/9110;Nf5:6030:2719/232/3079;Nde2:1315:642/37/636;f3:415:131/7/277;Be2:254:74/3/177;Qd2:180:57/2/121;Bd3:141:35/6/100;Bc4:65:19/1/45;h3:33:7/0/26;b3:10:4/0/6;Qd3:9:3/0/6,rnbqkb1r/1p3ppp/p2p1n2/4p3/3NP3/2N1B3/PPP2PPP/R2QKB1R w KQkq - 0 7
main,anti-sicilian-najdorf-english-attack,opening,12,4,True,30,45,1800,2024-01,2026-07,blitz+rapid+classical,134467,63684,6064,64719,8,7,Nb3:91714:44917/3997/42800;Nf3:28688:12843/1486/14359;Nf5:8264:3589/365/4310;Nde2:3394:1658/145/1591;f3:1042:281/25/736;Be2:438:147/8/283;Qd2:394:130/15/249;Bd3:270:56/10/204;Bc4:99:22/5/72;h3:40:13/3/24;b3:26:4/3/19;a3:25:5/1/19,rnbqkb1r/1p3ppp/p2p1n2/4p3/3NP3/2N1B3/PPP2PPP/R2QKB1R w KQkq - 0 7
main,anti-sicilian-najdorf-english-attack,opening,13,5,True,30,31,1400,2024-01,2026-07,blitz+rapid+classical,11507,5953,379,5175,6,4,Be6:5503:2712/200/2591;Be7:3704:1931/106/1667;Nc6:1085:607/34/444;b5:649:383/18/248;Nbd7:140:82/5/53;Ng4:124:55/6/63;g6:80:58/2/20;Bg4:80:43/3/34;h6:41:25/1/15;Qc7:40:16/0/24;Bd7:22:14/0/8;d5:9:6/1/2,rnbqkb1r/1p3ppp/p2p1n2/4p3/4P3/1NN1B3/PPP2PPP/R2QKB1R b KQkq - 1 7
main,anti-sicilian-najdorf-english-attack,opening,13,5,True,30,31,1600,2024-01,2026-07,blitz+rapid+classical,39169,19683,1557,17929,8,4,Be6:21658:10550/893/10215;Be7:12353:6276/478/5599;Nc6:2359:1332/82/945;b5:1498:828/52/618;Ng4:341:170/13/158;Nbd7:332:170/16/146;Qc7:188:100/4/84;Bg4:152:86/9/57;h6:93:46/5/42;g6:84:54/1/29;Bd7:32:19/1/12;h5:27:16/2/9,rnbqkb1r/1p3ppp/p2p1n2/4p3/4P3/1NN1B3/PPP2PPP/R2QKB1R b KQkq - 1 7
main,anti-sicilian-najdorf-english-attack,opening,13,5,True,30,31,1800,2024-01,2026-07,blitz+rapid+classical,93744,46049,4079,43616,9,6,Be6:59966:28871/2713/28382;Be7:26823:13382/1071/12370;Nc6:2567:1486/111/970;b5:1999:1110/72/817;Ng4:1004:449/42/513;Qc7:404:188/19/197;Nbd7:366:207/15/144;h6:207:103/18/86;Bg4:164:103/7/54;g6:72:48/4/20;h5:70:38/4/28;Bd7:37:23/1/13,rnbqkb1r/1p3ppp/p2p1n2/4p3/4P3/1NN1B3/PPP2PPP/R2QKB1R b KQkq - 1 7
main,anti-sicilian-najdorf-english-attack,opening,14,6,True,30,48,1400,2024-01,2026-07,blitz+rapid+classical,5684,2810,201,2673,6,5,f3:1830:950/68/812;Qd2:1219:580/35/604;Be2:1067:511/45/511;Bd3:702:332/22/348;Nd5:434:224/11/199;h3:107:68/3/36;f4:87:44/4/39;Nd2:60:27/2/31;Bg5:36:17/5/14;g3:27:11/2/14;Qf3:24:12/3/9;a4:19:7/0/12,rn1qkb1r/1p3ppp/p2pbn2/4p3/4P3/1NN1B3/PPP2PPP/R2QKB1R w KQkq - 2 8
main,anti-sicilian-najdorf-english-attack,opening,14,6,True,30,48,1600,2024-01,2026-07,blitz+rapid+classical,22108,10776,909,10423,10,5,f3:8762:4406/351/4005;Be2:4292:1985/209/2098;Qd2:4138:2041/141/1956;Bd3:2300:1030/106/1164;Nd5:1370:717/43/610;h3:309:169/21/119;f4:254:132/10/112;Bg5:173:73/11/89;Nd2:119:60/5/54;a4:116:51/5/60;g3:60:28/1/31;a3:41:17/2/22,rn1qkb1r/1p3ppp/p2pbn2/4p3/4P3/1NN1B3/PPP2PPP/R2QKB1R w KQkq - 2 8
main,anti-sicilian-najdorf-english-attack,opening,14,6,True,30,48,1800,2024-01,2026-07,blitz+rapid+classical,60988,29378,2764,28846,11,8,f3:29392:14404/1266/13722;Be2:10806:4942/586/5278;Qd2:9607:4627/401/4579;Bd3:5176:2374/244/2558;Nd5:3044:1610/125/1309;h3:810:422/30/358;f4:625:311/23/291;Bg5:482:219/25/238;a4:282:132/21/129;Nd2:198:83/13/102;g3:134:56/11/67;Na4:82:34/5/43,rn1qkb1r/1p3ppp/p2pbn2/4p3/4P3/1NN1B3/PPP2PPP/R2QKB1R w KQkq - 2 8
main,anti-sicilian-najdorf-english-attack,opening,15,7,True,30,35,1400,2024-01,2026-07,blitz+rapid+classical,3882,2049,142,1691,6,2,Be7:2482:1325/86/1071;Nbd7:467:210/23/234;Nc6:327:196/10/121;h5:196:95/6/95;b5:189:102/8/79;d5:104:59/8/37;Qc7:49:21/0/28;Bxb3:39:24/1/14;g6:11:7/0/4;h6:10:4/0/6;Nh5:2:2/0/0;a5:2:0/0/2,rn1qkb1r/1p3ppp/p2pbn2/4p3/4P3/1NN1BP2/PPP3PP/R2QKB1R b KQkq - 0 8
main,anti-sicilian-najdorf-english-attack,opening,15,7,True,30,35,1600,2024-01,2026-07,blitz+rapid+classical,19476,9953,755,8768,8,6,Be7:12435:6344/476/5615;Nbd7:2696:1327/108/1261;Nc6:1356:739/53/564;b5:999:518/35/446;h5:899:447/33/419;d5:500:271/35/194;Qc7:349:171/8/170;Bxb3:130:81/5/44;h6:50:22/2/26;g6:20:10/0/10;Ke7:11:7/0/4;a5:8:2/0/6,rn1qkb1r/1p3ppp/p2pbn2/4p3/4P3/1NN1BP2/PPP3PP/R2QKB1R b KQkq - 0 8
main,anti-sicilian-najdorf-english-attack,opening,15,7,True,30,35,1800,2024-01,2026-07,blitz+rapid+classical,62812,30735,2764,29313,9,7,Be7:36977:18259/1569/17149;Nbd7:12516:5850/544/6122;h5:4493:2032/200/2261;b5:2696:1364/103/1229;Nc6:2517:1365/115/1037;d5:1649:879/130/640;Qc7:1616:789/84/743;h6:134:68/6/60;Bxb3:114:69/6/39;Ke7:31:18/2/11;g6:25:19/1/5;a5:15:7/2/6,rn1qkb1r/1p3ppp/p2pbn2/4p3/4P3/1NN1BP2/PPP3PP/R2QKB1R b KQkq - 0 8
main,anti-sicilian-najdorf-english-attack,opening,16,8,True,30,47,1400,2024-01,2026-07,blitz+rapid+classical,3421,1805,110,1506,4,1,Qd2:2516:1358/77/1081;Be2:361:174/18/169;Nd5:197:105/8/84;Bd3:179:83/6/90;g4:63:36/1/26;Nd2:24:13/0/11;h4:14:6/0/8;a4:11:5/0/6;Qd3:11:5/0/6;Na4:10:6/0/4;Qe2:9:4/0/5;a3:6:4/0/2,rn1qk2r/1p2bppp/p2pbn2/4p3/4P3/1NN1BP2/PPP3PP/R2QKB1R w KQkq - 1 9
main,anti-sicilian-najdorf-english-attack,opening,16,8,True,30,47,1600,2024-01,2026-07,blitz+rapid+classical,17438,8821,681,7936,5,5,Qd2:13135:6833/483/5819;Be2:1809:844/95/870;Nd5:916:438/33/445;Bd3:870:377/47/446;g4:391:193/14/184;Nd2:58:27/4/27;Na4:46:18/2/26;a4:42:22/1/19;h4:39:22/1/16;Qd3:31:11/0/20;Bg5:25:15/0/10;Qe2:22:9/1/12,rn1qk2r/1p2bppp/p2pbn2/4p3/4P3/1NN1BP2/PPP3PP/R2QKB1R w KQkq - 1 9
main,anti-sicilian-najdorf-english-attack,opening,16,8,True,30,47,1800,2024-01,2026-07,blitz+rapid+classical,52285,25749,2207,24329,8,5,Qd2:41653:20876/1677/19100;Be2:4177:1856/223/2098;Nd5:2131:997/97/1037;Bd3:2103:939/105/1059;g4:1478:773/62/643;a4:128:58/11/59;Nd2:118:51/6/61;Na4:106:46/2/58;h4:98:37/8/53;Qe2:76:33/1/42;Qd3:53:22/2/29;Bg5:47:20/4/23,rn1qk2r/1p2bppp/p2pbn2/4p3/4P3/1NN1BP2/PPP3PP/R2QKB1R w KQkq - 1 9
main,anti-sicilian-najdorf-english-attack,opening,17,9,True,30,36,1400,2024-01,2026-07,blitz+rapid+classical,2850,1534,90,1226,5,2,O-O:1346:735/40/571;Nbd7:738:387/26/325;Nc6:210:120/4/86;b5:202:109/8/85;h5:154:70/10/74;Qc7:98:60/1/37;d5:58:28/1/29;h6:18:11/0/7;Bxb3:13:8/0/5;a5:8:4/0/4;Nh5:2:1/0/1;Qd7:2:1/0/1,rn1qk2r/1p2bppp/p2pbn2/4p3/4P3/1NN1BP2/PPPQ2PP/R3KB1R b KQkq - 2 9
main,anti-sicilian-najdorf-english-attack,opening,17,9,True,30,36,1600,2024-01,2026-07,blitz+rapid+classical,14466,7514,525,6427,7,6,O-O:5487:2891/192/2404;Nbd7:4489:2260/157/2072;Nc6:1150:675/41/434;b5:1117:596/41/480;h5:1053:490/34/529;Qc7:644:324/21/299;d5:343:165/29/149;h6:76:47/5/24;Bxb3:44:25/4/15;a5:26:15/1/10;Nh5:14:10/0/4;Kf8:8:6/0/2,rn1qk2r/1p2bppp/p2pbn2/4p3/4P3/1NN1BP2/PPPQ2PP/R3KB1R b KQkq - 2 9
main,anti-sicilian-najdorf-english-attack,opening,17,9,True,30,36,1800,2024-01,2026-07,blitz+rapid+classical,45046,22541,1806,20699,8,7,O-O:16551:8166/600/7785;Nbd7:15022:7449/593/6980;h5:5001:2312/224/2465;b5:2735:1507/96/1132;Qc7:2437:1259/109/1069;Nc6:2096:1241/92/763;d5:889:421/72/396;h6:159:90/12/57;a5:54:34/3/17;Bxb3:47:28/3/16;Kf8:14:11/0/3;Qc8:12:5/1/6,rn1qk2r/1p2bppp/p2pbn2/4p3/4P3/1NN1BP2/PPPQ2PP/R3KB1R b KQkq - 2 9
main,anti-sicilian-najdorf-english-attack,opening,16,8,False,30,47,1400,2024-01,2026-07,blitz+rapid+classical,233,111,7,115,1,0,Qd2:155:77/3/75;Be2:26:16/3/7;Nd5:25:10/0/15;h4:9:4/0/5;Bd3:8:1/0/7;Bg5:4:1/0/3;h3:3:0/1/2;Kf2:1:0/0/1;a4:1:1/0/0;Qd3:1:1/0/0,rn1qkb1r/1p3pp1/p2pbn2/4p2p/4P3/1NN1BP2/PPP3PP/R2QKB1R w KQkq - 0 9
main,anti-sicilian-najdorf-english-attack,opening,16,8,False,30,47,1600,2024-01,2026-07,blitz+rapid+classical,1164,575,41,548,2,1,Qd2:848:423/25/400;Be2:104:47/5/52;Nd5:79:43/4/32;h4:48:20/2/26;Bd3:40:19/2/19;h3:13:7/1/5;Bg5:10:6/0/4;Nd2:5:2/1/2;Na4:4:3/1/0;Qb1:3:2/0/1;a3:2:2/0/0;Qe2:2:0/0/2,rn1qkb1r/1p3pp1/p2pbn2/4p2p/4P3/1NN1BP2/PPP3PP/R2QKB1R w KQkq - 0 9
main,anti-sicilian-najdorf-english-attack,opening,16,8,False,30,47,1800,2024-01,2026-07,blitz+rapid+classical,5540,2527,239,2774,5,2,Qd2:4182:1921/182/2079;Be2:411:175/14/222;Nd5:364:180/16/168;h4:201:91/7/103;Bd3:200:86/10/104;Bg5:49:25/3/21;h3:39:14/2/23;a4:20:7/1/12;Na4:19:7/0/12;g3:14:4/2/8;Nd2:12:5/0/7;Qd3:6:1/0/5,rn1qkb1r/1p3pp1/p2pbn2/4p2p/4P3/1NN1BP2/PPP3PP/R2QKB1R w KQkq - 0 9
main,anti-sicilian-najdorf-english-attack,opening,17,9,False,30,36,1400,2024-01,2026-07,blitz+rapid+classical,155,77,3,75,0,0,Nbd7:71:27/1/43;Be7:59:37/1/21;b5:11:6/1/4;Qc7:6:4/0/2;g6:4:1/0/3;Nc6:3:2/0/1;d5:1:0/0/1,rn1qkb1r/1p3pp1/p2pbn2/4p2p/4P3/1NN1BP2/PPPQ2PP/R3KB1R b KQkq - 1 9
main,anti-sicilian-najdorf-english-attack,opening,17,9,False,30,36,1600,2024-01,2026-07,blitz+rapid+classical,861,429,25,407,2,1,Nbd7:486:239/12/235;Be7:259:135/9/115;b5:43:21/2/20;Nc6:24:10/0/14;Qc7:22:8/0/14;g6:20:11/1/8;d5:6:4/1/1;h4:1:1/0/0,rn1qkb1r/1p3pp1/p2pbn2/4p2p/4P3/1NN1BP2/PPPQ2PP/R3KB1R b KQkq - 1 9
main,anti-sicilian-najdorf-english-attack,opening,17,9,False,30,36,1800,2024-01,2026-07,blitz+rapid+classical,4258,1959,182,2117,4,2,Nbd7:2502:1109/95/1298;Be7:1265:605/56/604;Qc7:167:77/9/81;b5:152:71/11/70;Nc6:69:37/6/26;g6:59:36/2/21;h4:23:12/1/10;d5:15:9/1/5;Qd7:3:0/1/2;a5:3:3/0/0,rn1qkb1r/1p3pp1/p2pbn2/4p2p/4P3/1NN1BP2/PPPQ2PP/R3KB1R b KQkq - 1 9
main,anti-sicilian-najdorf-english-attack,opening,12,4,False,30,44,1400,2024-01,2026-07,blitz+rapid+classical,1878,830,68,980,6,1,Qd2:398:171/11/216;Bd2:364:168/14/182;Bg5:285:155/12/118;Bf4:199:54/3/142;Bc1:114:60/14/40;Be2:109:49/3/57;Qf3:86:33/2/51;h3:83:41/3/39;Bc4:58:36/1/21;Bd3:49:21/3/25;f3:41:7/1/33;Qe2:30:12/0/18,rnbqkb1r/1p2pppp/p2p4/8/3NP1n1/2N1B3/PPP2PPP/R2QKB1R w KQkq - 2 7
main,anti-sicilian-najdorf-english-attack,opening,12,4,False,30,44,1600,2024-01,2026-07,blitz+rapid+classical,7626,3377,251,3998,10,6,Bg5:1541:799/43/699;Bd2:1529:686/42/801;Qd2:1362:587/44/731;Bf4:820:229/19/572;Bc1:708:360/48/300;Be2:390:178/8/204;Qf3:297:130/14/153;Bd3:223:105/11/107;Bc4:222:106/7/109;h3:182:76/5/101;Qe2:95:40/3/52;Qd3:83:37/3/43,rnbqkb1r/1p2pppp/p2p4/8/3NP1n1/2N1B3/PPP2PPP/R2QKB1R w KQkq - 2 7
main,anti-sicilian-najdorf-english-attack,opening,12,4,False,30,44,1800,2024-01,2026-07,blitz+rapid+classical,18552,8259,843,9450,12,9,Bg5:5572:2810/199/2563;Qd2:3064:1295/123/1646;Bd2:2884:1236/134/1514;Bc1:2403:1168/223/1012;Bf4:1437:412/35/990;Be2:741:296/38/407;Bc4:577:283/21/273;Qf3:538:237/22/279;Bd3:427:175/18/234;h3:248:100/11/137;Qe2:168:72/6/90;Qd3:137:53/3/81,rnbqkb1r/1p2pppp/p2p4/8/3NP1n1/2N1B3/PPP2PPP/R2QKB1R w KQkq - 2 7
main,anti-sicilian-najdorf-english-attack,opening,13,5,False,30,29,1400,2024-01,2026-07,blitz+rapid+classical,285,155,12,118,1,0,h6:227:120/11/96;f6:19:10/1/8;Qb6:17:14/0/3;Qa5:6:3/0/3;Nc6:6:3/0/3;Nd7:2:1/0/1;b5:2:1/0/1;g6:2:1/0/1;Ne5:1:0/0/1;Qc7:1:0/0/1;Bd7:1:1/0/0;Nf6:1:1/0/0,rnbqkb1r/1p2pppp/p2p4/6B1/3NP1n1/2N5/PPP2PPP/R2QKB1R b KQkq - 3 7
main,anti-sicilian-najdorf-english-attack,opening,13,5,False,30,29,1600,2024-01,2026-07,blitz+rapid+classical,1540,798,43,699,1,1,h6:1257:641/37/579;Qb6:79:39/2/38;Qa5:59:35/1/23;f6:53:34/2/17;Nc6:35:15/0/20;g6:23:14/0/9;Nf6:13:6/0/7;Nd7:7:5/0/2;b5:6:3/1/2;Ne5:3:2/0/1;Nxf2:1:1/0/0;a5:1:0/0/1,rnbqkb1r/1p2pppp/p2p4/6B1/3NP1n1/2N5/PPP2PPP/R2QKB1R b KQkq - 3 7
main,anti-sicilian-najdorf-english-attack,opening,13,5,False,30,29,1800,2024-01,2026-07,blitz+rapid+classical,5570,2808,199,2563,3,1,h6:4747:2335/173/2239;Qb6:263:147/9/107;Qa5:224:121/7/96;f6:96:69/1/26;Nc6:89:48/3/38;Nf6:66:32/5/29;g6:35:23/0/12;b5:15:11/0/4;Nd7:12:8/0/4;Qc7:6:4/1/1;Nh6:6:2/0/4;h5:5:4/0/1,rnbqkb1r/1p2pppp/p2p4/6B1/3NP1n1/2N5/PPP2PPP/R2QKB1R b KQkq - 3 7
main,anti-sicilian-najdorf-english-attack,opening,12,4,False,30,46,1400,2024-01,2026-07,blitz+rapid+classical,18442,9140,572,8730,12,6,Bd3:3940:1812/130/1998;f3:3901:2125/110/1666;Qd2:3278:1670/85/1523;Be2:3186:1557/99/1530;Bc4:1751:800/62/889;f4:426:208/14/204;h3:366:162/12/192;Qf3:238:143/9/86;Nf3:226:98/10/118;a3:196:115/8/73;g4:161:91/2/68;a4:157:86/6/65,rnbqkb1r/1p3ppp/p2ppn2/8/3NP3/2N1B3/PPP2PPP/R2QKB1R w KQkq - 0 7
main,anti-sicilian-najdorf-english-attack,opening,12,4,False,30,46,1600,2024-01,2026-07,blitz+rapid+classical,54441,26317,2033,26091,12,10,f3:15413:8196/515/6702;Be2:10472:4853/438/5181;Bd3:9349:4037/399/4913;Qd2:8977:4461/282/4234;Bc4:4287:1957/173/2157;f4:1187:554/50/583;h3:1042:479/37/526;g4:761:413/24/324;a3:567:291/19/257;a4:500:248/20/232;Nf3:376:133/21/222;Qf3:357:218/10/129,rnbqkb1r/1p3ppp/p2ppn2/8/3NP3/2N1B3/PPP2PPP/R2QKB1R w KQkq - 0 7
main,anti-sicilian-najdorf-english-attack,opening,12,4,False,30,46,1800,2024-01,2026-07,blitz+rapid+classical,100879,48435,4359,48085,12,12,f3:35653:18342/1431/15880;Be2:20674:9314/1010/10350;Qd2:15214:7456/605/7153;Bd3:12348:5331/590/6427;Bc4:6219:2887/271/3061;g4:2598:1383/82/1133;f4:2034:945/105/984;h3:1593:685/58/850;a4:1230:576/57/597;a3:944:445/55/444;g3:519:210/19/290;Nb3:441:183/11/247,rnbqkb1r/1p3ppp/p2ppn2/8/3NP3/2N1B3/PPP2PPP/R2QKB1R w KQkq - 0 7
main,anti-sicilian-najdorf-english-attack,opening,13,5,False,30,28,1400,2024-01,2026-07,blitz+rapid+classical,7532,4131,211,3190,6,4,Be7:5176:2901/140/2135;b5:849:423/23/403;Qc7:404:210/8/186;Nc6:386:212/12/162;Nbd7:345:195/6/144;Bd7:124:66/8/50;g6:62:35/4/23;e5:45:24/2/19;h5:39:13/2/24;d5:29:14/2/13;Qb6:25:9/1/15;h6:19:9/0/10,rnbqkb1r/1p3ppp/p2ppn2/8/3NP3/2N1BP2/PPP3PP/R2QKB1R b KQkq - 0 7
main,anti-sicilian-najdorf-english-attack,opening,13,5,False,30,28,1600,2024-01,2026-07,blitz+rapid+classical,31218,16605,1024,13589,9,5,Be7:21486:11659/706/9121;b5:4068:1981/120/1967;Qc7:2189:1078/75/1036;Nbd7:1265:670/39/556;Nc6:1083:585/44/454;Bd7:352:196/21/135;e5:182:105/4/73;h5:162:81/5/76;g6:145:90/2/53;h6:71:45/1/25;Qb6:66:30/3/33;d5:57:29/2/26,rnbqkb1r/1p3ppp/p2ppn2/8/3NP3/2N1BP2/PPP3PP/R2QKB1R b KQkq - 0 7
main,anti-sicilian-najdorf-english-attack,opening,13,5,False,30,28,1800,2024-01,2026-07,blitz+rapid+classical,70782,36414,2831,31537,12,7,Be7:45502:24124/1787/19591;b5:11385:5193/447/5745;Qc7:6766:3315/311/3140;Nbd7:2956:1476/107/1373;Nc6:1905:1077/82/746;Bd7:652:358/34/260;h5:556:267/24/265;e5:238:132/9/97;g6:210:145/5/60;d5:195:93/12/90;h6:159:102/3/54;b6:102:55/5/42,rnbqkb1r/1p3ppp/p2ppn2/8/3NP3/2N1BP2/PPP3PP/R2QKB1R b KQkq - 0 7
main,carlsbad-minority-attack,middlegame,19,0,True,30,28,1400,2024-01,2026-07,blitz+rapid+classical,183,89,12,82,1,0,Nf8:108:56/6/46;h6:41:14/4/23;Ne4:8:5/0/3;g6:7:4/0/3;b5:5:1/0/4;Qc7:4:2/1/1;Bf8:3:3/0/0;a6:2:1/0/1;b6:2:1/0/1;c5:2:1/1/0;Qa5:1:1/0/0,r1bqr1k1/pp1nbppp/2p2n2/3p2B1/3P4/2NBP3/PPQ1NPPP/R4RK1 b - - 7 10
main,carlsbad-minority-attack,middlegame,19,0,True,30,28,1600,2024-01,2026-07,blitz+rapid+classical,1003,476,46,481,2,1,Nf8:652:301/32/319;h6:205:100/7/98;Ne4:51:26/4/21;g6:38:21/0/17;Qc7:16:10/0/6;a6:10:6/0/4;a5:7:5/0/2;b6:5:2/0/3;Bf8:4:0/2/2;b5:4:2/0/2;c5:4:1/0/3;Bd6:2:0/0/2,r1bqr1k1/pp1nbppp/2p2n2/3p2B1/3P4/2NBP3/PPQ1NPPP/R4RK1 b - - 7 10
main,carlsbad-minority-attack,middlegame,19,0,True,30,28,1800,2024-01,2026-07,blitz+rapid+classical,4347,2196,226,1925,4,2,Nf8:3008:1499/162/1347;h6:764:400/37/327;Ne4:328:164/20/144;g6:100:43/4/53;a5:26:14/1/11;Qc7:25:15/1/9;a6:23:15/0/8;Bf8:17:9/1/7;b6:15:7/0/8;Bd6:9:6/0/3;b5:8:6/0/2;c5:8:7/0/1,r1bqr1k1/pp1nbppp/2p2n2/3p2B1/3P4/2NBP3/PPQ1NPPP/R4RK1 b - - 7 10
main,carlsbad-minority-attack,middlegame,20,1,True,30,46,1400,2024-01,2026-07,blitz+rapid+classical,114,59,7,48,0,0,f3:51:27/6/18;a3:10:4/0/6;Rae1:8:7/0/1;Rad1:7:5/0/2;Bxf6:6:4/0/2;Bh4:6:3/0/3;Rab1:4:0/0/4;h3:4:3/0/1;Nf4:4:0/0/4;Ng3:3:3/0/0;h4:2:1/0/1;a4:2:0/0/2,r1bqrnk1/pp2bppp/2p2n2/3p2B1/3P4/2NBP3/PPQ1NPPP/R4RK1 w - - 8 11
main,carlsbad-minority-attack,middlegame,20,1,True,30,46,1600,2024-01,2026-07,blitz+rapid+classical,690,313,31,346,1,0,f3:230:103/8/119;Rad1:87:39/7/41;Rae1:75:43/4/28;a3:57:23/4/30;Rab1:46:20/2/24;Bh4:33:12/0/21;h3:31:17/1/13;Ng3:29:15/1/13;Bxf6:20:11/0/9;Rac1:18:3/0/15;Rfe1:13:6/2/5;Nf4:10:6/1/3,r1bqrnk1/pp2bppp/2p2n2/3p2B1/3P4/2NBP3/PPQ1NPPP/R4RK1 w - - 8 11
main,carlsbad-minority-attack,middlegame,20,1,True,30,46,1800,2024-01,2026-07,blitz+rapid+classical,3110,1553,167,1390,7,2,f3:1052:536/53/463;Rae1:515:244/41/230;Rad1:360:183/21/156;Rab1:281:160/10/111;a3:240:129/8/103;Bh4:158:80/8/70;h3:144:63/9/72;Ng3:79:35/5/39;Rac1:72:38/2/32;Bxf6:61:27/6/28;Rfe1:57:28/1/28;e4:16:3/0/13,r1bqrnk1/pp2bppp/2p2n2/3p2B1/3P4/2NBP3/PPQ1NPPP/R4RK1 w - - 8 11
main,carlsbad-minority-attack,middlegame,21,2,True,30,31,1400,2024-01,2026-07,blitz+rapid+classical,4,0,0,4,0,0,Rb8:1:0/0/1;Be6:1:0/0/1;Bg4:1:0/0/1;a5:1:0/0/1,r1bqrnk1/pp2bppp/2p2n2/3p2B1/3P4/2NBP3/PPQ1NPPP/1R3RK1 b - - 9 11
main,carlsbad-minority-attack,middlegame,21,2,True,30,31,1600,2024-01,2026-07,blitz+rapid+classical,48,20,2,26,0,0,Ne4:7:4/1/2;Bg4:7:3/0/4;a5:7:3/0/4;Ng6:6:2/0/4;h6:5:2/0/3;N6d7:4:3/0/1;Be6:3:1/1/1;Nh5:2:1/0/1;b6:2:0/0/2;g6:2:0/0/2;a6:1:0/0/1;Ng4:1:1/0/0,r1bqrnk1/pp2bppp/2p2n2/3p2B1/3P4/2NBP3/PPQ1NPPP/1R3RK1 b - - 9 11
main,carlsbad-minority-attack,middlegame,21,2,True,30,31,1800,2024-01,2026-07,blitz+rapid+classical,287,164,11,112,0,0,a5:70:44/2/24;Ne4:34:18/4/12;Bg4:34:19/0/15;h6:29:20/1/8;Ng6:28:13/1/14;g6:21:12/0/9;Be6:13:9/1/3;Nh5:13:7/0/6;Ne6:12:6/2/4;a6:10:4/0/6;N6d7:6:5/0/1;Ng4:5:2/0/3,r1bqrnk1/pp2bppp/2p2n2/3p2B1/3P4/2NBP3/PPQ1NPPP/1R3RK1 b - - 9 11
main,carlsbad-minority-attack,middlegame,22,3,True,30,40,1400,2024-01,2026-07,blitz+rapid+classical,0,0,0,0,0,0,,r1bqrnk1/pp2bppp/2p5/3p2B1/3Pn3/2NBP3/PPQ1NPPP/1R3RK1 w - - 10 12
main,carlsbad-minority-attack,middlegame,22,3,True,30,40,1600,2024-01,2026-07,blitz+rapid+classical,7,4,1,2,0,0,Bxe7:6:4/1/1;Bxe4:1:0/0/1,r1bqrnk1/pp2bppp/2p5/3p2B1/3Pn3/2NBP3/PPQ1NPPP/1R3RK1 w - - 10 12
main,carlsbad-minority-attack,middlegame,22,3,True,30,40,1800,2024-01,2026-07,blitz+rapid+classical,34,18,4,12,0,0,Bxe7:28:13/3/12;Bf4:4:3/1/0;Nxe4:2:2/0/0,r1bqrnk1/pp2bppp/2p5/3p2B1/3Pn3/2NBP3/PPQ1NPPP/1R3RK1 w - - 10 12
main,carlsbad-minority-attack,middlegame,23,4,True,29,36,1400,2024-01,2026-07,blitz+rapid+classical,0,0,0,0,0,0,,r1bqrnk1/pp2Bppp/2p5/3p4/3Pn3/2NBP3/PPQ1NPPP/1R3RK1 b - - 0 12
main,carlsbad-minority-attack,middlegame,23,4,True,29,36,1600,2024-01,2026-07,blitz+rapid+classical,6,4,1,1,0,0,Qxe7:6:4/1/1,r1bqrnk1/pp2Bppp/2p5/3p4/3Pn3/2NBP3/PPQ1NPPP/1R3RK1 b - - 0 12
main,carlsbad-minority-attack,middlegame,23,4,True,29,36,1800,2024-01,2026-07,blitz+rapid+classical,28,13,3,12,0,0,Qxe7:28:13/3/12,r1bqrnk1/pp2Bppp/2p5/3p4/3Pn3/2NBP3/PPQ1NPPP/1R3RK1 b - - 0 12
main,carlsbad-minority-attack,middlegame,24,5,True,28,35,1400,2024-01,2026-07,blitz+rapid+classical,0,0,0,0,0,0,,r1b1rnk1/pp2qppp/2p5/3p4/3Pn3/2NBP3/PPQ1NPPP/1R3RK1 w - - 0 13
main,carlsbad-minority-attack,middlegame,24,5,True,28,35,1600,2024-01,2026-07,blitz+rapid+classical,6,4,1,1,0,0,b4:4:3/1/0;Bxe4:2:1/0/1,r1b1rnk1/pp2qppp/2p5/3p4/3Pn3/2NBP3/PPQ1NPPP/1R3RK1 w - - 0 13
main,carlsbad-minority-attack,middlegame,24,5,True,28,35,1800,2024-01,2026-07,blitz+rapid+classical,28,13,3,12,0,0,b4:15:8/1/6;Bxe4:6:2/1/3;Nxe4:4:1/1/2;Rfc1:1:0/0/1;Nf4:1:1/0/0;a3:1:1/0/0,r1b1rnk1/pp2qppp/2p5/3p4/3Pn3/2NBP3/PPQ1NPPP/1R3RK1 w - - 0 13
main,carlsbad-minority-attack,middlegame,25,6,True,28,41,1400,2024-01,2026-07,blitz+rapid+classical,0,0,0,0,0,0,,r1b1rnk1/pp2qppp/2p5/3p4/1P1Pn3/2NBP3/P1Q1NPPP/1R3RK1 b - - 0 13
main,carlsbad-minority-attack,middlegame,25,6,True,28,41,1600,2024-01,2026-07,blitz+rapid+classical,5,4,1,0,0,0,a6:2:1/1/0;Bf5:1:1/0/0;Ng6:1:1/0/0;f5:1:1/0/0,r1b1rnk1/pp2qppp/2p5/3p4/1P1Pn3/2NBP3/P1Q1NPPP/1R3RK1 b - - 0 13
main,carlsbad-minority-attack,middlegame,25,6,True,28,41,1800,2024-01,2026-07,blitz+rapid+classical,17,9,1,7,0,0,a6:7:2/1/4;f5:3:2/0/1;b5:2:1/0/1;Nd6:2:2/0/0;Bg4:1:0/0/1;Ng6:1:1/0/0;Bf5:1:1/0/0,r1b1rnk1/pp2qppp/2p5/3p4/1P1Pn3/2NBP3/P1Q1NPPP/1R3RK1 b - - 0 13
main,carlsbad-minority-attack,middlegame,26,7,True,28,37,1400,2024-01,2026-07,blitz+rapid+classical,0,0,0,0,0,0,,r1b1rnk1/1p2qppp/p1p5/3p4/1P1Pn3/2NBP3/P1Q1NPPP/1R3RK1 w - - 0 14
main,carlsbad-minority-attack,middlegame,26,7,True,28,37,1600,2024-01,2026-07,blitz+rapid+classical,2,1,1,0,0,0,a4:2:1/1/0,r1b1rnk1/1p2qppp/p1p5/3p4/1P1Pn3/2NBP3/P1Q1NPPP/1R3RK1 w - - 0 14
main,carlsbad-minority-attack,middlegame,26,7,True,28,37,1800,2024-01,2026-07,blitz+rapid+classical,8,3,1,4,0,0,a4:8:3/1/4,r1b1rnk1/1p2qppp/p1p5/3p4/1P1Pn3/2NBP3/P1Q1NPPP/1R3RK1 w - - 0 14
main,carlsbad-minority-attack,middlegame,27,8,True,28,43,1400,2024-01,2026-07,blitz+rapid+classical,0,0,0,0,0,0,,r1b1rnk1/1p2qppp/p1p5/1P1p4/3Pn3/2NBP3/P1Q1NPPP/1R3RK1 b - - 0 14
main,carlsbad-minority-attack,middlegame,27,8,True,28,43,1600,2024-01,2026-07,blitz+rapid+classical,0,0,0,0,0,0,,r1b1rnk1/1p2qppp/p1p5/1P1p4/3Pn3/2NBP3/P1Q1NPPP/1R3RK1 b - - 0 14
main,carlsbad-minority-attack,middlegame,27,8,True,28,43,1800,2024-01,2026-07,blitz+rapid+classical,0,0,0,0,0,0,,r1b1rnk1/1p2qppp/p1p5/1P1p4/3Pn3/2NBP3/P1Q1NPPP/1R3RK1 b - - 0 14
main,carlsbad-minority-attack,middlegame,22,3,False,30,43,1400,2024-01,2026-07,blitz+rapid+classical,1,0,0,1,0,0,f3:1:0/0/1,r1bqrnk1/1p2bppp/2p2n2/p2p2B1/3P4/2NBP3/PPQ1NPPP/1R3RK1 w - - 0 12
main,carlsbad-minority-attack,middlegame,22,3,False,30,43,1600,2024-01,2026-07,blitz+rapid+classical,9,4,0,5,0,0,a3:7:3/0/4;b4:1:0/0/1;a4:1:1/0/0,r1bqrnk1/1p2bppp/2p2n2/p2p2B1/3P4/2NBP3/PPQ1NPPP/1R3RK1 w - - 0 12
main,carlsbad-minority-attack,middlegame,22,3,False,30,43,1800,2024-01,2026-07,blitz+rapid+classical,72,45,2,25,0,0,a3:52:32/2/18;Na4:8:7/0/1;f3:5:2/0/3;a4:2:1/0/1;b3:1:0/0/1;Bxf6:1:1/0/0;Rfe1:1:0/0/1;Bh4:1:1/0/0;Rbe1:1:1/0/0,r1bqrnk1/1p2bppp/2p2n2/p2p2B1/3P4/2NBP3/PPQ1NPPP/1R3RK1 w - - 0 12
main,carlsbad-minority-attack,middlegame,21,2,False,30,31,1400,2024-01,2026-07,blitz+rapid+classical,55,29,6,20,0,0,Be6:19:9/3/7;h6:10:6/0/4;Ng6:6:3/1/2;Nh5:5:3/0/2;N6d7:4:2/0/2;g6:3:2/0/1;c5:2:1/1/0;Ne6:2:1/0/1;a6:1:1/0/0;Qd6:1:0/1/0;Bd7:1:0/0/1;Kh8:1:1/0/0,r1bqrnk1/pp2bppp/2p2n2/3p2B1/3P4/2NBPP2/PPQ1N1PP/R4RK1 b - - 0 11
main,carlsbad-minority-attack,middlegame,21,2,False,30,31,1600,2024-01,2026-07,blitz+rapid+classical,272,121,10,141,0,0,h6:72:35/7/30;Nh5:49:15/0/34;Ng6:33:17/1/15;Be6:31:15/0/16;g6:27:12/1/14;N6d7:18:11/1/6;Ne6:11:4/0/7;Bd7:7:1/0/6;Qd6:4:0/0/4;Bb4:3:3/0/0;Qc7:3:1/0/2;b6:3:1/0/2,r1bqrnk1/pp2bppp/2p2n2/3p2B1/3P4/2NBPP2/PPQ1N1PP/R4RK1 b - - 0 11
main,carlsbad-minority-attack,middlegame,21,2,False,30,31,1800,2024-01,2026-07,blitz+rapid+classical,1270,643,63,564,6,0,h6:236:117/16/103;Nh5:211:97/13/101;Ng6:178:90/11/77;g6:155:84/8/63;Be6:146:66/3/77;N6d7:105:67/0/38;Ne6:59:26/3/30;Bd6:30:17/1/12;a6:25:10/0/15;c5:24:15/1/8;a5:23:14/1/8;Bd7:19:11/1/7,r1bqrnk1/pp2bppp/2p2n2/3p2B1/3P4/2NBPP2/PPQ1N1PP/R4RK1 b - - 0 11
main,carlsbad-minority-attack,middlegame,22,3,False,30,47,1400,2024-01,2026-07,blitz+rapid+classical,2,1,0,1,0,0,Bxf6:2:1/0/1,r1bqr1k1/pp2bppp/2p1nn2/3p2B1/3P4/2NBPP2/PPQ1N1PP/R4RK1 w - - 1 12
main,carlsbad-minority-attack,middlegame,22,3,False,30,47,1600,2024-01,2026-07,blitz+rapid+classical,11,4,0,7,0,0,Bh4:10:3/0/7;Bxf6:1:1/0/0,r1bqr1k1/pp2bppp/2p1nn2/3p2B1/3P4/2NBPP2/PPQ1N1PP/R4RK1 w - - 1 12
main,carlsbad-minority-attack,middlegame,22,3,False,30,47,1800,2024-01,2026-07,blitz+rapid+classical,58,26,3,29,0,0,Bh4:42:16/2/24;Bxf6:14:10/1/3;e4:1:0/0/1;Rad1:1:0/0/1,r1bqr1k1/pp2bppp/2p1nn2/3p2B1/3P4/2NBPP2/PPQ1N1PP/R4RK1 w - - 1 12
main,carlsbad-minority-attack,middlegame,23,4,False,30,34,1400,2024-01,2026-07,blitz+rapid+classical,0,0,0,0,0,0,,r1bqr1k1/pp2bppp/2p1nn2/3p4/3P3B/2NBPP2/PPQ1N1PP/R4RK1 b - - 2 12
main,carlsbad-minority-attack,middlegame,23,4,False,30,34,1600,2024-01,2026-07,blitz+rapid+classical,11,3,0,8,0,0,g6:5:2/0/3;Nh5:1:0/0/1;b6:1:1/0/0;Nf8:1:0/0/1;h6:1:0/0/1;Bd7:1:0/0/1;c5:1:0/0/1,r1bqr1k1/pp2bppp/2p1nn2/3p4/3P3B/2NBPP2/PPQ1N1PP/R4RK1 b - - 2 12
main,carlsbad-minority-attack,middlegame,23,4,False,30,34,1800,2024-01,2026-07,blitz+rapid+classical,45,18,2,25,0,0,g6:17:6/1/10;h6:15:7/1/7;Bd7:3:2/0/1;Nf8:3:1/0/2;Nd7:2:1/0/1;c5:2:0/0/2;b5:1:1/0/0;Qb6:1:0/0/1;b6:1:0/0/1,r1bqr1k1/pp2bppp/2p1nn2/3p4/3P3B/2NBPP2/PPQ1N1PP/R4RK1 b - - 2 12
main,carlsbad-minority-attack,middlegame,21,2,False,30,31,1400,2024-01,2026-07,blitz+rapid+classical,5,4,0,1,0,0,N6d7:1:1/0/0;g6:1:0/0/1;Qd6:1:1/0/0;Ne6:1:1/0/0;Ng4:1:1/0/0,r1bqrnk1/pp2bppp/2p2n2/3p2B1/3P4/2NBP1N1/PPQ2PPP/R4RK1 b - - 9 11
main,carlsbad-minority-attack,middlegame,21,2,False,30,31,1600,2024-01,2026-07,blitz+rapid+classical,38,19,1,18,0,0,Be6:7:3/0/4;h6:6:1/0/5;Ng6:5:3/0/2;Bg4:4:3/0/1;g6:4:1/0/3;N6d7:3:3/0/0;a6:2:1/0/1;Qd6:1:1/0/0;Nh5:1:1/0/0;Qc7:1:1/0/0;Ne4:1:0/1/0;Ng4:1:0/0/1,r1bqrnk1/pp2bppp/2p2n2/3p2B1/3P4/2NBP1N1/PPQ2PPP/R4RK1 b - - 9 11
main,carlsbad-minority-attack,middlegame,21,2,False,30,31,1800,2024-01,2026-07,blitz+rapid+classical,105,48,7,50,0,0,h6:28:13/2/13;g6:16:5/1/10;Ng6:13:7/0/6;Be6:11:4/0/7;Ng4:7:4/1/2;N6d7:6:4/0/2;Ne6:6:4/1/1;Bg4:5:2/1/2;Qc7:3:1/0/2;Ne4:3:2/0/1;a5:2:1/0/1;a6:1:0/0/1,r1bqrnk1/pp2bppp/2p2n2/3p2B1/3P4/2NBP1N1/PPQ2PPP/R4RK1 b - - 9 11
main,carlsbad-minority-attack,middlegame,22,3,False,30,48,1400,2024-01,2026-07,blitz+rapid+classical,0,0,0,0,0,0,,r1bqr1k1/pp2bppp/2p2nn1/3p2B1/3P4/2NBP1N1/PPQ2PPP/R4RK1 w - - 10 12
main,carlsbad-minority-attack,middlegame,22,3,False,30,48,1600,2024-01,2026-07,blitz+rapid+classical,5,3,0,2,0,0,Rae1:2:2/0/0;Nce2:1:0/0/1;Nf5:1:0/0/1;f3:1:1/0/0,r1bqr1k1/pp2bppp/2p2nn1/3p2B1/3P4/2NBP1N1/PPQ2PPP/R4RK1 w - - 10 12
main,carlsbad-minority-attack,middlegame,22,3,False,30,48,1800,2024-01,2026-07,blitz+rapid+classical,14,7,0,7,0,0,f3:6:2/0/4;Nf5:2:1/0/1;a4:1:1/0/0;f4:1:0/0/1;Bxg6:1:0/0/1;Bf5:1:1/0/0;Rad1:1:1/0/0;Rae1:1:1/0/0,r1bqr1k1/pp2bppp/2p2nn1/3p2B1/3P4/2NBP1N1/PPQ2PPP/R4RK1 w - - 10 12
main,carlsbad-minority-attack,middlegame,23,4,False,30,35,1400,2024-01,2026-07,blitz+rapid+classical,0,0,0,0,0,0,,r1bqr1k1/pp2bppp/2p2nn1/3p2B1/3P3P/2NBP1N1/PPQ2PP1/R4RK1 b - - 0 12
main,carlsbad-minority-attack,middlegame,23,4,False,30,35,1600,2024-01,2026-07,blitz+rapid+classical,0,0,0,0,0,0,,r1bqr1k1/pp2bppp/2p2nn1/3p2B1/3P3P/2NBP1N1/PPQ2PP1/R4RK1 b - - 0 12
main,carlsbad-minority-attack,middlegame,23,4,False,30,35,1800,2024-01,2026-07,blitz+rapid+classical,0,0,0,0,0,0,,r1bqr1k1/pp2bppp/2p2nn1/3p2B1/3P3P/2NBP1N1/PPQ2PP1/R4RK1 b - - 0 12
main,caro-kann-advance-black,opening,12,7,True,32,36,1400,2024-01,2026-07,blitz+rapid+classical,466,268,11,187,2,0,Nc3:250:178/5/67;b3:120:50/5/65;dxc5:29:10/1/18;O-O:18:8/0/10;Qc1:17:6/0/11;c3:12:3/0/9;c4:9:8/0/1;Nbd2:8:3/0/5;Nh4:2:1/0/1;Na3:1:1/0/0,rn2kbnr/pp3ppp/1q2p3/2ppPb2/3P4/4BN2/PPP1BPPP/RN1QK2R w KQkq - 2 7
main,caro-kann-advance-black,opening,12,7,True,32,36,1600,2024-01,2026-07,blitz+rapid+classical,1111,653,28,430,2,1,Nc3:726:501/13/212;b3:159:68/3/88;dxc5:65:22/3/40;O-O:54:22/2/30;Nbd2:33:11/2/20;c4:31:18/3/10;Qc1:27:7/1/19;c3:8:2/0/6;Na3:4:1/0/3;Qd2:2:0/1/1;Bd3:1:1/0/0;b4:1:0/0/1,rn2kbnr/pp3ppp/1q2p3/2ppPb2/3P4/4BN2/PPP1BPPP/RN1QK2R w KQkq - 2 7
main,caro-kann-advance-black,opening,12,7,True,32,36,1800,2024-01,2026-07,blitz+rapid+classical,2447,1549,75,823,3,1,Nc3:1902:1265/58/579;b3:174:83/4/87;O-O:100:57/3/40;c4:81:55/2/24;dxc5:63:18/6/39;Qc1:57:29/1/27;Nbd2:53:35/1/17;c3:8:4/0/4;Na3:6:2/0/4;Qd2:2:1/0/1;Bc1:1:0/0/1,rn2kbnr/pp3ppp/1q2p3/2ppPb2/3P4/4BN2/PPP1BPPP/RN1QK2R w KQkq - 2 7
main,caro-kann-advance-black,opening,7,2,False,32,30,1400,2024-01,2026-07,blitz+rapid+classical,57335,29551,1910,25874,6,5,Bg6:40548:21070/1316/18162;Be4:12681:6100/463/6118;Bd7:1797:793/70/934;e6:1167:908/22/237;Be6:562:337/15/210;Bc8:361:168/16/177;h6:45:36/1/8;Qa5+:42:28/1/13;Bxg4:35:28/2/5;g6:22:20/0/2;c5:19:18/0/1;f6:14:12/1/1,rn1qkbnr/pp2pppp/2p5/3pPb2/3P2P1/8/PPP2P1P/RNBQKBNR b KQkq - 0 4
main,caro-kann-advance-black,opening,7,2,False,32,30,1600,2024-01,2026-07,blitz+rapid+classical,101093,53457,3344,44292,6,6,Bg6:69104:37261/2225/29618;Be4:21032:10452/756/9824;Bd7:6703:2998/239/3466;e6:1783:1404/32/347;Bc8:1505:733/68/704;Be6:731:422/17/292;h6:80:65/2/13;Bxg4:37:28/2/7;g6:23:16/1/6;Qa5+:17:15/1/1;f6:16:14/0/2;h5:16:15/0/1,rn1qkbnr/pp2pppp/2p5/3pPb2/3P2P1/8/PPP2P1P/RNBQKBNR b KQkq - 0 4
main,caro-kann-advance-black,opening,7,2,False,32,30,1800,2024-01,2026-07,blitz+rapid+classical,165578,84817,6510,74251,6,6,Bg6:94266:51143/3513/39610;Be4:39687:18632/1601/19454;Bd7:23027:10162/1081/11784;Bc8:5186:2546/213/2427;e6:1800:1430/47/323;Be6:1380:715/49/616;h6:73:68/1/4;h5:35:25/1/9;Bxg4:35:27/1/7;g6:33:27/0/6;Nd7:13:10/0/3;c5:11:7/0/4,rn1qkbnr/pp2pppp/2p5/3pPb2/3P2P1/8/PPP2P1P/RNBQKBNR b KQkq - 0 4
main,caro-kann-advance-black,opening,8,3,False,32,36,1400,2024-01,2026-07,blitz+rapid+classical,40534,21070,1315,18149,12,9,h4:22388:12166/695/9527;f4:11598:5869/395/5334;e6:1491:848/36/607;Bd3:827:348/45/434;Nf3:766:293/26/447;Nc3:762:319/23/420;Bg2:654:304/24/326;Ne2:516:278/19/219;f3:408:154/12/242;Nh3:206:111/3/92;h3:137:52/10/75;Bf4:113:43/3/67,rn1qkbnr/pp2pppp/2p3b1/3pP3/3P2P1/8/PPP2P1P/RNBQKBNR w KQkq - 1 5
main,caro-kann-advance-black,opening,8,3,False,32,36,1600,2024-01,2026-07,blitz+rapid+classical,69097,37263,2222,29612,11,9,h4:45636:25471/1410/18755;f4:13021:6459/466/6096;e6:4323:2472/121/1730;Ne2:1343:693/42/608;Bd3:1196:556/56/584;Nc3:846:374/39/433;Bg2:730:317/30/383;Nf3:532:238/16/278;Nh3:412:228/13/171;f3:285:112/9/164;h3:173:76/2/95;c3:99:41/3/55,rn1qkbnr/pp2pppp/2p3b1/3pP3/3P2P1/8/PPP2P1P/RNBQKBNR w KQkq - 1 5
main,caro-kann-advance-black,opening,8,3,False,32,36,1800,2024-01,2026-07,blitz+rapid+classical,94253,51144,3512,39597,11,9,h4:69344:38560/2564/28220;f4:9208:4328/406/4474;e6:9200:4983/316/3901;Ne2:2644:1471/72/1101;Bd3:1133:531/52/550;Nc3:585:286/24/275;Bg2:564:243/22/299;Nf3:419:183/13/223;Nh3:395:240/12/143;f3:220:82/10/128;h3:138:55/8/75;Be3:90:38/1/51,rn1qkbnr/pp2pppp/2p3b1/3pP3/3P2P1/8/PPP2P1P/RNBQKBNR w KQkq - 1 5
main,italian-center-attack-white,opening,7,1,False,32,35,1400,2024-01,2026-07,blitz+rapid+classical,329386,176113,9028,144245,12,10,Bxb4:217288:117943/5968/93377;Bb6:65726:30761/1843/33122;Nxb4:23856:13559/627/9670;Bd4:7083:3898/199/2986;Nf6:3880:2777/90/1013;d6:2993:2100/63/830;Be7:2755:1437/81/1237;Bxf2+:2177:1312/57/808;Bd6:1838:1025/60/753;h6:475:352/7/116;b5:374:277/10/87;d5:182:100/7/75,r1bqk1nr/pppp1ppp/2n5/2b1p3/1PB1P3/5N2/P1PP1PPP/RNBQK2R b KQkq - 0 4
main,italian-center-attack-white,opening,7,1,False,32,35,1600,2024-01,2026-07,blitz+rapid+classical,413134,219463,12119,181552,12,10,Bxb4:301022:161140/8696/131186;Bb6:67244:31510/2142/33592;Nxb4:24435:14051/677/9707;Bd4:4793:2654/144/1995;Nf6:3678:2642/104/932;d6:3665:2655/79/931;Be7:3285:1674/129/1482;Bd6:2049:1138/66/845;Bxf2+:1350:888/41/421;d5:415:204/16/195;h6:300:238/5/57;Nge7:237:177/4/56,r1bqk1nr/pppp1ppp/2n5/2b1p3/1PB1P3/5N2/P1PP1PPP/RNBQK2R b KQkq - 0 4
main,italian-center-attack-white,opening,7,1,False,32,35,1800,2024-01,2026-07,blitz+rapid+classical,399015,210081,13151,175783,12,10,Bxb4:319968:168890/10504/140574;Bb6:49603:23399/1785/24419;Nxb4:14776:8572/414/5790;d6:3061:2268/80/713;Be7:2581:1312/102/1167;Nf6:2573:1922/53/598;Bd4:2429:1380/86/963;Bd6:2045:1110/63/872;d5:666:284/17/365;Bxf2+:404:268/17/119;Nge7:329:243/7/79;h6:138:110/1/27,r1bqk1nr/pppp1ppp/2n5/2b1p3/1PB1P3/5N2/P1PP1PPP/RNBQK2R b KQkq - 0 4
main,kid-classical-black,opening,18,9,False,32,34,1400,2024-01,2026-07,blitz+rapid+classical,99,55,1,43,0,0,Be3:48:25/1/22;f3:23:12/0/11;Nd3:18:13/0/5;f4:7:2/0/5;b4:2:2/0/0;g4:1:1/0/0,r1bqnrk1/ppp1npbp/3p2p1/3Pp3/2P1P3/2N5/PP2BPPP/R1BQNRK1 w - - 3 10
main,kid-classical-black,opening,18,9,False,32,34,1600,2024-01,2026-07,blitz+rapid+classical,832,428,31,373,3,0,Be3:376:207/13/156;f3:185:95/4/86;Nd3:155:73/9/73;f4:69:31/2/36;b4:22:11/0/11;g4:7:4/1/2;Bg5:5:3/1/1;a4:3:1/0/2;h3:2:1/0/1;Nf3:2:1/1/0;Bg4:1:0/0/1;Nc2:1:0/0/1,r1bqnrk1/ppp1npbp/3p2p1/3Pp3/2P1P3/2N5/PP2BPPP/R1BQNRK1 w - - 3 10
main,kid-classical-black,opening,18,9,False,32,34,1800,2024-01,2026-07,blitz+rapid+classical,5232,2722,196,2314,4,3,Be3:2671:1432/98/1141;Nd3:1200:619/47/534;f3:982:491/37/454;f4:227:107/9/111;b4:58:34/0/24;g4:25:9/2/14;Nc2:19:11/0/8;Bg5:18:5/2/11;Bd2:13:8/0/5;Bg4:7:2/0/5;a4:3:1/1/1;g3:2:0/0/2,r1bqnrk1/ppp1npbp/3p2p1/3Pp3/2P1P3/2N5/PP2BPPP/R1BQNRK1 w - - 3 10
main,leningrad-dutch-black,opening,14,11,False,32,37,1400,2024-01,2026-07,blitz+rapid+classical,606,294,27,285,2,0,d5:131:75/0/56;Bg5:103:53/8/42;Re1:93:40/4/49;a3:59:28/1/30;e3:48:20/3/25;b3:38:14/2/22;Bf4:38:20/2/16;Qc2:22:10/1/11;Be3:13:8/1/4;Qb3:13:7/3/3;e4:11:3/1/7;Rb1:10:7/0/3,r1bq1rk1/ppp1p1bp/2np1np1/5p2/2PP4/2N2NP1/PP2PPBP/R1BQ1RK1 w - - 2 8
main,leningrad-dutch-black,opening,14,11,False,32,37,1600,2024-01,2026-07,blitz+rapid+classical,1928,931,92,905,6,1,Re1:412:189/13/210;d5:384:204/18/162;Bg5:278:129/21/128;a3:225:104/6/115;e3:135:70/7/58;b3:110:60/7/43;Qc2:90:42/5/43;Bf4:76:31/4/41;Qb3:53:26/0/27;Be3:28:15/0/13;Bd2:21:9/1/11;h3:21:8/3/10,r1bq1rk1/ppp1p1bp/2np1np1/5p2/2PP4/2N2NP1/PP2PPBP/R1BQ1RK1 w - - 2 8
main,leningrad-dutch-black,opening,14,11,False,32,37,1800,2024-01,2026-07,blitz+rapid+classical,6033,2887,318,2828,9,6,d5:1606:883/75/648;Re1:1212:542/80/590;Bg5:710:334/38/338;a3:645:261/33/351;b3:403:190/27/186;e3:385:169/18/198;Qc2:325:155/16/154;Bf4:191:104/6/81;Qb3:120:59/3/58;Rb1:88:40/4/44;e4:78:43/3/32;h3:59:27/1/31,r1bq1rk1/ppp1p1bp/2np1np1/5p2/2PP4/2N2NP1/PP2PPBP/R1BQ1RK1 w - - 2 8
main,opening-principles-black,opening,1,0,True,32,20,1400,2024-01,2026-07,blitz+rapid+classical,200983213,99557386,7706890,93718937,12,12,e5:97484264:49558017/3761431/44164816;c5:27084979:12894492/978901/13211586;d5:19438711:9497807/766553/9174351;e6:18268215:8740486/705191/8822538;c6:15237807:7195362/598521/7443924;d6:6766931:3350713/266800/3149418;g6:5654007:2756295/223547/2674165;b6:4304272:2127797/159705/2016770;Nc6:2728025:1387263/102044/1238718;Nf6:1950212:969357/72004/908851;a6:631004:315610/22929/292465;f5:359355:183229/10977/165149,rnbqkbnr/pppppppp/8/8/4P3/8/PPPP1PPP/RNBQKBNR b KQkq - 0 1
main,opening-principles-black,opening,1,0,True,32,20,1600,2024-01,2026-07,blitz+rapid+classical,212142142,104534397,8853685,98754060,12,12,e5:86037590:43745426/3553679/38738485;c5:38588484:18473294/1568265/18546925;e6:21777838:10433787/936313/10407738;d5:20928713:10103285/910582/9914846;c6:18216059:8642856/804552/8768651;d6:7824615:3851427/326335/3646853;g6:6847407:3364264/288614/3194529;b6:4749216:2374447/189977/2184792;Nc6:2780984:1384299/108718/1287967;Nf6:2497095:1184703/99269/1213123;a6:567183:283957/21255/261971;f5:439694:222969/13943/202782,rnbqkbnr/pppppppp/8/8/4P3/8/PPPP1PPP/RNBQKBNR b KQkq - 0 1
main,opening-principles-black,opening,1,0,True,32,20,1800,2024-01,2026-07,blitz+rapid+classical,170962466,83531928,8004479,79426059,12,12,e5:54519919:27502326/2478031/24539562;c5:40237128:19327702/1872578/19036848;e6:19814143:9504371/974367/9335405;c6:16795807:7990384/857218/7948205;d5:16506245:7952367/795846/7758032;d6:7393260:3600834/334068/3458358;g6:5541550:2729297/250380/2561873;b6:3166995:1595201/136066/1435728;Nf6:3154979:1451747/147819/1555413;Nc6:2492208:1192099/106178/1193931;a6:419811:208077/17020/194714;f5:340131:173791/12300/154040,rnbqkbnr/pppppppp/8/8/4P3/8/PPPP1PPP/RNBQKBNR b KQkq - 0 1
main,opening-principles-black,opening,2,1,True,32,29,1400,2024-01,2026-07,blitz+rapid+classical,97370754,49542081,3753229,44075444,12,12,Nf3:60435447:30716054/2385395/27333998;Bc4:11926602:6076084/449737/5400781;Nc3:6243533:3190210/242146/2811177;d4:5762308:3001316/200610/2560382;f4:5491345:2940178/160786/2390381;d3:2768198:1333755/120137/1314306;Qh5:1386250:687527/58683/640040;Qf3:1001804:490573/42499/468732;c3:739222:369497/27394/342331;c4:268810:129402/12241/127167;g3:209851:99999/8526/101326;f3:180105:69685/7059/103361,rnbqkbnr/pppp1ppp/8/4p3/4P3/8/PPPP1PPP/RNBQKBNR w KQkq - 0 2
main,opening-principles-black,opening,2,1,True,32,29,1600,2024-01,2026-07,blitz+rapid+classical,85961051,43735759,3548021,38677271,12,12,Nf3:52968808:26862411/2265383/23841014;Bc4:9794318:4948182/399620/4446516;f4:7216375:3769553/236789/3210033;Nc3:5676946:2920343/234100/2522503;d4:5181376:2743456/184841/2253079;d3:2009882:967626/92208/950048;c3:681151:338061/26715/316375;Qh5:678663:347474/31505/299684;Qf3:455622:221972/20808/212842;c4:282575:140866/13547/128162;g3:199528:98025/8734/92769;b3:142150:66153/5666/70331,rnbqkbnr/pppp1ppp/8/4p3/4P3/8/PPPP1PPP/RNBQKBNR w KQkq - 0 2
main,opening-principles-black,opening,2,1,True,32,29,1800,2024-01,2026-07,blitz+rapid+classical,54481036,27498239,2474929,24507868,12,12,Nf3:34272946:17259623/1629736/15383587;f4:5657706:2844096/209874/2603736;Bc4:5040811:2508963/226451/2305397;Nc3:3721759:1919500/166074/1636185;d4:3555130:1889586/138767/1526777;d3:818206:386185/39902/392119;c3:382595:187872/16048/178675;Qh5:214373:110793/10691/92889;c4:192762:95475/10300/86987;Qf3:131631:63883/5999/61749;g3:130708:65446/5836/59426;Ne2:80100:39494/3309/37297,rnbqkbnr/pppp1ppp/8/4p3/4P3/8/PPPP1PPP/RNBQKBNR w KQkq - 0 2
main,opening-principles-black,opening,3,2,True,32,29,1400,2024-01,2026-07,blitz+rapid+classical,60436373,30697524,2383451,27355398,12,12,Nc6:39209508:19924172/1555115/17730221;d6:9856720:4974600/423030/4459090;Nf6:5724264:2878920/210364/2634980;Bc5:1798772:924140/58699/815933;Qf6:1309042:656950/50113/601979;d5:1042836:505287/35015/502534;f6:373241:225848/13778/133615;f5:361488:181258/10464/169766;Bd6:212138:116611/7589/87938;c6:148248:79750/4981/63517;Qe7:133117:67741/5064/60312;b6:43714:24963/1483/17268,rnbqkbnr/pppp1ppp/8/4p3/4P3/5N2/PPPP1PPP/RNBQKB1R b KQkq - 1 2
main,opening-principles-black,opening,3,2,True,32,29,1600,2024-01,2026-07,blitz+rapid+classical,52974593,26852900,2264414,23857279,12,12,Nc6:34450811:17524976/1478873/15446962;d6:8827190:4485158/404591/3937441;Nf6:5184060:2568740/215527/2399793;Bc5:1431216:738673/50844/641699;d5:1195710:558585/43340/593785;Qf6:830435:416717/34538/379180;f5:434744:211782/13760/209202;f6:156078:94577/5586/55915;Bd6:118037:64417/4250/49370;c6:110468:58332/4151/47985;Qe7:80348:40453/3174/36721;c5:28517:15533/1076/11908,rnbqkbnr/pppp1ppp/8/4p3/4P3/5N2/PPPP1PPP/RNBQKB1R b KQkq - 1 2
main,opening-principles-black,opening,3,2,True,32,29,1800,2024-01,2026-07,blitz+rapid+classical,34274047,17254120,1629108,15390819,12,12,Nc6:22985754:11605128/1095546/10285080;d6:4971902:2549207/246206/2176489;Nf6:3550700:1741470/175803/1633427;d5:1089241:500244/45291/543706;Bc5:636323:333680/24970/277673;f5:423467:203063/15173/205231;Qf6:315428:157745/14213/143470;c6:73653:38286/2768/32599;f6:63889:37471/2263/24155;Qe7:52553:25404/2234/24915;Bd6:42727:22884/1896/17947;c5:19001:10309/829/7863,rnbqkbnr/pppp1ppp/8/4p3/4P3/5N2/PPPP1PPP/RNBQKB1R b KQkq - 1 2
main,opening-principles-black,opening,4,3,True,32,27,1400,2024-01,2026-07,blitz+rapid+classical,39862248,20266374,1579142,18016732,12,12,Bc4:17065758:8616256/638721/7810781;Bb5:8027641:4103707/340176/3583758;d4:7785266:4158935/310760/3315571;Nc3:3982795:1919645/171955/1891195;c3:1652682:839980/60576/752126;d3:457212:211795/20288/225129;Be2:206751:101241/8810/96700;a3:195908:95219/8469/92220;h3:129059:62745/5666/60648;g3:123279:57271/5037/60971;b3:95176:43893/3629/47654;c4:59895:27391/2456/30048,r1bqkbnr/pppp1ppp/2n5/4p3/4P3/5N2/PPPP1PPP/RNBQKB1R w KQkq - 2 3
main,opening-principles-black,opening,4,3,True,32,27,1600,2024-01,2026-07,blitz+rapid+classical,35058989,17840499,1503569,15714921,12,12,Bc4:15019024:7555699/610397/6852928;Bb5:7397930:3797695/333280/3266955;d4:7259425:3831017/320339/3108069;Nc3:2856359:1415158/132733/1308468;c3:1502830:759826/59652/683352;d3:345388:163043/16825/165520;Be2:185420:89472/8424/87524;a3:126943:59729/6041/61173;h3:97947:46679/4654/46614;g3:88629:41536/3817/43276;b3:76262:34865/3039/38358;c4:55971:26704/2801/26466,r1bqkbnr/pppp1ppp/2n5/4p3/4P3/5N2/PPPP1PPP/RNBQKB1R w KQkq - 2 3
main,opening-principles-black,opening,4,3,True,32,27,1800,2024-01,2026-07,blitz+rapid+classical,23428931,11830936,1115091,10482904,12,12,Bc4:9946606:4947014/448315/4551277;Bb5:5684770:2914182/281730/2488858;d4:4751966:2464666/236153/2051147;Nc3:1607115:807375/81922/717818;c3:965198:480002/42834/442362;d3:165472:76353/8939/80180;Be2:81735:38230/4141/39364;g3:44440:20918/2066/21456;h3:43555:20134/2125/21296;a3:40586:18010/2288/20288;b3:35559:15763/1629/18167;c4:35526:17053/2019/16454,r1bqkbnr/pppp1ppp/2n5/4p3/4P3/5N2/PPPP1PPP/RNBQKB1R w KQkq - 2 3
main,opening-principles-black,opening,7,6,True,32,36,1400,2024-01,2026-07,blitz+rapid+classical,1146983,554609,43086,549288,12,12,Nf6:646686:315914/25142/305630;d6:352954:163786/12799/176369;h6:88199:43420/3281/41498;Nge7:14552:7393/432/6727;a6:10417:5386/332/4699;Qf6:10347:5042/376/4929;f6:3788:2302/131/1355;f5:3706:1897/85/1724;Nd4:3321:2074/126/1121;h5:3161:1603/92/1466;Nh6:2812:1584/93/1135;d5:1315:860/34/421,r1bqk1nr/pppp1ppp/2n5/2b1p3/2B1P3/5N2/PPPP1PPP/RNBQ1RK1 b kq - 5 4
main,opening-principles-black,opening,7,6,True,32,36,1600,2024-01,2026-07,blitz+rapid+classical,1276428,626887,51635,597906,12,12,Nf6:691290:346861/28739/315690;d6:441389:206992/17509/216888;h6:78471:39944/3195/35332;Nge7:26092:12903/847/12342;Qf6:12777:5904/446/6427;a6:10097:5151/378/4568;f5:4273:2191/127/1955;h5:2218:1137/65/1016;f6:1991:1238/84/669;Nd4:1396:902/42/452;Nh6:1316:782/49/485;Qe7:1237:641/41/555,r1bqk1nr/pppp1ppp/2n5/2b1p3/2B1P3/5N2/PPPP1PPP/RNBQ1RK1 b kq - 5 4
main,opening-principles-black,opening,7,6,True,32,36,1800,2024-01,2026-07,blitz+rapid+classical,1050916,516169,46873,487874,12,12,Nf6:550548:278323/25306/246919;d6:397217:186413/17557/193247;h6:42385:21971/1790/18624;Nge7:29877:14750/1072/14055;Qf6:15967:6686/652/8629;a6:5992:3120/192/2680;f5:3140:1677/103/1360;Qe7:1313:630/47/636;f6:800:489/21/290;h5:723:426/22/275;Bb6:656:296/27/333;d5:450:269/17/164,r1bqk1nr/pppp1ppp/2n5/2b1p3/2B1P3/5N2/PPPP1PPP/RNBQ1RK1 b kq - 5 4
main,opening-principles-black,opening,8,7,True,32,30,1400,2024-01,2026-07,blitz+rapid+classical,906292,450051,33071,423170,12,12,d3:294640:143052/12092/139496;c3:160307:86067/4684/69556;Nc3:150310:67889/6872/75549;Re1:104515:52807/3584/48124;d4:83292:49007/2047/32238;Ng5:41675:17599/1514/22562;h3:25263:11778/1031/12454;b4:16547:8684/377/7486;Bxf7+:8235:3727/199/4309;Nxe5:5691:2428/181/3082;a3:5576:2453/181/2942;Qe2:2683:1173/65/1445,r1bqk2r/pppp1ppp/2n2n2/2b1p3/2B1P3/5N2/PPPP1PPP/RNBQ1RK1 w kq - 6 5
main,opening-principles-black,opening,8,7,True,32,30,1600,2024-01,2026-07,blitz+rapid+classical,1000981,510229,39347,451405,12,12,d3:316272:153561/14530/148181;c3:222938:120614/7454/94870;Re1:127766:65008/4870/57888;d4:127701:76048/3638/48015;Nc3:109731:49987/5409/54335;Ng5:24351:10163/977/13211;b4:23520:12169/637/10714;h3:20765:9961/824/9980;Nxe5:7138:3200/226/3712;Bxf7+:6586:2958/219/3409;a3:4341:1902/156/2283;Qe2:3540:1685/151/1704,r1bqk2r/pppp1ppp/2n2n2/2b1p3/2B1P3/5N2/PPPP1PPP/RNBQ1RK1 w kq - 6 5
main,opening-principles-black,opening,8,7,True,32,30,1800,2024-01,2026-07,blitz+rapid+classical,796813,407463,34671,354679,12,12,d3:232355:111006/12003/109346;c3:200051:105805/7825/86421;d4:141376:83391/4977/53008;Re1:100909:50965/4252/45692;Nc3:58687:26627/3194/28866;b4:24221:12194/740/11287;h3:12346:5811/614/5921;Ng5:9411:3883/406/5122;Nxe5:5746:2480/211/3055;Bxf7+:3300:1459/140/1701;Qe2:2972:1367/114/1491;Bb3:1934:969/65/900,r1bqk2r/pppp1ppp/2n2n2/2b1p3/2B1P3/5N2/PPPP1PPP/RNBQ1RK1 w kq - 6 5
main,opening-principles-white,opening,0,0,True,32,20,1400,2024-01,2026-07,blitz+rapid+classical,313059009,156031750,12097867,144929392,12,12,e4:201356503:99927086/7706891/93722526;d4:74130251:37541032/2905766/33683453;c4:7970099:4085908/306609/3577582;Nf3:7660168:3859689/308206/3492273;e3:5442371:2574538/211754/2656079;g3:3864198:1895913/165746/1802539;b3:3369693:1683222/129938/1556533;f4:2287743:1140279/83144/1064320;d3:1708527:793505/71709/843313;b4:1333528:701842/47589/584097;Nc3:1098407:524890/45616/527901;g4:958082:471608/33102/453372,rnbqkbnr/pppppppp/8/8/8/8/PPPPPPPP/RNBQKBNR w KQkq - 0 1
main,opening-principles-white,opening,0,0,True,32,20,1600,2024-01,2026-07,blitz+rapid+classical,342290891,170093870,14467879,157729142,12,12,e4:212562771:104952339/8853686/98756746;d4:85790471:43251318/3735838/38803315;c4:10672863:5435347/463238/4774278;Nf3:9316825:4710491/415438/4190896;e3:4817137:2286281/195943/2334913;g3:4270020:2094652/197458/1977910;b3:3857545:1911121/163816/1782608;f4:3529122:1786676/139390/1603056;d3:1758321:829346/75280/853695;b4:1732759:906887/69313/756559;Nc3:1104172:541738/46374/516060;g4:1103094:557868/38633/506593,rnbqkbnr/pppppppp/8/8/8/8/PPPPPPPP/RNBQKBNR w KQkq - 0 1
main,opening-principles-white,opening,0,0,True,32,20,1800,2024-01,2026-07,blitz+rapid+classical,290031718,143264765,13887029,132879924,12,12,e4:171299009:83867009/8004479/79427521;d4:78259609:39162577/3922117/35174915;c4:11293978:5717897/566979/5009102;Nf3:9641617:4920716/488358/4232543;f4:3831418:1912195/177207/1742016;b3:3246534:1610772/154871/1480891;g3:3145378:1538424/157790/1449164;e3:3028754:1436746/133088/1458920;b4:1451638:741583/69711/640344;d3:1408816:670093/65315/673408;Nc3:1042150:522479/46809/472862;g4:943661:473601/36970/433090,rnbqkbnr/pppppppp/8/8/8/8/PPPPPPPP/RNBQKBNR w KQkq - 0 1
main,opponent-intent-early-queen,opening,3,2,True,32,26,1400,2024-01,2026-07,blitz+rapid+classical,1384827,686345,58607,639875,12,12,Nc6:782135:381373/30895/369867;Qf6:188618:94894/10608/83116;d6:172298:84926/7543/79829;Nf6:149715:70392/5577/73746;Qe7:35742:17146/1686/16910;g6:21835:17270/779/3786;Bc5:13954:7991/589/5374;Bd6:6235:3344/260/2631;d5:4083:2159/194/1730;Nh6:1959:1248/113/598;c6:1838:1013/75/750;Be7:1411:936/61/414,rnbqkbnr/pppp1ppp/8/4p2Q/4P3/8/PPPP1PPP/RNB1KBNR b KQkq - 1 2
main,opponent-intent-early-queen,opening,3,2,True,32,26,1600,2024-01,2026-07,blitz+rapid+classical,678137,347045,31480,299612,12,12,Nc6:408559:207600/18424/182535;d6:95426:48476/4547/42403;Qf6:82332:43218/4856/34258;Nf6:58448:28186/2210/28052;Qe7:15260:7655/728/6877;g6:6075:4903/196/976;Bc5:5303:3092/228/1983;Bd6:1948:1082/81/785;d5:1886:933/68/885;c6:614:342/21/251;Nh6:434:269/31/134;Be7:421:246/23/152,rnbqkbnr/pppp1ppp/8/4p2Q/4P3/8/PPPP1PPP/RNB1KBNR b KQkq - 1 2
main,opponent-intent-early-queen,opening,3,2,True,32,26,1800,2024-01,2026-07,blitz+rapid+classical,214228,110683,10681,92864,11,9,Nc6:141533:72903/6956/61674;d6:30286:15573/1566/13147;Qf6:17845:9549/1109/7187;Nf6:15815:7494/675/7646;Qe7:4320:2195/204/1921;g6:1477:1202/43/232;Bc5:1035:630/57/348;d5:760:382/26/352;Bd6:387:223/16/148;c6:227:134/9/84;Be7:101:61/5/35;Nh6:84:51/7/26,rnbqkbnr/pppp1ppp/8/4p2Q/4P3/8/PPPP1PPP/RNB1KBNR b KQkq - 1 2
main,opponent-intent-early-queen,opening,4,3,True,32,39,1400,2024-01,2026-07,blitz+rapid+classical,782914,381989,30930,369995,12,12,Bc4:656961:333201/26138/297622;Bb5:59703:24577/2384/32742;c3:22075:10204/941/10930;Nf3:19084:6232/638/12214;Nc3:7916:2715/251/4950;d3:5850:2388/297/3165;Be2:2021:842/48/1131;Qxf7+:1269:270/30/969;Qf3:1152:230/36/886;Qd1:1105:228/33/844;d4:958:193/21/744;Qxe5+:576:27/9/540,r1bqkbnr/pppp1ppp/2n5/4p2Q/4P3/8/PPPP1PPP/RNB1KBNR w KQkq - 2 3
main,opponent-intent-early-queen,opening,4,3,True,32,39,1600,2024-01,2026-07,blitz+rapid+classical,408924,207864,18438,182622,12,8,Bc4:367884:191670/16730/159484;Bb5:17901:7285/775/9841;c3:8545:3866/376/4303;Nf3:6341:2335/256/3750;Nc3:2615:971/100/1544;d3:2196:916/118/1162;Qxf7+:781:113/12/656;Be2:675:303/18/354;Qd1:287:71/9/207;Qf3:221:38/6/177;d4:200:39/6/155;Qxe5+:142:13/0/129,r1bqkbnr/pppp1ppp/2n5/4p2Q/4P3/8/PPPP1PPP/RNB1KBNR w KQkq - 2 3
main,opponent-intent-early-queen,opening,4,3,True,32,39,1800,2024-01,2026-07,blitz+rapid+classical,141584,72956,6959,61669,8,5,Bc4:131986:69187/6593/56206;Bb5:4940:2198/200/2542;c3:1631:638/74/919;Nf3:1181:418/41/722;Nc3:580:222/16/342;Qxf7+:384:45/9/330;d3:216:84/4/128;Be2:119:45/4/70;Qd1:74:25/5/44;Qxe5+:54:4/1/49;d4:46:15/1/30;Qxh7:43:0/0/43,r1bqkbnr/pppp1ppp/2n5/4p2Q/4P3/8/PPPP1PPP/RNB1KBNR w KQkq - 2 3
main,opponent-intent-early-queen,opening,5,4,True,32,28,1400,2024-01,2026-07,blitz+rapid+classical,930477,476509,36599,417369,12,10,g6:557596:274191/21456/261949;Qf6:190962:94651/9699/86612;Qe7:98415:45061/3887/49467;Nf6:38415:33505/351/4559;Nh6:28965:16241/964/11760;d5:7109:4080/219/2810;Bc5:3110:3048/2/60;d6:2745:2662/8/75;h6:993:967/3/23;g5:399:393/0/6;Nd4:333:330/0/3;Be7:285:279/0/6,r1bqkbnr/pppp1ppp/2n5/4p2Q/2B1P3/8/PPPP1PPP/RNB1K1NR b KQkq - 3 3
main,opponent-intent-early-queen,opening,5,4,True,32,28,1600,2024-01,2026-07,blitz+rapid+classical,569807,299053,25328,245426,12,9,g6:318229:160442/13803/143984;Qf6:138832:71886/7740/59206;Qe7:73108:35365/3139/34604;Nf6:18947:17212/103/1632;Nh6:11266:6411/416/4439;d5:3702:2150/115/1437;Bc5:2184:2146/2/36;d6:1879:1829/2/48;h6:500:490/3/7;Be7:277:272/0/5;g5:178:177/0/1;Nd4:130:128/0/2,r1bqkbnr/pppp1ppp/2n5/4p2Q/2B1P3/8/PPPP1PPP/RNB1K1NR b KQkq - 3 3
main,opponent-intent-early-queen,opening,5,4,True,32,28,1800,2024-01,2026-07,blitz+rapid+classical,220048,115585,10729,93734,10,8,g6:128349:64381/6350/57618;Qf6:49353:26118/2848/20387;Qe7:30201:15005/1363/13833;Nf6:6136:5780/29/327;Nh6:2594:1398/98/1098;d5:1166:703/36/427;Bc5:905:892/0/13;d6:741:728/1/12;Be7:136:132/0/4;h6:118:118/0/0;g5:77:73/1/3;Nd4:71:71/0/0,r1bqkbnr/pppp1ppp/2n5/4p2Q/2B1P3/8/PPPP1PPP/RNB1K1NR b KQkq - 3 3
main,opponent-intent-early-queen,opening,6,5,True,32,42,1400,2024-01,2026-07,blitz+rapid+classical,557232,274185,21447,261600,12,9,Qf3:536020:268141/20861/247018;Qd1:7734:3408/282/4044;Bxf7+:3299:1035/87/2177;Qe2:2785:993/98/1694;Qg4:1914:188/40/1686;Qxe5+:1676:96/15/1565;Qh3:1219:155/26/1038;Qg5:767:22/10/735;f3:404:46/7/351;Qh4:371:13/4/354;Nf3:218:16/4/198;Qf5:183:15/3/165,r1bqkbnr/pppp1p1p/2n3p1/4p2Q/2B1P3/8/PPPP1PPP/RNB1K1NR w KQkq - 0 4
main,opponent-intent-early-queen,opening,6,5,True,32,42,1600,2024-01,2026-07,blitz+rapid+classical,318100,160442,13799,143859,9,5,Qf3:307940:156381/13446/138113;Qd1:5989:3018/247/2724;Qe2:1372:577/59/736;Bxf7+:962:286/26/650;Qg4:389:45/7/337;Qxe5+:341:36/3/302;Qh3:266:32/6/228;f3:177:18/2/157;Qg5:144:10/1/133;Qh4:96:5/0/91;Nf3:94:10/0/84;Nc3:61:7/0/54,r1bqkbnr/pppp1p1p/2n3p1/4p2Q/2B1P3/8/PPPP1PPP/RNB1K1NR w KQkq - 0 4
main,opponent-intent-early-queen,opening,6,5,True,32,42,1800,2024-01,2026-07,blitz+rapid+classical,128316,64381,6348,57587,4,3,Qf3:123977:62582/6173/55222;Qd1:2912:1393/128/1391;Qe2:822:330/36/456;Bxf7+:132:26/4/102;Qg4:82:13/2/67;Qxe5+:77:12/1/64;f3:59:5/1/53;Qh3:58:10/1/47;Nf3:40:5/0/35;Qh4:35:0/1/34;Qg5:35:0/1/34;Nc3:20:2/0/18,r1bqkbnr/pppp1p1p/2n3p1/4p2Q/2B1P3/8/PPPP1PPP/RNB1K1NR w KQkq - 0 4
main,opponent-intent-early-queen,opening,7,6,True,32,32,1400,2024-01,2026-07,blitz+rapid+classical,536127,268150,20866,247111,12,11,Nf6:443539:218683/16752/208104;Qf6:53151:25434/3091/24626;Qe7:8800:4492/312/3996;f5:8384:3690/230/4464;f6:7653:4042/289/3322;Nd4:4934:4615/21/298;Nh6:3664:2057/113/1494;Bg7:2263:2084/13/166;d5:1081:551/25/505;d6:851:769/10/72;Bc5:794:766/1/27;Bh6:144:137/0/7,r1bqkbnr/pppp1p1p/2n3p1/4p3/2B1P3/5Q2/PPPP1PPP/RNB1K1NR b KQkq - 1 4
main,opponent-intent-early-queen,opening,7,6,True,32,32,1600,2024-01,2026-07,blitz+rapid+classical,307980,156379,13447,138154,11,9,Nf6:243924:123083/10074/110767;Qf6:44068:21822/2809/19437;Qe7:6737:3623/233/2881;f5:5381:2304/152/2925;f6:2829:1502/110/1217;Nd4:1598:1502/4/92;Bg7:1136:1008/7/121;Nh6:1055:580/41/434;d5:504:264/12/228;d6:269:248/0/21;Bc5:186:177/2/7;Bh6:71:65/0/6,r1bqkbnr/pppp1p1p/2n3p1/4p3/2B1P3/5Q2/PPPP1PPP/RNB1K1NR b KQkq - 1 4
main,opponent-intent-early-queen,opening,7,6,True,32,32,1800,2024-01,2026-07,blitz+rapid+classical,123976,62575,6175,55226,9,6,Nf6:92180:46481/4204/41495;Qf6:23922:11861/1685/10376;Qe7:3249:1736/151/1362;f5:2120:851/56/1213;f6:1078:527/48/503;Bg7:444:383/8/53;Nd4:373:355/2/16;Nh6:244:126/9/109;d5:196:94/9/93;d6:62:59/0/3;Bc5:39:37/2/0;Bh6:19:18/0/1,r1bqkbnr/pppp1p1p/2n3p1/4p3/2B1P3/5Q2/PPPP1PPP/RNB1K1NR b KQkq - 1 4
main,opponent-intent-early-queen,opening,8,7,True,32,41,1400,2024-01,2026-07,blitz+rapid+classical,443591,218866,16763,207962,12,12,c3:205840:104387/8021/93432;d3:82735:38129/3303/41303;Ne2:80231:46729/2880/30622;Nc3:34454:15835/1315/17304;Qb3:12888:5037/431/7420;Nh3:10073:3461/292/6320;g4:5107:1497/137/3473;d4:2749:725/72/1952;h3:2454:1051/82/1321;Qd1:1126:352/34/740;a3:831:315/28/488;Bb3:741:213/30/498,r1bqkb1r/pppp1p1p/2n2np1/4p3/2B1P3/5Q2/PPPP1PPP/RNB1K1NR w KQkq - 2 5
main,opponent-intent-early-queen,opening,8,7,True,32,41,1600,2024-01,2026-07,blitz+rapid+classical,243961,123163,10077,110721,12,9,c3:106314:52869/4509/48936;Ne2:61990:36181/2427/23382;d3:39786:18433/1731/19622;Nc3:21390:10325/925/10140;Qb3:5902:2450/211/3241;Nh3:3238:1098/92/2048;g4:1368:415/37/916;h3:1177:488/54/635;d4:775:218/21/536;a3:378:156/16/206;Qd1:370:138/10/222;Bb3:270:116/15/139,r1bqkb1r/pppp1p1p/2n2np1/4p3/2B1P3/5Q2/PPPP1PPP/RNB1K1NR w KQkq - 2 5
main,opponent-intent-early-queen,opening,8,7,True,32,41,1800,2024-01,2026-07,blitz+rapid+classical,92181,46489,4205,41487,11,6,Ne2:36311:20421/1565/14325;c3:33150:15993/1571/15586;d3:11171:5042/544/5585;Nc3:7431:3526/378/3527;Qb3:2028:804/85/1139;Nh3:666:209/23/434;h3:332:146/14/172;g4:314:77/3/234;d4:201:67/3/131;Bb3:176:82/5/89;Qd1:103:34/3/66;a3:74:25/4/45,r1bqkb1r/pppp1p1p/2n2np1/4p3/2B1P3/5Q2/PPPP1PPP/RNB1K1NR w KQkq - 2 5
main,scandinavian-mainline-black,opening,15,12,True,30,47,1400,2024-01,2026-07,blitz+rapid+classical,8003,3268,225,4510,7,4,e5:2987:1057/81/1849;e6:2633:1078/62/1493;h5:847:352/26/469;Bxf3:655:341/24/290;Qh5:336:131/14/191;Nd5:139:79/4/56;Kb8:100:53/4/43;Qb4:61:22/5/34;h6:60:35/2/23;a6:32:13/0/19;Qb6:30:20/1/9;Qf5:26:10/1/15,2kr1b1r/ppp1pppp/2n2n2/q7/3P2b1/2N1BN2/PPP1BPPP/R2Q1RK1 b - - 8 8
main,scandinavian-mainline-black,opening,15,12,True,30,47,1600,2024-01,2026-07,blitz+rapid+classical,16902,6763,565,9574,7,5,e5:7841:2741/266/4834;e6:4990:2083/158/2749;h5:1540:704/44/792;Bxf3:945:504/33/408;Qh5:852:321/35/496;Nd5:229:133/12/84;Kb8:144:81/5/58;h6:89:42/4/43;Qb4:68:36/2/30;Qf5:53:22/4/27;Qb6:38:24/1/13;a6:29:14/1/14,2kr1b1r/ppp1pppp/2n2n2/q7/3P2b1/2N1BN2/PPP1BPPP/R2Q1RK1 b - - 8 8
main,scandinavian-mainline-black,opening,15,12,True,30,47,1800,2024-01,2026-07,blitz+rapid+classical,20842,7701,809,12332,7,5,e5:11753:3885/474/7394;e6:5242:2022/198/3022;h5:1440:633/53/754;Qh5:1274:504/37/733;Bxf3:510:309/26/175;Nd5:150:90/8/52;h6:141:78/3/60;Kb8:86:44/1/41;Qf5:78:33/5/40;Qb4:64:36/1/27;a6:33:14/1/18;Qb6:13:10/1/2,2kr1b1r/ppp1pppp/2n2n2/q7/3P2b1/2N1BN2/PPP1BPPP/R2Q1RK1 b - - 8 8
main,scandinavian-mainline-black,opening,9,6,False,30,42,1400,2024-01,2026-07,blitz+rapid+classical,143509,69037,5066,69406,12,12,c6:55974:27222/2144/26608;Bg4:29496:13828/932/14736;Nc6:23754:10628/769/12357;Qb6:11614:5785/365/5464;Bf5:9648:4609/359/4680;e6:5254:2788/207/2259;e5:2076:1095/92/889;c5:1231:639/46/546;Qh5:698:362/28/308;a6:654:298/24/332;Qf5:569:326/21/222;g6:510:264/18/228,rnb1kb1r/ppp1pppp/5n2/q7/3P4/2N5/PPPB1PPP/R2QKBNR b KQkq - 2 5
main,scandinavian-mainline-black,opening,9,6,False,30,42,1600,2024-01,2026-07,blitz+rapid+classical,178581,83712,7335,87534,12,12,c6:69488:33142/3144/33202;Bg4:46468:21299/1862/23307;Nc6:31188:13536/1078/16574;Qb6:12025:5778/477/5770;Bf5:9064:4393/360/4311;e6:4093:2277/153/1663;e5:1451:760/59/632;Qh5:997:499/47/451;c5:883:448/41/394;a6:737:330/40/367;g6:443:236/21/186;Qf5:428:229/16/183,rnb1kb1r/ppp1pppp/5n2/q7/3P4/2N5/PPPB1PPP/R2QKBNR b KQkq - 2 5
main,scandinavian-mainline-black,opening,9,6,False,30,42,1800,2024-01,2026-07,blitz+rapid+classical,128878,59519,5964,63395,12,10,c6:52047:24554/2697/24796;Bg4:35898:16312/1562/18024;Nc6:21335:9161/830/11344;Qb6:8428:3909/395/4124;Bf5:5703:2781/243/2679;e6:2027:1063/71/893;e5:672:353/33/286;Qh5:593:277/27/289;a6:587:266/29/292;c5:490:231/25/234;Qf5:255:136/14/105;Qb4:240:138/12/90,rnb1kb1r/ppp1pppp/5n2/q7/3P4/2N5/PPPB1PPP/R2QKBNR b KQkq - 2 5
main,scandinavian-mainline-black,opening,10,7,False,30,39,1400,2024-01,2026-07,blitz+rapid+classical,77240,37571,2974,36695,12,12,Nf3:34250:16723/1334/16193;Ne4:23982:11485/1016/11481;Bc4:5115:2660/145/2310;Bd3:3702:1929/120/1653;h3:2108:1027/70/1011;Nb5:1544:722/52/770;Qf3:944:497/29/418;Be2:915:432/45/438;Qe2:793:371/24/398;Nd5:722:200/23/499;a3:570:282/16/272;b4:407:231/11/165,rnb1kb1r/pp2pppp/2p2n2/q7/3P4/2N5/PPPB1PPP/R2QKBNR w KQkq - 0 6
main,scandinavian-mainline-black,opening,10,7,False,30,39,1600,2024-01,2026-07,blitz+rapid+classical,100601,47745,4571,48285,12,12,Nf3:49547:23291/2298/23958;Ne4:21175:9894/1068/10213;Bc4:10570:5342/386/4842;Bd3:6205:3121/249/2835;h3:3757:1794/180/1783;Nb5:1534:698/78/758;Be2:1301:624/67/610;Qf3:997:500/29/468;Qe2:881:418/34/429;a3:653:317/29/307;b4:649:364/15/270;Nd5:569:129/21/419,rnb1kb1r/pp2pppp/2p2n2/q7/3P4/2N5/PPPB1PPP/R2QKBNR w KQkq - 0 6
main,scandinavian-mainline-black,opening,10,7,False,30,39,1800,2024-01,2026-07,blitz+rapid+classical,83654,38880,4339,40435,12,12,Nf3:40887:18590/2302/19995;Bc4:14336:7044/605/6687;Ne4:10874:5038/602/5234;Bd3:6799:3267/328/3204;h3:3809:1742/212/1855;Be2:1224:514/57/653;b4:821:480/29/312;Nb5:807:325/38/444;Qf3:677:368/14/295;Qe2:614:281/22/311;g3:486:239/21/226;a3:456:210/21/225,rnb1kb1r/pp2pppp/2p2n2/q7/3P4/2N5/PPPB1PPP/R2QKBNR w KQkq - 0 6
main,trajectory-caro-advance-chain-bishops,cross_phase,2,2,True,32,30,1400,2024-01,2026-07,blitz+rapid+classical,15217179,7192379,597079,7427721,12,12,d4:5864126:2856921/226311/2780894;Nf3:4941372:2298418/200953/2442001;Bc4:1490145:656684/57412/776049;Nc3:976786:455360/38899/482527;f4:561936:273540/18129/270267;d3:371619:173845/15727/182047;c4:246964:127640/9448/109876;e5:182506:85757/7351/89398;Qf3:175767:81156/6984/87627;c3:126219:59209/5122/61888;g3:46908:21871/1989/23048;b3:42998:20202/1529/21267,rnbqkbnr/pp1ppppp/2p5/8/4P3/8/PPPP1PPP/RNBQKBNR w KQkq - 0 2
main,trajectory-caro-advance-chain-bishops,cross_phase,2,2,True,32,30,1600,2024-01,2026-07,blitz+rapid+classical,18198218,8640580,803210,8754428,12,12,d4:7847174:3826260/342135/3678779;Nf3:5397890:2501390/249367/2647133;Bc4:1312130:573059/56081/682990;Nc3:1191834:561352/52449/578033;f4:938645:455210/35248/448187;d3:419485:199302/19977/200206;c4:392138:202513/17542/172083;e5:150594:70089/6627/73878;c3:144037:66240/6589/71208;Qf3:104578:47550/4359/52669;b3:59198:27474/2364/29360;g3:57545:26646/2737/28162,rnbqkbnr/pp1ppppp/2p5/8/4P3/8/PPPP1PPP/RNBQKBNR w KQkq - 0 2
main,trajectory-caro-advance-chain-bishops,cross_phase,2,2,True,32,30,1800,2024-01,2026-07,blitz+rapid+classical,16782992,7988902,856204,7937886,12,12,d4:8531180:4155119/434071/3941990;Nf3:4151734:1913461/222757/2015516;Nc3:1187801:561884/59507/566410;f4:876136:414601/38374/423161;Bc4:715354:305318/34391/375645;c4:469398:238076/24602/206720;d3:357896:172981/18590/166325;c3:102393:46224/5183/50986;e5:101339:46830/5348/49161;Ne2:63592:32259/2634/28699;g3:55558:25357/2878/27323;b3:48792:22476/2212/24104,rnbqkbnr/pp1ppppp/2p5/8/4P3/8/PPPP1PPP/RNBQKBNR w KQkq - 0 2
main,trajectory-caro-advance-chain-bishops,cross_phase,3,3,True,32,21,1400,2024-01,2026-07,blitz+rapid+classical,6304885,3070703,242669,2991513,12,12,d5:5862483:2841328/227165/2793990;e6:130557:67266/4779/58512;d6:125925:63011/4306/58608;g6:39057:19667/1359/18031;Qb6:23062:11786/771/10505;Nf6:21467:12058/676/8733;b5:20043:10920/762/8361;a6:16269:8199/637/7433;Qa5+:14078:7829/466/5783;e5:12505:6830/391/5284;Qc7:10646:5631/294/4721;f6:8164:4585/268/3311,rnbqkbnr/pp1ppppp/2p5/8/3PP3/8/PPP2PPP/RNBQKBNR b KQkq - 0 2
main,trajectory-caro-advance-chain-bishops,cross_phase,3,3,True,32,21,1600,2024-01,2026-07,blitz+rapid+classical,8330842,4058910,361952,3909980,12,12,d5:7766262:3771039/340280/3654943;d6:210868:104513/8179/98176;e6:166383:85285/6693/74405;g6:56432:28427/2090/25915;Nf6:18301:10092/660/7549;b5:16018:8543/584/6891;Qb6:15954:8099/615/7240;a6:15948:7914/608/7426;e5:13895:7611/459/5825;Qc7:13794:6971/464/6359;Qa5+:8792:4859/301/3632;f6:7024:3946/224/2854,rnbqkbnr/pp1ppppp/2p5/8/3PP3/8/PPP2PPP/RNBQKBNR b KQkq - 0 2
main,trajectory-caro-advance-chain-bishops,cross_phase,3,3,True,32,21,1800,2024-01,2026-07,blitz+rapid+classical,8938622,4351164,453239,4134219,12,12,d5:8302149:4029592/426240/3846317;d6:306855:149973/12762/144120;e6:149890:78075/6650/65165;g6:69239:34996/3086/31157;Qc7:18151:8914/734/8503;a6:16466:8559/707/7200;Nf6:15723:8461/683/6579;Qb6:12852:6471/522/5859;e5:11097:6310/409/4378;b5:8370:4643/340/3387;Qa5+:6235:3457/239/2539;f6:4810:2536/183/2091,rnbqkbnr/pp1ppppp/2p5/8/3PP3/8/PPP2PPP/RNBQKBNR b KQkq - 0 2
main,trajectory-caro-advance-chain-bishops,cross_phase,4,4,True,32,38,1400,2024-01,2026-07,blitz+rapid+classical,5973438,2900888,230594,2841956,12,12,e5:2990912:1418365/115772/1456775;exd5:1535165:738663/64541/731961;Nc3:1017447:525422/36584/455441;f3:194451:100481/5939/88031;Nd2:102854:56490/3366/42998;Bd3:52800:26189/1863/24748;Nf3:31231:13271/951/17009;c4:17623:8278/578/8767;c3:10553:4898/354/5301;Be3:5986:3152/186/2648;Bf4:3077:1204/96/1777;f4:2870:1227/92/1551,rnbqkbnr/pp2pppp/2p5/3p4/3PP3/8/PPP2PPP/RNBQKBNR w KQkq - 0 3
main,trajectory-caro-advance-chain-bishops,cross_phase,4,4,True,32,38,1600,2024-01,2026-07,blitz+rapid+classical,7898957,3841734,345104,3712119,12,12,e5:3367798:1582813/143429/1641556;exd5:2375206:1147747/114629/1112830;Nc3:1468500:755018/61601/651881;f3:299853:158074/10240/131539;Nd2:219666:117325/8798/93543;Bd3:81184:40395/3455/37334;Nf3:26957:11968/960/14029;c4:26380:12842/861/12677;c3:12418:5957/438/6023;Be3:8969:4687/286/3996;f4:3313:1384/120/1809;Bf4:2269:993/75/1201,rnbqkbnr/pp2pppp/2p5/3p4/3PP3/8/PPP2PPP/RNBQKBNR w KQkq - 0 3
main,trajectory-caro-advance-chain-bishops,cross_phase,4,4,True,32,38,1800,2024-01,2026-07,blitz+rapid+classical,8420895,4091913,431180,3897802,12,12,e5:2913041:1376007/138703/1398331;exd5:2747437:1317448/156968/1273021;Nc3:1812141:912210/92774/807157;Nd2:378913:194577/18881/165455;f3:369455:195247/14434/159774;Bd3:114355:56333/5945/52077;c4:36537:17625/1448/17464;Nf3:18337:8068/762/9507;c3:11970:5833/502/5635;Be3:11112:5412/442/5258;f4:2443:985/99/1359;Bf4:851:363/33/455,rnbqkbnr/pp2pppp/2p5/3p4/3PP3/8/PPP2PPP/RNBQKBNR w KQkq - 0 3
main,trajectory-caro-advance-chain-bishops,cross_phase,9,9,True,32,37,1400,2024-01,2026-07,blitz+rapid+classical,276905,131713,11913,133279,12,12,Bxd3:169023:79075/7611/82337;Bg6:37625:17872/1418/18335;Ne7:31782:14288/1326/16168;Bg4:16731:8016/653/8062;c5:8431:4919/353/3159;Nd7:3471:1995/130/1346;Bb4+:3317:1861/140/1316;g6:1286:699/59/528;Nh6:1144:615/61/468;h6:810:459/29/322;Be7:790:479/31/280;f6:739:439/33/267,rn1qkbnr/pp3ppp/2p1p3/3pPb2/3P4/3B1N2/PPP2PPP/RNBQK2R b KQkq - 1 5
main,trajectory-caro-advance-chain-bishops,cross_phase,9,9,True,32,37,1600,2024-01,2026-07,blitz+rapid+classical,271159,124292,12912,133955,12,12,Bxd3:164284:74410/8341/81533;Ne7:39871:17629/1840/20402;Bg6:37267:17008/1577/18682;Bg4:16617:7830/640/8147;c5:5085:2891/204/1990;Nd7:2525:1441/101/983;Bb4+:1511:835/58/618;g6:1067:544/37/486;h6:613:324/30/259;Be7:487:303/15/169;Nh6:475:262/22/191;Be4:420:239/12/169,rn1qkbnr/pp3ppp/2p1p3/3pPb2/3P4/3B1N2/PPP2PPP/RNBQK2R b KQkq - 1 5
main,trajectory-caro-advance-chain-bishops,cross_phase,9,9,True,32,37,1800,2024-01,2026-07,blitz+rapid+classical,173621,77329,9280,87012,12,8,Bxd3:105344:46680/6028/52636;Ne7:27386:11956/1323/14107;Bg6:24875:10884/1198/12793;Bg4:10443:4678/465/5300;c5:1962:1157/104/701;Nd7:1408:796/63/549;g6:551:273/25/253;Bb4+:444:260/20/164;h6:266:130/14/122;Be7:214:124/9/81;Nh6:170:85/3/82;Be4:123:73/4/46,rn1qkbnr/pp3ppp/2p1p3/3pPb2/3P4/3B1N2/PPP2PPP/RNBQK2R b KQkq - 1 5
main,trajectory-caro-advance-chain-bishops,cross_phase,10,10,True,31,29,1400,2024-01,2026-07,blitz+rapid+classical,169008,79082,7608,82318,3,2,Qxd3:162487:76086/7339/79062;cxd3:6336:2950/265/3121;Qd2:140:37/2/101;Nc3:13:4/1/8;c3:12:2/1/9;h3:5:0/0/5;Kd2:4:0/0/4;Be3:3:1/0/2;Nbd2:3:0/0/3;Qe2:2:0/0/2;h4:1:0/0/1;Bd2:1:1/0/0,rn1qkbnr/pp3ppp/2p1p3/3pP3/3P4/3b1N2/PPP2PPP/RNBQK2R w KQkq - 0 6
main,trajectory-caro-advance-chain-bishops,cross_phase,10,10,True,31,29,1600,2024-01,2026-07,blitz+rapid+classical,164282,74418,8340,81524,3,2,Qxd3:157331:71281/8007/78043;cxd3:6757:3084/327/3346;Qd2:145:44/6/95;c3:19:2/0/17;Nc3:10:3/0/7;h3:7:1/0/6;Bg5:4:2/0/2;Be3:2:0/0/2;Bd2:2:0/0/2;Kd2:2:0/0/2;Bf4:1:0/0/1;Nbd2:1:1/0/0,rn1qkbnr/pp3ppp/2p1p3/3pP3/3P4/3b1N2/PPP2PPP/RNBQK2R w KQkq - 0 6
main,trajectory-caro-advance-chain-bishops,cross_phase,10,10,True,31,29,1800,2024-01,2026-07,blitz+rapid+classical,105345,46688,6028,52629,3,2,Qxd3:100982:44748/5777/50457;cxd3:4211:1896/239/2076;Qd2:105:28/8/69;c3:17:5/2/10;Nc3:13:6/2/5;h3:6:3/0/3;Kd2:4:2/0/2;Nbd2:2:0/0/2;Qe2:1:0/0/1;Bf4:1:0/0/1;c4:1:0/0/1;Bg5:1:0/0/1,rn1qkbnr/pp3ppp/2p1p3/3pP3/3P4/3b1N2/PPP2PPP/RNBQK2R w KQkq - 0 6
main,trajectory-caro-advance-chain-bishops,cross_phase,11,11,True,30,33,1400,2024-01,2026-07,blitz+rapid+classical,310974,145279,14303,151392,12,12,c5:124271:56630/5760/61881;Nd7:65362:30888/2929/31545;Ne7:51355:23848/2354/25153;a6:15693:7079/691/7923;Bb4+:13629:7189/614/5826;h6:11919:5580/579/5760;Qb6:8531:3994/378/4159;Be7:5492:2873/283/2336;Qa5+:5492:2330/302/2860;f6:3300:1841/149/1310;g6:2511:1258/126/1127;Qc7:828:412/29/387,rn1qkbnr/pp3ppp/2p1p3/3pP3/3P4/3Q1N2/PPP2PPP/RNB1K2R b KQkq - 0 6
main,trajectory-caro-advance-chain-bishops,cross_phase,11,11,True,30,33,1600,2024-01,2026-07,blitz+rapid+classical,321873,146482,16644,158747,12,12,c5:124854:55685/6447/62722;Nd7:73031:33929/3685/35417;Ne7:53075:24092/2743/26240;a6:17799:8027/891/8881;h6:11953:5474/712/5767;Qb6:11742:5240/579/5923;Qa5+:9263:3674/569/5020;Bb4+:8501:4456/442/3603;Be7:4622:2370/229/2023;g6:2384:1151/136/1097;f6:1646:903/71/672;Qc7:671:322/31/318,rn1qkbnr/pp3ppp/2p1p3/3pP3/3P4/3Q1N2/PPP2PPP/RNB1K2R b KQkq - 0 6
main,trajectory-caro-advance-chain-bishops,cross_phase,11,11,True,30,33,1800,2024-01,2026-07,blitz+rapid+classical,221934,98777,13030,110127,12,12,c5:85867:37700/5057/43110;Nd7:50460:23022/2949/24489;Ne7:33008:14871/1924/16213;Qa5+:13046:4833/886/7327;Qb6:12023:5244/663/6116;a6:10334:4698/581/5055;h6:6208:2944/357/2907;Bb4+:2962:1521/179/1262;g6:2556:1225/157/1174;Be7:2227:1157/114/956;h5:1177:553/56/568;f6:553:302/29/222,rn1qkbnr/pp3ppp/2p1p3/3pP3/3P4/3Q1N2/PPP2PPP/RNB1K2R b KQkq - 0 6
main,trajectory-caro-advance-chain-bishops,cross_phase,12,12,True,30,45,1400,2024-01,2026-07,blitz+rapid+classical,126007,57451,5842,62714,12,10,c3:56830:26071/2596/28163;dxc5:15853:7217/692/7944;O-O:13343:6007/630/6706;Qb5+:13032:5894/701/6437;c4:6431:3122/291/3018;Be3:5913:2667/279/2967;Bg5:5283:2375/265/2643;b3:3539:1524/139/1876;Nc3:3324:1535/142/1647;Ng5:709:328/22/359;Qb3:349:141/20/188;Nbd2:301:113/15/173,rn1qkbnr/pp3ppp/4p3/2ppP3/3P4/3Q1N2/PPP2PPP/RNB1K2R w KQkq - 0 7
main,trajectory-caro-advance-chain-bishops,cross_phase,12,12,True,30,45,1600,2024-01,2026-07,blitz+rapid+classical,126113,56274,6504,63335,12,10,c3:67623:30484/3519/33620;dxc5:14346:6396/688/7262;Qb5+:10943:4624/652/5667;O-O:10901:4861/507/5533;c4:7678:3697/415/3566;Be3:4101:1751/213/2137;Bg5:3914:1722/203/1989;b3:2647:1060/126/1461;Nc3:2193:954/100/1139;Ng5:510:216/15/279;Qb3:212:101/9/102;Nbd2:200:69/8/123,rn1qkbnr/pp3ppp/4p3/2ppP3/3P4/3Q1N2/PPP2PPP/RNB1K2R w KQkq - 0 7
main,trajectory-caro-advance-chain-bishops,cross_phase,12,12,True,30,45,1800,2024-01,2026-07,blitz+rapid+classical,86435,37976,5084,43375,10,9,c3:54195:24070/3229/26896;dxc5:8081:3477/425/4179;O-O:7486:3355/412/3719;Qb5+:5525:2201/381/2943;c4:5392:2528/343/2521;Bg5:1713:723/83/907;Be3:1597:670/80/847;b3:896:310/56/530;Nc3:856:365/39/452;Ng5:151:54/6/91;a3:92:38/9/45;Qb3:88:35/3/50,rn1qkbnr/pp3ppp/4p3/2ppP3/3P4/3Q1N2/PPP2PPP/RNB1K2R w KQkq - 0 7
main,trajectory-caro-advance-chain-bishops,cross_phase,13,13,True,30,32,1400,2024-01,2026-07,blitz+rapid+classical,78619,36236,3655,38728,11,7,Nc6:46177:20680/2098/23399;cxd4:14453:6925/684/6844;c4:10249:5008/528/4713;Nd7:2339:1132/82/1125;Ne7:1880:865/89/926;Qb6:1733:763/86/884;a6:696:319/27/350;Qa5:300:147/10/143;h6:259:114/21/124;f6:144:82/11/51;Be7:100:52/7/41;b6:79:41/3/35,rn1qkbnr/pp3ppp/4p3/2ppP3/3P4/2PQ1N2/PP3PPP/RNB1K2R b KQkq - 0 7
main,trajectory-caro-advance-chain-bishops,cross_phase,13,13,True,30,32,1600,2024-01,2026-07,blitz+rapid+classical,96935,43795,5051,48089,9,7,Nc6:63340:28130/3261/31949;cxd4:16359:7605/933/7821;c4:8352:4118/457/3777;Nd7:2894:1290/146/1458;Qb6:2350:1006/108/1236;Ne7:2035:894/77/1064;a6:798:345/31/422;h6:219:101/9/109;Qa5:188:91/5/92;f6:69:49/2/18;Be7:69:39/4/26;Qc7:59:31/4/24,rn1qkbnr/pp3ppp/4p3/2ppP3/3P4/2PQ1N2/PP3PPP/RNB1K2R b KQkq - 0 7
main,trajectory-caro-advance-chain-bishops,cross_phase,13,13,True,30,32,1800,2024-01,2026-07,blitz+rapid+classical,79827,35476,4795,39556,9,7,Nc6:58615:25688/3434/29493;cxd4:10296:4905/710/4681;c4:3861:1879/225/1757;Nd7:2466:1043/162/1261;Qb6:2253:940/129/1184;Ne7:1457:629/80/748;a6:500:226/31/243;Qa5:109:40/8/61;h6:105:47/7/51;Qc7:32:12/3/17;Qd7:28:13/2/13;Be7:28:14/0/14,rn1qkbnr/pp3ppp/4p3/2ppP3/3P4/2PQ1N2/PP3PPP/RNB1K2R b KQkq - 0 7
main,trajectory-caro-advance-chain-bishops,cross_phase,14,14,True,30,41,1400,2024-01,2026-07,blitz+rapid+classical,49350,22127,2263,24960,12,11,O-O:23755:10765/1028/11962;Be3:10194:4629/490/5075;Bg5:3654:1539/175/1940;Qb5:2579:1179/137/1263;b3:2068:883/113/1072;a3:1822:887/78/857;Nbd2:1564:670/68/826;dxc5:951:393/54/504;Na3:634:275/27/332;Bf4:621:262/32/327;Ng5:390:179/15/196;Bd2:185:78/10/97,r2qkbnr/pp3ppp/2n1p3/2ppP3/3P4/2PQ1N2/PP3PPP/RNB1K2R w KQkq - 1 8
main,trajectory-caro-advance-chain-bishops,cross_phase,14,14,True,30,41,1600,2024-01,2026-07,blitz+rapid+classical,66717,29698,3400,33619,12,11,O-O:34658:15724/1621/17313;Be3:13611:5946/771/6894;Bg5:3766:1550/184/2032;a3:3712:1871/194/1647;Qb5:2791:1208/200/1383;b3:2167:915/132/1120;Nbd2:1815:715/89/1011;dxc5:1038:435/56/547;Na3:795:348/47/400;Bf4:679:278/36/365;Ng5:439:195/20/224;Bd2:227:86/13/128,r2qkbnr/pp3ppp/2n1p3/2ppP3/3P4/2PQ1N2/PP3PPP/RNB1K2R w KQkq - 1 8
main,trajectory-caro-advance-chain-bishops,cross_phase,14,14,True,30,41,1800,2024-01,2026-07,blitz+rapid+classical,61320,26913,3570,30837,12,10,O-O:35916:15913/2014/17989;Be3:9769:4050/613/5106;a3:6095:3143/386/2566;Bg5:2365:945/126/1294;Qb5:1846:736/135/975;Nbd2:1230:482/84/664;b3:1183:445/64/674;dxc5:804:325/40/439;Na3:574:255/32/287;Bf4:428:177/21/230;Ng5:257:98/12/147;Bd2:147:51/4/92,r2qkbnr/pp3ppp/2n1p3/2ppP3/3P4/2PQ1N2/PP3PPP/RNB1K2R w KQkq - 1 8
main,trajectory-caro-advance-chain-bishops,cross_phase,15,15,True,30,38,1400,2024-01,2026-07,blitz+rapid+classical,26718,12130,1175,13413,12,8,cxd4:7586:3505/350/3731;Nge7:7544:3257/325/3962;Qb6:6432:2873/276/3283;c4:1866:915/90/861;Rc8:540:221/24/295;a6:498:224/21/253;Be7:472:256/17/199;h6:432:196/19/217;Nh6:374:192/13/169;f6:347:193/18/136;Qc7:186:87/4/95;g6:176:83/5/88,r2qkbnr/pp3ppp/2n1p3/2ppP3/3P4/2PQ1N2/PP3PPP/RNB2RK1 b kq - 2 8
main,trajectory-caro-advance-chain-bishops,cross_phase,15,15,True,30,38,1600,2024-01,2026-07,blitz+rapid+classical,38015,17206,1763,19046,12,8,cxd4:10903:5011/521/5371;Qb6:10773:4777/501/5495;Nge7:10310:4608/447/5255;c4:1818:868/105/845;Rc8:1150:471/44/635;a6:668:286/29/353;h6:513:235/20/258;Be7:441:229/18/194;Nh6:354:192/18/144;Qc7:329:151/22/156;f6:235:132/12/91;g6:153:87/9/57,r2qkbnr/pp3ppp/2n1p3/2ppP3/3P4/2PQ1N2/PP3PPP/RNB2RK1 b kq - 2 8
main,trajectory-caro-advance-chain-bishops,cross_phase,15,15,True,30,38,1800,2024-01,2026-07,blitz+rapid+classical,39031,17327,2184,19520,12,8,Qb6:12452:5451/669/6332;cxd4:10968:5029/636/5303;Nge7:9683:4209/549/4925;Rc8:1617:630/92/895;c4:1299:632/77/590;a6:626:276/34/316;h6:512:224/31/257;h5:391:162/16/213;Qc7:366:172/23/171;Nh6:351:176/16/159;Be7:320:146/27/147;g6:175:76/6/93,r2qkbnr/pp3ppp/2n1p3/2ppP3/3P4/2PQ1N2/PP3PPP/RNB2RK1 b kq - 2 8
main,trajectory-caro-advance-chain-bishops,cross_phase,16,16,True,29,38,1400,2024-01,2026-07,blitz+rapid+classical,7591,3509,350,3732,2,2,cxd4:6678:3107/293/3278;Nxd4:871:394/57/420;Bg5:10:1/0/9;Qxd4:8:1/0/7;c4:5:1/0/4;Qb5:4:2/0/2;Re1:3:1/0/2;Qd1:3:1/0/2;Bf4:3:0/0/3;Qc2:2:0/0/2;a3:2:1/0/1;Qe4:1:0/0/1,r2qkbnr/pp3ppp/2n1p3/3pP3/3p4/2PQ1N2/PP3PPP/RNB2RK1 w kq - 0 9
main,trajectory-caro-advance-chain-bishops,cross_phase,16,16,True,29,38,1600,2024-01,2026-07,blitz+rapid+classical,10918,5026,521,5371,2,2,cxd4:10147:4755/471/4921;Nxd4:717:257/48/412;Qxd4:13:1/0/12;c4:12:4/1/7;Re1:6:3/0/3;Bg5:5:4/0/1;Qb5:3:0/0/3;Bf4:2:0/1/1;b4:2:0/0/2;Qe4:2:0/0/2;Be3:2:0/0/2;Rd1:1:0/0/1,r2qkbnr/pp3ppp/2n1p3/3pP3/3p4/2PQ1N2/PP3PPP/RNB2RK1 w kq - 0 9
main,trajectory-caro-advance-chain-bishops,cross_phase,16,16,True,29,38,1800,2024-01,2026-07,blitz+rapid+classical,10981,5039,635,5307,2,1,cxd4:10658:4919/618/5121;Nxd4:265:93/14/158;Qxd4:19:2/1/16;c4:8:5/0/3;Bg5:5:3/1/1;a3:5:5/0/0;Re1:5:2/0/3;h3:2:1/0/1;Be3:2:1/0/1;Bf4:2:1/1/0;Qb5:2:2/0/0;h4:1:1/0/0,r2qkbnr/pp3ppp/2n1p3/3pP3/3p4/2PQ1N2/PP3PPP/RNB2RK1 w kq - 0 9
main,trajectory-caro-advance-chain-bishops,cross_phase,17,17,True,28,39,1400,2024-01,2026-07,blitz+rapid+classical,12217,5747,554,5916,10,4,Nge7:6787:3047/311/3429;Bb4:2049:1004/88/957;Qb6:1434:701/60/673;Be7:428:232/19/177;Rc8:372:174/13/185;a6:282:127/15/140;Nb4:194:117/10/67;h6:167:79/9/79;g6:162:73/12/77;f6:159:89/7/63;Nh6:93:51/5/37;Qc7:43:26/1/16,r2qkbnr/pp3ppp/2n1p3/3pP3/3P4/3Q1N2/PP3PPP/RNB2RK1 b kq - 0 9
main,trajectory-caro-advance-chain-bishops,cross_phase,17,17,True,28,39,1600,2024-01,2026-07,blitz+rapid+classical,16542,7715,825,8002,10,4,Nge7:10414:4705/511/5198;Bb4:2258:1100/131/1027;Qb6:1727:826/84/817;Rc8:600:301/27/272;Be7:365:195/17/153;a6:350:174/11/165;h6:249:108/18/123;g6:172:83/1/88;Nb4:158:82/7/69;f6:101:54/8/39;Nh6:63:40/5/18;Qc7:28:18/2/8,r2qkbnr/pp3ppp/2n1p3/3pP3/3P4/3Q1N2/PP3PPP/RNB2RK1 b kq - 0 9
main,trajectory-caro-advance-chain-bishops,cross_phase,17,17,True,28,39,1800,2024-01,2026-07,blitz+rapid+classical,14753,6906,886,6961,8,4,Nge7:10034:4587/579/4868;Bb4:1512:746/116/650;Qb6:1496:741/77/678;Rc8:565:270/31/264;a6:339:168/27/144;Be7:205:105/15/85;h6:202:93/15/94;g6:134:71/8/55;Nb4:87:37/10/40;Nh6:51:24/2/25;h5:47:21/1/25;f6:43:25/2/16,r2qkbnr/pp3ppp/2n1p3/3pP3/3P4/3Q1N2/PP3PPP/RNB2RK1 b kq - 0 9
main,trajectory-caro-advance-chain-bishops,cross_phase,18,18,True,28,38,1400,2024-01,2026-07,blitz+rapid+classical,6899,3094,314,3491,10,4,Bg5:2145:921/94/1130;Nc3:2029:892/90/1047;a3:808:417/41/350;Be3:480:229/18/233;Nbd2:283:119/15/149;Bd2:203:83/14/106;b3:193:93/13/87;Qb5:158:80/2/76;Ng5:152:63/3/86;Na3:104:44/4/56;Nh4:67:28/2/37;g4:63:33/3/27,r2qkb1r/pp2nppp/2n1p3/3pP3/3P4/3Q1N2/PP3PPP/RNB2RK1 w kq - 1 10
main,trajectory-caro-advance-chain-bishops,cross_phase,18,18,True,28,38,1600,2024-01,2026-07,blitz+rapid+classical,10591,4787,516,5288,11,5,Nc3:3449:1574/166/1709;Bg5:2799:1210/129/1460;a3:1641:823/88/730;Be3:685:312/31/342;Nbd2:420:176/21/223;b3:285:118/14/153;Bd2:259:123/12/124;Na3:215:92/17/106;g4:179:79/10/90;Ng5:175:74/5/96;Qb5:151:70/6/75;Nh4:86:39/3/44,r2qkb1r/pp2nppp/2n1p3/3pP3/3P4/3Q1N2/PP3PPP/RNB2RK1 w kq - 1 10
main,trajectory-caro-advance-chain-bishops,cross_phase,18,18,True,28,38,1800,2024-01,2026-07,blitz+rapid+classical,10195,4664,585,4946,9,4,Nc3:3956:1847/241/1868;Bg5:2160:931/108/1121;a3:1997:1008/120/869;Be3:536:242/33/261;Nbd2:299:131/18/150;b3:252:94/14/144;Na3:217:94/14/109;g4:185:64/8/113;Bd2:161:74/9/78;Ng5:93:39/1/53;Nh4:72:30/2/40;Qb5:65:28/5/32,r2qkb1r/pp2nppp/2n1p3/3pP3/3P4/3Q1N2/PP3PPP/RNB2RK1 w kq - 1 10
main,trajectory-caro-advance-chain-bishops,cross_phase,19,19,True,28,30,1400,2024-01,2026-07,blitz+rapid+classical,2395,1046,105,1244,3,1,Nf5:1770:767/73/930;a6:278:126/18/134;Ng6:184:73/8/103;Qb6:58:29/2/27;h6:29:12/2/15;g6:26:16/1/9;Rc8:17:9/0/8;Nb4:11:6/0/5;Nc8:10:3/0/7;h5:3:2/1/0;Qc7:3:1/0/2;a5:2:0/0/2,r2qkb1r/pp2nppp/2n1p3/3pP3/3P4/2NQ1N2/PP3PPP/R1B2RK1 b kq - 2 10
main,trajectory-caro-advance-chain-bishops,cross_phase,19,19,True,28,30,1600,2024-01,2026-07,blitz+rapid+classical,4070,1870,196,2004,4,2,Nf5:2958:1353/137/1468;a6:569:247/33/289;Ng6:294:148/17/129;Qb6:118:58/4/56;g6:42:21/1/20;h6:27:11/1/15;Rc8:23:14/1/8;Nc8:17:6/0/11;h5:13:6/0/7;Nb4:6:5/1/0;a5:2:0/1/1;Qc7:1:1/0/0,r2qkb1r/pp2nppp/2n1p3/3pP3/3P4/2NQ1N2/PP3PPP/R1B2RK1 b kq - 2 10
main,trajectory-caro-advance-chain-bishops,cross_phase,19,19,True,28,30,1800,2024-01,2026-07,blitz+rapid+classical,4643,2179,277,2187,4,3,Nf5:3239:1511/187/1541;a6:649:308/46/295;Ng6:404:190/28/186;Qb6:155:79/6/70;h5:61:34/3/24;Nc8:58:19/3/36;Rc8:24:10/1/13;g6:23:13/1/9;h6:22:9/2/11;Nb4:5:4/0/1;f5:2:1/0/1;b6:1:1/0/0,r2qkb1r/pp2nppp/2n1p3/3pP3/3P4/2NQ1N2/PP3PPP/R1B2RK1 b kq - 2 10
main,trajectory-caro-advance-chain-bishops,cross_phase,20,20,True,28,39,1400,2024-01,2026-07,blitz+rapid+classical,1822,793,73,956,4,2,Bg5:498:202/16/280;Be3:421:200/18/203;a3:213:97/9/107;Nb5:131:52/4/75;Ne2:90:37/6/47;g4:87:46/3/38;Qb5:70:22/6/42;h3:60:30/2/28;Re1:56:21/1/34;Bd2:49:27/2/20;Bf4:42:17/1/24;Rd1:33:12/1/20,r2qkb1r/pp3ppp/2n1p3/3pPn2/3P4/2NQ1N2/PP3PPP/R1B2RK1 w kq - 3 11
main,trajectory-caro-advance-chain-bishops,cross_phase,20,20,True,28,39,1600,2024-01,2026-07,blitz+rapid+classical,3033,1388,139,1506,6,3,Be3:921:423/37/461;Bg5:573:240/26/307;a3:417:206/17/194;g4:251:104/8/139;Ne2:211:100/12/99;Nb5:190:87/12/91;Rd1:80:37/6/37;Bf4:67:34/4/29;h3:67:35/3/29;Bd2:63:31/3/29;Re1:59:29/0/30;Qb5:49:25/7/17,r2qkb1r/pp3ppp/2n1p3/3pPn2/3P4/2NQ1N2/PP3PPP/R1B2RK1 w kq - 3 11
main,trajectory-caro-advance-chain-bishops,cross_phase,20,20,True,28,39,1800,2024-01,2026-07,blitz+rapid+classical,3290,1540,189,1561,7,3,Be3:1077:512/66/499;a3:590:312/34/244;Bg5:453:214/24/215;g4:344:134/12/198;Ne2:204:82/10/112;Rd1:138:68/7/63;Nb5:130:50/10/70;h3:70:31/8/31;Re1:49:23/3/23;Bf4:42:12/4/26;Bd2:41:24/2/15;b3:36:19/2/15,r2qkb1r/pp3ppp/2n1p3/3pPn2/3P4/2NQ1N2/PP3PPP/R1B2RK1 w kq - 3 11
main,trajectory-caro-advance-chain-bishops,cross_phase,21,21,True,28,43,1400,2024-01,2026-07,blitz+rapid+classical,138,57,8,73,0,0,Be7:74:28/5/41;Qb6:38:15/3/20;Rc8:9:2/0/7;Bb4:7:3/0/4;a6:4:4/0/0;h6:2:2/0/0;h5:1:1/0/0;g6:1:1/0/0;Nb4:1:0/0/1;Qc7:1:1/0/0,r2qkb1r/pp3ppp/2n1p3/3pPn2/3P4/3Q1N2/PP2NPPP/R1B2RK1 b kq - 4 11
main,trajectory-caro-advance-chain-bishops,cross_phase,21,21,True,28,43,1600,2024-01,2026-07,blitz+rapid+classical,380,183,16,181,2,0,Be7:208:95/9/104;Qb6:100:53/2/45;Bb4:31:19/0/12;Rc8:19:7/2/10;a6:7:1/1/5;h6:5:3/0/2;h5:3:3/0/0;Nb4:2:0/1/1;g6:2:1/0/1;a5:1:0/1/0;Ke7:1:1/0/0;g5:1:0/0/1,r2qkb1r/pp3ppp/2n1p3/3pPn2/3P4/3Q1N2/PP2NPPP/R1B2RK1 b kq - 4 11
main,trajectory-caro-advance-chain-bishops,cross_phase,21,21,True,28,43,1800,2024-01,2026-07,blitz+rapid+classical,511,233,24,254,2,0,Be7:294:131/15/148;Qb6:115:54/3/58;Bb4:26:13/1/12;Rc8:25:10/0/15;a6:19:10/2/7;h5:13:5/1/7;h6:9:5/1/3;g6:5:3/0/2;Nb4:4:2/1/1;Nh4:1:0/0/1,r2qkb1r/pp3ppp/2n1p3/3pPn2/3P4/3Q1N2/PP2NPPP/R1B2RK1 b kq - 4 11
main,trajectory-caro-advance-chain-bishops,cross_phase,22,22,True,28,37,1400,2024-01,2026-07,blitz+rapid+classical,74,28,5,41,0,0,a3:19:6/2/11;g4:13:6/1/6;b3:9:3/0/6;Ng3:8:4/0/4;Bd2:8:5/0/3;h3:5:2/1/2;Bf4:3:0/1/2;Be3:3:1/0/2;Rd1:3:0/0/3;Ne1:1:1/0/0;Re1:1:0/0/1;g3:1:0/0/1,r2qk2r/pp2bppp/2n1p3/3pPn2/3P4/3Q1N2/PP2NPPP/R1B2RK1 w kq - 5 12
main,trajectory-caro-advance-chain-bishops,cross_phase,22,22,True,28,37,1600,2024-01,2026-07,blitz+rapid+classical,210,96,10,104,0,0,a3:66:26/5/35;Bd2:28:15/1/12;b3:25:8/0/17;Ng3:22:12/1/9;g4:18:11/1/6;Be3:15:3/1/11;h3:11:8/0/3;Qb5:7:3/0/4;Rd1:4:2/1/1;Rb1:4:3/0/1;Bf4:3:2/0/1;Bg5:2:1/0/1,r2qk2r/pp2bppp/2n1p3/3pPn2/3P4/3Q1N2/PP2NPPP/R1B2RK1 w kq - 5 12
main,trajectory-caro-advance-chain-bishops,cross_phase,22,22,True,28,37,1800,2024-01,2026-07,blitz+rapid+classical,301,137,15,149,1,0,a3:131:56/7/68;Bd2:46:23/1/22;g4:39:19/2/18;Ng3:32:11/3/18;Be3:18:10/0/8;b3:14:4/1/9;Rd1:7:6/0/1;Bf4:4:1/1/2;h3:3:2/0/1;Qb5:3:2/0/1;Nc3:2:1/0/1;g3:1:1/0/0,r2qk2r/pp2bppp/2n1p3/3pPn2/3P4/3Q1N2/PP2NPPP/R1B2RK1 w kq - 5 12
main,trajectory-caro-advance-chain-bishops,cross_phase,23,23,True,28,42,1400,2024-01,2026-07,blitz+rapid+classical,8,4,0,4,0,0,Nxg3:7:3/0/4;Nh4:1:1/0/0,r2qk2r/pp2bppp/2n1p3/3pPn2/3P4/3Q1NN1/PP3PPP/R1B2RK1 b kq - 6 12
main,trajectory-caro-advance-chain-bishops,cross_phase,23,23,True,28,42,1600,2024-01,2026-07,blitz+rapid+classical,22,12,1,9,0,0,Nxg3:20:10/1/9;Nh4:2:2/0/0,r2qk2r/pp2bppp/2n1p3/3pPn2/3P4/3Q1NN1/PP3PPP/R1B2RK1 b kq - 6 12
main,trajectory-caro-advance-chain-bishops,cross_phase,23,23,True,28,42,1800,2024-01,2026-07,blitz+rapid+classical,32,11,3,18,0,0,Nxg3:26:9/1/16;Nh4:4:0/2/2;g6:1:1/0/0;Qb6:1:1/0/0,r2qk2r/pp2bppp/2n1p3/3pPn2/3P4/3Q1NN1/PP3PPP/R1B2RK1 b kq - 6 12
main,trajectory-caro-advance-chain-bishops,cross_phase,24,24,True,27,36,1400,2024-01,2026-07,blitz+rapid+classical,7,3,0,4,0,0,fxg3:6:2/0/4;hxg3:1:1/0/0,r2qk2r/pp2bppp/2n1p3/3pP3/3P4/3Q1Nn1/PP3PPP/R1B2RK1 w kq - 0 13
main,trajectory-caro-advance-chain-bishops,cross_phase,24,24,True,27,36,1600,2024-01,2026-07,blitz+rapid+classical,20,10,1,9,0,0,fxg3:15:8/1/6;hxg3:5:2/0/3,r2qk2r/pp2bppp/2n1p3/3pP3/3P4/3Q1Nn1/PP3PPP/R1B2RK1 w kq - 0 13
main,trajectory-caro-advance-chain-bishops,cross_phase,24,24,True,27,36,1800,2024-01,2026-07,blitz+rapid+classical,26,9,1,16,0,0,hxg3:14:3/0/11;fxg3:12:6/1/5,r2qk2r/pp2bppp/2n1p3/3pP3/3P4/3Q1Nn1/PP3PPP/R1B2RK1 w kq - 0 13
main,trajectory-caro-advance-chain-bishops,cross_phase,25,25,True,26,37,1400,2024-01,2026-07,blitz+rapid+classical,1,1,0,0,0,0,h6:1:1/0/0,r2qk2r/pp2bppp/2n1p3/3pP3/3P4/3Q1NP1/PP3PP1/R1B2RK1 b kq - 0 13
main,trajectory-caro-advance-chain-bishops,cross_phase,25,25,True,26,37,1600,2024-01,2026-07,blitz+rapid+classical,5,2,0,3,0,0,O-O:4:2/0/2;h5:1:0/0/1,r2qk2r/pp2bppp/2n1p3/3pP3/3P4/3Q1NP1/PP3PP1/R1B2RK1 b kq - 0 13
main,trajectory-caro-advance-chain-bishops,cross_phase,25,25,True,26,37,1800,2024-01,2026-07,blitz+rapid+classical,17,4,0,13,0,0,O-O:13:3/0/10;h5:2:0/0/2;Qb6:1:0/0/1;Rc8:1:1/0/0,r2qk2r/pp2bppp/2n1p3/3pP3/3P4/3Q1NP1/PP3PP1/R1B2RK1 b kq - 0 13
main,trajectory-caro-advance-chain-bishops,cross_phase,26,26,True,26,36,1400,2024-01,2026-07,blitz+rapid+classical,2,1,0,1,0,0,Kh2:1:0/0/1;Be3:1:1/0/0,r2q1rk1/pp2bppp/2n1p3/3pP3/3P4/3Q1NP1/PP3PP1/R1B2RK1 w - - 1 14
main,trajectory-caro-advance-chain-bishops,cross_phase,26,26,True,26,36,1600,2024-01,2026-07,blitz+rapid+classical,7,2,0,5,0,0,Be3:2:1/0/1;a3:2:0/0/2;b3:2:1/0/1;Bg5:1:0/0/1,r2q1rk1/pp2bppp/2n1p3/3pP3/3P4/3Q1NP1/PP3PP1/R1B2RK1 w - - 1 14
main,trajectory-caro-advance-chain-bishops,cross_phase,26,26,True,26,36,1800,2024-01,2026-07,blitz+rapid+classical,15,4,0,11,0,0,a3:5:1/0/4;Be3:4:0/0/4;Bd2:3:2/0/1;Bf4:1:1/0/0;Kh2:1:0/0/1;g4:1:0/0/1,r2q1rk1/pp2bppp/2n1p3/3pP3/3P4/3Q1NP1/PP3PP1/R1B2RK1 w - - 1 14
main,trajectory-caro-advance-chain-bishops,cross_phase,27,27,True,26,34,1400,2024-01,2026-07,blitz+rapid+classical,1,1,0,0,0,0,Rc8:1:1/0/0,r2q1rk1/pp2bppp/2n1p3/3pP3/3P4/3QBNP1/PP3PP1/R4RK1 b - - 2 14
main,trajectory-caro-advance-chain-bishops,cross_phase,27,27,True,26,34,1600,2024-01,2026-07,blitz+rapid+classical,4,2,0,2,0,0,Rc8:2:1/0/1;f6:2:1/0/1,r2q1rk1/pp2bppp/2n1p3/3pP3/3P4/3QBNP1/PP3PP1/R4RK1 b - - 2 14
main,trajectory-caro-advance-chain-bishops,cross_phase,27,27,True,26,34,1800,2024-01,2026-07,blitz+rapid+classical,9,1,2,6,0,0,Qb6:3:0/1/2;Rc8:3:0/1/2;f5:2:1/0/1;f6:1:0/0/1,r2q1rk1/pp2bppp/2n1p3/3pP3/3P4/3QBNP1/PP3PP1/R4RK1 b - - 2 14
main,trajectory-caro-advance-chain-bishops,cross_phase,28,28,True,26,40,1400,2024-01,2026-07,blitz+rapid+classical,0,0,0,0,0,0,,r4rk1/pp2bppp/1qn1p3/3pP3/3P4/3QBNP1/PP3PP1/R4RK1 w - - 3 15
main,trajectory-caro-advance-chain-bishops,cross_phase,28,28,True,26,40,1600,2024-01,2026-07,blitz+rapid+classical,0,0,0,0,0,0,,r4rk1/pp2bppp/1qn1p3/3pP3/3P4/3QBNP1/PP3PP1/R4RK1 w - - 3 15
main,trajectory-caro-advance-chain-bishops,cross_phase,28,28,True,26,40,1800,2024-01,2026-07,blitz+rapid+classical,4,0,1,3,0,0,a3:2:0/1/1;Rfb1:1:0/0/1;b3:1:0/0/1,r4rk1/pp2bppp/1qn1p3/3pP3/3P4/3QBNP1/PP3PP1/R4RK1 w - - 3 15
main,trajectory-caro-advance-chain-bishops,cross_phase,29,29,True,26,41,1400,2024-01,2026-07,blitz+rapid+classical,0,0,0,0,0,0,,r4rk1/pp2bppp/1qn1p3/3pP3/3P4/3QBNP1/PP3PP1/1R3RK1 b - - 4 15
main,trajectory-caro-advance-chain-bishops,cross_phase,29,29,True,26,41,1600,2024-01,2026-07,blitz+rapid+classical,0,0,0,0,0,0,,r4rk1/pp2bppp/1qn1p3/3pP3/3P4/3QBNP1/PP3PP1/1R3RK1 b - - 4 15
main,trajectory-caro-advance-chain-bishops,cross_phase,29,29,True,26,41,1800,2024-01,2026-07,blitz+rapid+classical,0,0,0,0,0,0,,r4rk1/pp2bppp/1qn1p3/3pP3/3P4/3QBNP1/PP3PP1/1R3RK1 b - - 4 15
main,trajectory-caro-advance-chain-bishops,cross_phase,30,30,True,26,38,1400,2024-01,2026-07,blitz+rapid+classical,0,0,0,0,0,0,,r4rk1/pp2bppp/1q2p3/n2pP3/3P4/3QBNP1/PP3PP1/1R3RK1 w - - 5 16
main,trajectory-caro-advance-chain-bishops,cross_phase,30,30,True,26,38,1600,2024-01,2026-07,blitz+rapid+classical,0,0,0,0,0,0,,r4rk1/pp2bppp/1q2p3/n2pP3/3P4/3QBNP1/PP3PP1/1R3RK1 w - - 5 16
main,trajectory-caro-advance-chain-bishops,cross_phase,30,30,True,26,38,1800,2024-01,2026-07,blitz+rapid+classical,0,0,0,0,0,0,,r4rk1/pp2bppp/1q2p3/n2pP3/3P4/3QBNP1/PP3PP1/1R3RK1 w - - 5 16
main,trajectory-caro-advance-chain-bishops,cross_phase,31,31,True,26,38,1400,2024-01,2026-07,blitz+rapid+classical,0,0,0,0,0,0,,r4rk1/pp2bppp/1q2p3/n2pP3/3P4/3QB1P1/PP1N1PP1/1R3RK1 b - - 6 16
main,trajectory-caro-advance-chain-bishops,cross_phase,31,31,True,26,38,1600,2024-01,2026-07,blitz+rapid+classical,0,0,0,0,0,0,,r4rk1/pp2bppp/1q2p3/n2pP3/3P4/3QB1P1/PP1N1PP1/1R3RK1 b - - 6 16
main,trajectory-caro-advance-chain-bishops,cross_phase,31,31,True,26,38,1800,2024-01,2026-07,blitz+rapid+classical,0,0,0,0,0,0,,r4rk1/pp2bppp/1q2p3/n2pP3/3P4/3QB1P1/PP1N1PP1/1R3RK1 b - - 6 16
main,trajectory-caro-advance-chain-bishops,cross_phase,32,32,True,26,35,1400,2024-01,2026-07,blitz+rapid+classical,0,0,0,0,0,0,,r1r3k1/pp2bppp/1q2p3/n2pP3/3P4/3QB1P1/PP1N1PP1/1R3RK1 w - - 7 17
main,trajectory-caro-advance-chain-bishops,cross_phase,32,32,True,26,35,1600,2024-01,2026-07,blitz+rapid+classical,0,0,0,0,0,0,,r1r3k1/pp2bppp/1q2p3/n2pP3/3P4/3QB1P1/PP1N1PP1/1R3RK1 w - - 7 17
main,trajectory-caro-advance-chain-bishops,cross_phase,32,32,True,26,35,1800,2024-01,2026-07,blitz+rapid+classical,0,0,0,0,0,0,,r1r3k1/pp2bppp/1q2p3/n2pP3/3P4/3QB1P1/PP1N1PP1/1R3RK1 w - - 7 17
main,trajectory-caro-advance-chain-bishops,cross_phase,33,33,True,26,43,1400,2024-01,2026-07,blitz+rapid+classical,0,0,0,0,0,0,,r1r3k1/pp2bppp/1q2p3/n2pP3/3P4/1N1QB1P1/PP3PP1/1R3RK1 b - - 8 17
main,trajectory-caro-advance-chain-bishops,cross_phase,33,33,True,26,43,1600,2024-01,2026-07,blitz+rapid+classical,0,0,0,0,0,0,,r1r3k1/pp2bppp/1q2p3/n2pP3/3P4/1N1QB1P1/PP3PP1/1R3RK1 b - - 8 17
main,trajectory-caro-advance-chain-bishops,cross_phase,33,33,True,26,43,1800,2024-01,2026-07,blitz+rapid+classical,0,0,0,0,0,0,,r1r3k1/pp2bppp/1q2p3/n2pP3/3P4/1N1QB1P1/PP3PP1/1R3RK1 b - - 8 17
main,trajectory-caro-advance-chain-bishops,cross_phase,34,34,True,25,33,1400,2024-01,2026-07,blitz+rapid+classical,0,0,0,0,0,0,,r1r3k1/pp2bppp/1q2p3/3pP3/3P4/1n1QB1P1/PP3PP1/1R3RK1 w - - 0 18
main,trajectory-caro-advance-chain-bishops,cross_phase,34,34,True,25,33,1600,2024-01,2026-07,blitz+rapid+classical,0,0,0,0,0,0,,r1r3k1/pp2bppp/1q2p3/3pP3/3P4/1n1QB1P1/PP3PP1/1R3RK1 w - - 0 18
main,trajectory-caro-advance-chain-bishops,cross_phase,34,34,True,25,33,1800,2024-01,2026-07,blitz+rapid+classical,0,0,0,0,0,0,,r1r3k1/pp2bppp/1q2p3/3pP3/3P4/1n1QB1P1/PP3PP1/1R3RK1 w - - 0 18
main,trajectory-caro-advance-chain-bishops,cross_phase,35,35,True,24,42,1400,2024-01,2026-07,blitz+rapid+classical,0,0,0,0,0,0,,r1r3k1/pp2bppp/1q2p3/3pP3/3P4/1Q2B1P1/PP3PP1/1R3RK1 b - - 0 18
main,trajectory-caro-advance-chain-bishops,cross_phase,35,35,True,24,42,1600,2024-01,2026-07,blitz+rapid+classical,0,0,0,0,0,0,,r1r3k1/pp2bppp/1q2p3/3pP3/3P4/1Q2B1P1/PP3PP1/1R3RK1 b - - 0 18
main,trajectory-caro-advance-chain-bishops,cross_phase,35,35,True,24,42,1800,2024-01,2026-07,blitz+rapid+classical,0,0,0,0,0,0,,r1r3k1/pp2bppp/1q2p3/3pP3/3P4/1Q2B1P1/PP3PP1/1R3RK1 b - - 0 18
main,trajectory-caro-advance-chain-bishops,cross_phase,36,36,True,23,20,1400,2024-01,2026-07,blitz+rapid+classical,0,0,0,0,0,0,,r1r3k1/pp2bppp/4p3/3pP3/3P4/1q2B1P1/PP3PP1/1R3RK1 w - - 0 19
main,trajectory-caro-advance-chain-bishops,cross_phase,36,36,True,23,20,1600,2024-01,2026-07,blitz+rapid+classical,0,0,0,0,0,0,,r1r3k1/pp2bppp/4p3/3pP3/3P4/1q2B1P1/PP3PP1/1R3RK1 w - - 0 19
main,trajectory-caro-advance-chain-bishops,cross_phase,36,36,True,23,20,1800,2024-01,2026-07,blitz+rapid+classical,0,0,0,0,0,0,,r1r3k1/pp2bppp/4p3/3pP3/3P4/1q2B1P1/PP3PP1/1R3RK1 w - - 0 19
main,trajectory-caro-advance-chain-bishops,cross_phase,37,37,True,22,33,1400,2024-01,2026-07,blitz+rapid+classical,0,0,0,0,0,0,,r1r3k1/pp2bppp/4p3/3pP3/3P4/1P2B1P1/1P3PP1/1R3RK1 b - - 0 19
main,trajectory-caro-advance-chain-bishops,cross_phase,37,37,True,22,33,1600,2024-01,2026-07,blitz+rapid+classical,0,0,0,0,0,0,,r1r3k1/pp2bppp/4p3/3pP3/3P4/1P2B1P1/1P3PP1/1R3RK1 b - - 0 19
main,trajectory-caro-advance-chain-bishops,cross_phase,37,37,True,22,33,1800,2024-01,2026-07,blitz+rapid+classical,0,0,0,0,0,0,,r1r3k1/pp2bppp/4p3/3pP3/3P4/1P2B1P1/1P3PP1/1R3RK1 b - - 0 19
main,trajectory-caro-advance-chain-bishops,cross_phase,38,38,True,22,18,1400,2024-01,2026-07,blitz+rapid+classical,0,0,0,0,0,0,,r5k1/ppr1bppp/4p3/3pP3/3P4/1P2B1P1/1P3PP1/1R3RK1 w - - 1 20
main,trajectory-caro-advance-chain-bishops,cross_phase,38,38,True,22,18,1600,2024-01,2026-07,blitz+rapid+classical,0,0,0,0,0,0,,r5k1/ppr1bppp/4p3/3pP3/3P4/1P2B1P1/1P3PP1/1R3RK1 w - - 1 20
main,trajectory-caro-advance-chain-bishops,cross_phase,38,38,True,22,18,1800,2024-01,2026-07,blitz+rapid+classical,0,0,0,0,0,0,,r5k1/ppr1bppp/4p3/3pP3/3P4/1P2B1P1/1P3PP1/1R3RK1 w - - 1 20
main,trajectory-caro-advance-chain-bishops,cross_phase,39,39,True,22,34,1400,2024-01,2026-07,blitz+rapid+classical,0,0,0,0,0,0,,r5k1/ppr1bppp/4p3/3pP3/3P4/1P2B1P1/1P3PP1/1RR3K1 b - - 2 20
main,trajectory-caro-advance-chain-bishops,cross_phase,39,39,True,22,34,1600,2024-01,2026-07,blitz+rapid+classical,0,0,0,0,0,0,,r5k1/ppr1bppp/4p3/3pP3/3P4/1P2B1P1/1P3PP1/1RR3K1 b - - 2 20
main,trajectory-caro-advance-chain-bishops,cross_phase,39,39,True,22,34,1800,2024-01,2026-07,blitz+rapid+classical,0,0,0,0,0,0,,r5k1/ppr1bppp/4p3/3pP3/3P4/1P2B1P1/1P3PP1/1RR3K1 b - - 2 20
main,trajectory-caro-advance-chain-bishops,cross_phase,40,40,True,22,21,1400,2024-01,2026-07,blitz+rapid+classical,0,0,0,0,0,0,,2r3k1/ppr1bppp/4p3/3pP3/3P4/1P2B1P1/1P3PP1/1RR3K1 w - - 3 21
main,trajectory-caro-advance-chain-bishops,cross_phase,40,40,True,22,21,1600,2024-01,2026-07,blitz+rapid+classical,0,0,0,0,0,0,,2r3k1/ppr1bppp/4p3/3pP3/3P4/1P2B1P1/1P3PP1/1RR3K1 w - - 3 21
main,trajectory-caro-advance-chain-bishops,cross_phase,40,40,True,22,21,1800,2024-01,2026-07,blitz+rapid+classical,0,0,0,0,0,0,,2r3k1/ppr1bppp/4p3/3pP3/3P4/1P2B1P1/1P3PP1/1RR3K1 w - - 3 21
main,trajectory-caro-advance-chain-bishops,cross_phase,41,41,True,21,27,1400,2024-01,2026-07,blitz+rapid+classical,0,0,0,0,0,0,,2r3k1/ppR1bppp/4p3/3pP3/3P4/1P2B1P1/1P3PP1/1R4K1 b - - 0 21
main,trajectory-caro-advance-chain-bishops,cross_phase,41,41,True,21,27,1600,2024-01,2026-07,blitz+rapid+classical,0,0,0,0,0,0,,2r3k1/ppR1bppp/4p3/3pP3/3P4/1P2B1P1/1P3PP1/1R4K1 b - - 0 21
main,trajectory-caro-advance-chain-bishops,cross_phase,41,41,True,21,27,1800,2024-01,2026-07,blitz+rapid+classical,0,0,0,0,0,0,,2r3k1/ppR1bppp/4p3/3pP3/3P4/1P2B1P1/1P3PP1/1R4K1 b - - 0 21
main,trajectory-caro-advance-chain-bishops,cross_phase,42,42,True,20,17,1400,2024-01,2026-07,blitz+rapid+classical,0,0,0,0,0,0,,6k1/ppr1bppp/4p3/3pP3/3P4/1P2B1P1/1P3PP1/1R4K1 w - - 0 22
main,trajectory-caro-advance-chain-bishops,cross_phase,42,42,True,20,17,1600,2024-01,2026-07,blitz+rapid+classical,0,0,0,0,0,0,,6k1/ppr1bppp/4p3/3pP3/3P4/1P2B1P1/1P3PP1/1R4K1 w - - 0 22
main,trajectory-caro-advance-chain-bishops,cross_phase,42,42,True,20,17,1800,2024-01,2026-07,blitz+rapid+classical,0,0,0,0,0,0,,6k1/ppr1bppp/4p3/3pP3/3P4/1P2B1P1/1P3PP1/1R4K1 w - - 0 22
main,trajectory-caro-advance-chain-bishops,cross_phase,43,43,True,20,29,1400,2024-01,2026-07,blitz+rapid+classical,0,0,0,0,0,0,,6k1/ppr1bppp/4p3/3pP3/3P4/1P2B1P1/1P3PP1/2R3K1 b - - 1 22
main,trajectory-caro-advance-chain-bishops,cross_phase,43,43,True,20,29,1600,2024-01,2026-07,blitz+rapid+classical,0,0,0,0,0,0,,6k1/ppr1bppp/4p3/3pP3/3P4/1P2B1P1/1P3PP1/2R3K1 b - - 1 22
main,trajectory-caro-advance-chain-bishops,cross_phase,43,43,True,20,29,1800,2024-01,2026-07,blitz+rapid+classical,0,0,0,0,0,0,,6k1/ppr1bppp/4p3/3pP3/3P4/1P2B1P1/1P3PP1/2R3K1 b - - 1 22
main,trajectory-caro-advance-chain-bishops,cross_phase,44,44,True,19,2,1400,2024-01,2026-07,blitz+rapid+classical,0,0,0,0,0,0,,6k1/pp2bppp/4p3/3pP3/3P4/1P2B1P1/1P3PP1/2r3K1 w - - 0 23
main,trajectory-caro-advance-chain-bishops,cross_phase,44,44,True,19,2,1600,2024-01,2026-07,blitz+rapid+classical,0,0,0,0,0,0,,6k1/pp2bppp/4p3/3pP3/3P4/1P2B1P1/1P3PP1/2r3K1 w - - 0 23
main,trajectory-caro-advance-chain-bishops,cross_phase,44,44,True,19,2,1800,2024-01,2026-07,blitz+rapid+classical,0,0,0,0,0,0,,6k1/pp2bppp/4p3/3pP3/3P4/1P2B1P1/1P3PP1/2r3K1 w - - 0 23
main,trajectory-caro-advance-chain-bishops,cross_phase,45,45,True,18,21,1400,2024-01,2026-07,blitz+rapid+classical,0,0,0,0,0,0,,6k1/pp2bppp/4p3/3pP3/3P4/1P4P1/1P3PP1/2B3K1 b - - 0 23
main,trajectory-caro-advance-chain-bishops,cross_phase,45,45,True,18,21,1600,2024-01,2026-07,blitz+rapid+classical,0,0,0,0,0,0,,6k1/pp2bppp/4p3/3pP3/3P4/1P4P1/1P3PP1/2B3K1 b - - 0 23
main,trajectory-caro-advance-chain-bishops,cross_phase,45,45,True,18,21,1800,2024-01,2026-07,blitz+rapid+classical,0,0,0,0,0,0,,6k1/pp2bppp/4p3/3pP3/3P4/1P4P1/1P3PP1/2B3K1 b - - 0 23
main,trajectory-caro-advance-chain-bishops,cross_phase,46,46,True,18,12,1400,2024-01,2026-07,blitz+rapid+classical,0,0,0,0,0,0,,5k2/pp2bppp/4p3/3pP3/3P4/1P4P1/1P3PP1/2B3K1 w - - 1 24
main,trajectory-caro-advance-chain-bishops,cross_phase,46,46,True,18,12,1600,2024-01,2026-07,blitz+rapid+classical,0,0,0,0,0,0,,5k2/pp2bppp/4p3/3pP3/3P4/1P4P1/1P3PP1/2B3K1 w - - 1 24
main,trajectory-caro-advance-chain-bishops,cross_phase,46,46,True,18,12,1800,2024-01,2026-07,blitz+rapid+classical,0,0,0,0,0,0,,5k2/pp2bppp/4p3/3pP3/3P4/1P4P1/1P3PP1/2B3K1 w - - 1 24
main,trajectory-caro-advance-chain-bishops,cross_phase,47,47,True,18,20,1400,2024-01,2026-07,blitz+rapid+classical,0,0,0,0,0,0,,5k2/pp2bppp/4p3/3pP3/3P4/1P4P1/1P3PP1/2B2K2 b - - 2 24
main,trajectory-caro-advance-chain-bishops,cross_phase,47,47,True,18,20,1600,2024-01,2026-07,blitz+rapid+classical,0,0,0,0,0,0,,5k2/pp2bppp/4p3/3pP3/3P4/1P4P1/1P3PP1/2B2K2 b - - 2 24
main,trajectory-caro-advance-chain-bishops,cross_phase,47,47,True,18,20,1800,2024-01,2026-07,blitz+rapid+classical,0,0,0,0,0,0,,5k2/pp2bppp/4p3/3pP3/3P4/1P4P1/1P3PP1/2B2K2 b - - 2 24
main,trajectory-caro-advance-chain-bishops,cross_phase,48,48,True,18,12,1400,2024-01,2026-07,blitz+rapid+classical,0,0,0,0,0,0,,4k3/pp2bppp/4p3/3pP3/3P4/1P4P1/1P3PP1/2B2K2 w - - 3 25
main,trajectory-caro-advance-chain-bishops,cross_phase,48,48,True,18,12,1600,2024-01,2026-07,blitz+rapid+classical,0,0,0,0,0,0,,4k3/pp2bppp/4p3/3pP3/3P4/1P4P1/1P3PP1/2B2K2 w - - 3 25
main,trajectory-caro-advance-chain-bishops,cross_phase,48,48,True,18,12,1800,2024-01,2026-07,blitz+rapid+classical,0,0,0,0,0,0,,4k3/pp2bppp/4p3/3pP3/3P4/1P4P1/1P3PP1/2B2K2 w - - 3 25
main,trajectory-caro-advance-chain-bishops,cross_phase,49,49,True,18,22,1400,2024-01,2026-07,blitz+rapid+classical,0,0,0,0,0,0,,4k3/pp2bppp/4p3/3pP3/3P4/1P4P1/1P2KPP1/2B5 b - - 4 25
main,trajectory-caro-advance-chain-bishops,cross_phase,49,49,True,18,22,1600,2024-01,2026-07,blitz+rapid+classical,0,0,0,0,0,0,,4k3/pp2bppp/4p3/3pP3/3P4/1P4P1/1P2KPP1/2B5 b - - 4 25
main,trajectory-caro-advance-chain-bishops,cross_phase,49,49,True,18,22,1800,2024-01,2026-07,blitz+rapid+classical,0,0,0,0,0,0,,4k3/pp2bppp/4p3/3pP3/3P4/1P4P1/1P2KPP1/2B5 b - - 4 25
main,trajectory-caro-advance-chain-bishops,cross_phase,50,50,True,18,16,1400,2024-01,2026-07,blitz+rapid+classical,0,0,0,0,0,0,,8/pp1kbppp/4p3/3pP3/3P4/1P4P1/1P2KPP1/2B5 w - - 5 26
main,trajectory-caro-advance-chain-bishops,cross_phase,50,50,True,18,16,1600,2024-01,2026-07,blitz+rapid+classical,0,0,0,0,0,0,,8/pp1kbppp/4p3/3pP3/3P4/1P4P1/1P2KPP1/2B5 w - - 5 26
main,trajectory-caro-advance-chain-bishops,cross_phase,50,50,True,18,16,1800,2024-01,2026-07,blitz+rapid+classical,0,0,0,0,0,0,,8/pp1kbppp/4p3/3pP3/3P4/1P4P1/1P2KPP1/2B5 w - - 5 26
main,trajectory-caro-advance-chain-bishops,cross_phase,51,51,True,18,24,1400,2024-01,2026-07,blitz+rapid+classical,0,0,0,0,0,0,,8/pp1kbppp/4p3/3pP3/3P4/1P1K2P1/1P3PP1/2B5 b - - 6 26
main,trajectory-caro-advance-chain-bishops,cross_phase,51,51,True,18,24,1600,2024-01,2026-07,blitz+rapid+classical,0,0,0,0,0,0,,8/pp1kbppp/4p3/3pP3/3P4/1P1K2P1/1P3PP1/2B5 b - - 6 26
main,trajectory-caro-advance-chain-bishops,cross_phase,51,51,True,18,24,1800,2024-01,2026-07,blitz+rapid+classical,0,0,0,0,0,0,,8/pp1kbppp/4p3/3pP3/3P4/1P1K2P1/1P3PP1/2B5 b - - 6 26
main,trajectory-caro-advance-chain-bishops,cross_phase,52,52,True,18,14,1400,2024-01,2026-07,blitz+rapid+classical,0,0,0,0,0,0,,3b4/pp1k1ppp/4p3/3pP3/3P4/1P1K2P1/1P3PP1/2B5 w - - 7 27
main,trajectory-caro-advance-chain-bishops,cross_phase,52,52,True,18,14,1600,2024-01,2026-07,blitz+rapid+classical,0,0,0,0,0,0,,3b4/pp1k1ppp/4p3/3pP3/3P4/1P1K2P1/1P3PP1/2B5 w - - 7 27
main,trajectory-caro-advance-chain-bishops,cross_phase,52,52,True,18,14,1800,2024-01,2026-07,blitz+rapid+classical,0,0,0,0,0,0,,3b4/pp1k1ppp/4p3/3pP3/3P4/1P1K2P1/1P3PP1/2B5 w - - 7 27
main,trajectory-caro-advance-chain-bishops,cross_phase,21,21,False,28,43,1400,2024-01,2026-07,blitz+rapid+classical,85,44,3,38,0,0,Nh4:43:20/1/22;Nfe7:29:18/2/9;Nh6:12:6/0/6;Nfxd4:1:0/0/1,r2qkb1r/pp3ppp/2n1p3/3pPn2/3P2P1/2NQ1N2/PP3P1P/R1B2RK1 b kq - 0 11
main,trajectory-caro-advance-chain-bishops,cross_phase,21,21,False,28,43,1600,2024-01,2026-07,blitz+rapid+classical,251,104,8,139,1,0,Nh4:135:40/5/90;Nfe7:77:39/3/35;Nh6:34:22/0/12;Nfxd4:3:2/0/1;Nb4:2:1/0/1,r2qkb1r/pp3ppp/2n1p3/3pPn2/3P2P1/2NQ1N2/PP3P1P/R1B2RK1 b kq - 0 11
main,trajectory-caro-advance-chain-bishops,cross_phase,21,21,False,28,43,1800,2024-01,2026-07,blitz+rapid+classical,344,134,12,198,1,0,Nh4:241:80/9/152;Nfe7:71:37/0/34;Nh6:30:15/3/12;Qb6:1:1/0/0;Nfxd4:1:1/0/0,r2qkb1r/pp3ppp/2n1p3/3pPn2/3P2P1/2NQ1N2/PP3P1P/R1B2RK1 b kq - 0 11
main,trajectory-caro-advance-chain-bishops,cross_phase,22,22,False,28,41,1400,2024-01,2026-07,blitz+rapid+classical,29,18,2,9,0,0,Bg5:10:6/2/2;Nb5:5:3/0/2;h3:3:2/0/1;a3:3:1/0/2;h4:2:0/0/2;Be3:2:2/0/0;Ng5:2:2/0/0;Bd2:1:1/0/0;Bf4:1:1/0/0,r2qkb1r/pp2nppp/2n1p3/3pP3/3P2P1/2NQ1N2/PP3P1P/R1B2RK1 w kq - 1 12
main,trajectory-caro-advance-chain-bishops,cross_phase,22,22,False,28,41,1600,2024-01,2026-07,blitz+rapid+classical,77,39,3,35,0,0,Bg5:30:17/1/12;Nb5:21:12/0/9;h3:8:3/0/5;h4:6:2/1/3;a3:3:1/1/1;Kg2:2:1/0/1;a4:1:0/0/1;b4:1:1/0/0;Be3:1:0/0/1;Ng5:1:1/0/0;Nd2:1:0/0/1;Bf4:1:1/0/0,r2qkb1r/pp2nppp/2n1p3/3pP3/3P2P1/2NQ1N2/PP3P1P/R1B2RK1 w kq - 1 12
main,trajectory-caro-advance-chain-bishops,cross_phase,22,22,False,28,41,1800,2024-01,2026-07,blitz+rapid+classical,71,37,0,34,0,0,Bg5:32:18/0/14;Nb5:15:8/0/7;h3:7:4/0/3;Ng5:4:1/0/3;a3:3:2/0/1;Be3:2:0/0/2;Kh1:2:2/0/0;h4:1:0/0/1;Nh4:1:0/0/1;b3:1:0/0/1;Qb5:1:0/0/1;Kg2:1:1/0/0,r2qkb1r/pp2nppp/2n1p3/3pP3/3P2P1/2NQ1N2/PP3P1P/R1B2RK1 w kq - 1 12
main,trajectory-caro-advance-chain-bishops,cross_phase,10,10,False,32,38,1400,2024-01,2026-07,blitz+rapid+classical,50761,24030,1902,24829,12,12,Bxg6:17064:8105/662/8297;O-O:14657:6976/510/7171;Nc3:5689:2682/210/2797;Bg5:4699:2182/190/2327;c3:1848:857/81/910;Be3:1119:550/35/534;c4:921:483/42/396;h3:887:420/46/421;h4:814:421/24/369;Bf4:606:289/16/301;a3:579:284/20/275;Nh4:423:122/11/290,rn1qkbnr/pp3ppp/2p1p1b1/3pP3/3P4/3B1N2/PPP2PPP/RNBQK2R w KQkq - 2 6
main,trajectory-caro-advance-chain-bishops,cross_phase,10,10,False,32,38,1600,2024-01,2026-07,blitz+rapid+classical,53645,24518,2262,26865,12,12,O-O:17243:8028/716/8499;Bxg6:15555:6962/702/7891;Nc3:5257:2454/193/2610;Bg5:4196:1878/178/2140;c3:3221:1481/142/1598;h4:1656:842/65/749;Be3:1450:678/53/719;c4:1182:548/67/567;h3:1015:455/45/515;a3:648:293/26/329;Bf4:529:225/19/285;Nbd2:410:191/10/209,rn1qkbnr/pp3ppp/2p1p1b1/3pP3/3P4/3B1N2/PPP2PPP/RNBQK2R w KQkq - 2 6
main,trajectory-caro-advance-chain-bishops,cross_phase,10,10,False,32,38,1800,2024-01,2026-07,blitz+rapid+classical,37783,16807,1791,19185,12,10,O-O:14375:6620/639/7116;Bxg6:8631:3694/463/4474;c3:3268:1422/145/1701;Nc3:2688:1184/118/1386;Bg5:2296:938/101/1257;h4:2202:1057/95/1050;Be3:1046:443/57/546;c4:836:388/49/399;h3:796:362/48/386;a3:412:175/19/218;Bf4:330:135/11/184;Nbd2:229:92/13/124,rn1qkbnr/pp3ppp/2p1p1b1/3pP3/3P4/3B1N2/PPP2PPP/RNBQK2R w KQkq - 2 6
main,trajectory-caro-advance-chain-bishops,cross_phase,11,11,False,31,31,1400,2024-01,2026-07,blitz+rapid+classical,17061,8101,662,8298,2,2,hxg6:16494:7781/644/8069;fxg6:534:295/18/221;h6:17:14/0/3;Nd7:9:6/0/3;c5:4:3/0/1;Be7:1:0/0/1;Qc7:1:1/0/0;Ne7:1:1/0/0,rn1qkbnr/pp3ppp/2p1p1B1/3pP3/3P4/5N2/PPP2PPP/RNBQK2R b KQkq - 0 6
main,trajectory-caro-advance-chain-bishops,cross_phase,11,11,False,31,31,1600,2024-01,2026-07,blitz+rapid+classical,15554,6961,702,7891,2,1,hxg6:15239:6787/689/7763;fxg6:287:156/12/119;h6:10:8/0/2;Nd7:10:6/0/4;c5:3:1/0/2;a6:2:1/1/0;Ne7:2:1/0/1;Be7:1:1/0/0,rn1qkbnr/pp3ppp/2p1p1B1/3pP3/3P4/5N2/PPP2PPP/RNBQK2R b KQkq - 0 6
main,trajectory-caro-advance-chain-bishops,cross_phase,11,11,False,31,31,1800,2024-01,2026-07,blitz+rapid+classical,8629,3692,463,4474,1,1,hxg6:8558:3647/463/4448;fxg6:56:34/0/22;h6:9:7/0/2;Nd7:5:3/0/2;Ne7:1:1/0/0,rn1qkbnr/pp3ppp/2p1p1B1/3pP3/3P4/5N2/PPP2PPP/RNBQK2R b KQkq - 0 6
main,trajectory-caro-advance-chain-bishops,cross_phase,12,12,False,30,31,1400,2024-01,2026-07,blitz+rapid+classical,26329,12409,1042,12878,12,10,Bg5:6208:2899/234/3075;Nc3:6136:2917/245/2974;O-O:4438:2065/164/2209;h3:2029:995/91/943;Be3:1649:785/64/800;Ng5:1396:646/55/695;c3:1288:594/68/626;a3:577:287/18/272;Bf4:571:293/16/262;Nbd2:565:271/20/274;Qd3:372:164/11/197;Bd2:281:124/13/144,rn1qkbnr/pp3pp1/2p1p1p1/3pP3/3P4/5N2/PPP2PPP/RNBQK2R w KQkq - 0 7
main,trajectory-caro-advance-chain-bishops,cross_phase,12,12,False,30,31,1600,2024-01,2026-07,blitz+rapid+classical,25249,11362,1129,12758,12,11,Nc3:5838:2531/245/3062;Bg5:5030:2260/217/2553;O-O:2970:1341/134/1495;h3:2826:1335/144/1347;c3:2080:923/104/1053;Be3:1848:863/83/902;Ng5:846:340/26/480;Nbd2:753:358/33/362;a3:631:322/27/282;Bf4:522:251/23/248;Qd3:494:228/22/244;b3:321:134/24/163,rn1qkbnr/pp3pp1/2p1p1p1/3pP3/3P4/5N2/PPP2PPP/RNBQK2R w KQkq - 0 7
main,trajectory-caro-advance-chain-bishops,cross_phase,12,12,False,30,31,1800,2024-01,2026-07,blitz+rapid+classical,14471,6264,787,7420,12,9,Nc3:2809:1136/135/1538;Bg5:2304:992/121/1191;h3:2086:942/138/1006;c3:1822:814/119/889;O-O:1490:719/75/696;Be3:1118:445/61/612;Nbd2:447:203/24/220;Qd3:414:186/15/213;a3:406:180/24/202;c4:322:153/14/155;Ng5:303:114/13/176;Bf4:292:112/15/165,rn1qkbnr/pp3pp1/2p1p1p1/3pP3/3P4/5N2/PPP2PPP/RNBQK2R w KQkq - 0 7
main,trajectory-qgd-exchange-minority,cross_phase,1,1,True,32,20,1400,2024-01,2026-07,blitz+rapid+classical,73992831,37404606,2905767,33682458,12,12,d5:36491197:18801497/1486779/16202921;Nf6:10061626:4935027/386462/4740137;e6:7207020:3666623/276426/3263971;e5:5756821:2792518/197862/2766441;g6:3361547:1641350/133822/1586375;c6:2520610:1273223/102632/1144755;d6:2399011:1193608/96957/1108446;c5:2165811:1043649/75027/1047135;b6:1543984:766950/58607/718427;f5:1192143:597412/41488/553243;Nc6:542819:294778/20744/227297;a6:182977:93227/7156/82594,rnbqkbnr/pppppppp/8/8/3P4/8/PPP1PPPP/RNBQKBNR b KQkq - 0 1
main,trajectory-qgd-exchange-minority,cross_phase,1,1,True,32,20,1600,2024-01,2026-07,blitz+rapid+classical,85615564,43077319,3735839,38802406,12,12,d5:38897749:19970011/1773397/17154341;Nf6:14858882:7270370/644099/6944413;e6:8328210:4233724/352844/3741642;e5:5655247:2749045/209469/2696733;g6:4219484:2085471/183754/1950259;c6:3243434:1629893/148620/1464921;c5:2897167:1385394/113612/1398161;d6:2747271:1351036/118719/1277516;b6:1826638:915306/75713/835619;f5:1758602:872973/69588/816041;Nc6:479364:246535/18975/213854;a6:176208:90443/6821/78944,rnbqkbnr/pppppppp/8/8/3P4/8/PPP1PPPP/RNBQKBNR b KQkq - 0 1
main,trajectory-qgd-exchange-minority,cross_phase,1,1,True,32,20,1800,2024-01,2026-07,blitz+rapid+classical,78102574,39006066,3922117,35174391,12,12,d5:31226741:15959667/1643749/13623325;Nf6:18570584:9016567/943545/8610472;e6:7231256:3666794/352373/3212089;e5:3994663:1959459/166070/1869134;g6:3595726:1786461/173408/1635857;c5:3232392:1535802/145340/1551250;c6:3190228:1595571/168260/1426397;d6:2715180:1315793/130692/1268695;f5:1946506:968312/91600/886594;b6:1375633:692038/63033/620562;Nc6:483782:232871/21136/229775;a6:146742:74192/6151/66399,rnbqkbnr/pppppppp/8/8/3P4/8/PPP1PPPP/RNBQKBNR b KQkq - 0 1
main,trajectory-qgd-exchange-minority,cross_phase,2,2,True,32,27,1400,2024-01,2026-07,blitz+rapid+classical,36449935,18795400,1483758,16170777,12,12,c4:11913699:6305455/465928/5142316;Bf4:8277071:4253399/349190/3674482;Nf3:5845968:2991704/245916/2608348;e3:3967841:1991955/172668/1803218;Nc3:3058010:1529652/121465/1406893;e4:1254434:656928/39817/557689;Bg5:564913:300986/20416/243511;c3:426741:205694/19373/201674;g3:343163:174656/15364/153143;h3:200739:99707/9465/91567;f4:165086:85191/6500/73395;f3:90176:41237/3532/45407,rnbqkbnr/ppp1pppp/8/3p4/3P4/8/PPP1PPPP/RNBQKBNR w KQkq - 0 2
main,trajectory-qgd-exchange-minority,cross_phase,2,2,True,32,27,1600,2024-01,2026-07,blitz+rapid+classical,38866804,19965759,1771081,17129964,12,12,c4:14533943:7593981/649006/6290956;Bf4:7766605:3936968/368411/3461226;Nf3:6465451:3303142/305567/2856742;e3:3648729:1842088/172836/1633805;Nc3:2720720:1368059/117313/1235348;e4:1369166:722552/47651/598963;Bg5:755642:402212/31397/322033;c3:438710:216355/22443/199912;g3:374788:187189/19051/168548;f4:278860:146443/13273/119144;h3:180069:88088/9531/82450;f3:73421:34766/2910/35745,rnbqkbnr/ppp1pppp/8/3p4/3P4/8/PPP1PPPP/RNBQKBNR w KQkq - 0 2
main,trajectory-qgd-exchange-minority,cross_phase,2,2,True,32,27,1800,2024-01,2026-07,blitz+rapid+classical,31207147,15957454,1642281,13607412,12,12,c4:13060302:6743250/678799/5638253;Nf3:5790814:2964575/319212/2507027;Bf4:5299358:2663929/292794/2342635;e3:2385991:1200605/127602/1057784;Nc3:1815652:923521/85062/807069;e4:1040706:544530/41741/454435;Bg5:664790:349937/31917/282936;c3:357045:176025/20944/160076;f4:262685:135429/14754/112502;g3:237124:116134/13938/107052;h3:88268:41288/5848/41132;b3:52238:25634/2803/23801,rnbqkbnr/ppp1pppp/8/3p4/3P4/8/PPP1PPPP/RNBQKBNR w KQkq - 0 2
main,trajectory-qgd-exchange-minority,cross_phase,3,3,True,32,28,1400,2024-01,2026-07,blitz+rapid+classical,11931548,6310882,466280,5154386,12,12,dxc4:3488651:1926161/132693/1429797;e6:2758718:1423641/112641/1222436;Nf6:2036066:1079001/78360/878705;c6:1819285:925194/74969/819122;Bf5:557352:290763/20099/246490;Nc6:398851:213066/14252/171533;e5:387861:194693/14596/178572;c5:287739:150553/11664/125522;Bg4:45218:22859/1425/20934;g6:35868:18548/1419/15901;Be6:35252:20442/1280/13530;b6:20549:11640/795/8114,rnbqkbnr/ppp1pppp/8/3p4/2PP4/8/PP2PPPP/RNBQKBNR b KQkq - 0 2
main,trajectory-qgd-exchange-minority,cross_phase,3,3,True,32,28,1600,2024-01,2026-07,blitz+rapid+classical,14556668,7602426,649746,6304496,12,12,e6:3829393:1956971/180537/1691885;dxc4:3333795:1821043/140581/1372171;c6:2761358:1394159/132441/1234758;Nf6:2381086:1265717/102045/1013324;Bf5:695853:365655/28677/301521;e5:580031:284965/24771/270295;Nc6:441068:233317/17931/189820;c5:331328:171128/14870/145330;Bg4:60384:30774/2113/27497;g6:47610:25130/2069/20411;Be6:20381:12030/812/7539;b6:16839:9374/674/6791,rnbqkbnr/ppp1pppp/8/3p4/2PP4/8/PP2PPPP/RNBQKBNR b KQkq - 0 2
main,trajectory-qgd-exchange-minority,cross_phase,3,3,True,32,28,1800,2024-01,2026-07,blitz+rapid+classical,13084281,6753421,679670,5651190,12,12,e6:4029032:2033679/222967/1772386;c6:3219946:1630991/178248/1410707;dxc4:2139024:1146869/101551/890604;Nf6:1896055:1013269/91301/791485;e5:598945:294639/29191/275115;Bf5:470172:250467/21624/198081;Nc6:344996:181326/15992/147678;c5:256834:131371/13080/112383;Bg4:45183:23908/1854/19421;g6:34006:18439/1613/13954;b6:9194:5086/485/3623;Be6:8324:4863/424/3037,rnbqkbnr/ppp1pppp/8/3p4/2PP4/8/PP2PPPP/RNBQKBNR b KQkq - 0 2
main,trajectory-qgd-exchange-minority,cross_phase,4,4,True,32,30,1400,2024-01,2026-07,blitz+rapid+classical,3581451,1856481,144687,1580283,12,12,Nc3:1857976:972624/73488/811864;Nf3:540969:283975/22387/234607;cxd5:395432:199537/16337/179558;e3:367562:187411/16003/164148;a3:163141:83795/6311/73035;c5:118651:59527/4633/54491;Bf4:70967:36321/2814/31832;g3:38006:20183/1619/16204;e4:13749:6709/513/6527;b3:3305:1378/130/1797;f3:2042:900/80/1062;Qa4+:1944:693/68/1183,rnbqkbnr/ppp2ppp/4p3/3p4/2PP4/8/PP2PPPP/RNBQKBNR w KQkq - 0 3
main,trajectory-qgd-exchange-minority,cross_phase,4,4,True,32,30,1600,2024-01,2026-07,blitz+rapid+classical,5090809,2610411,236675,2243723,12,12,Nc3:2924611:1511573/133429/1279609;Nf3:787470:407386/37136/342948;cxd5:462883:232248/21847/208788;e3:462732:233247/23405/206080;a3:176708:88372/8153/80183;c5:100838:48981/4488/47369;Bf4:84150:41914/3964/38272;g3:62159:32837/3020/26302;e4:14590:7153/558/6879;b3:3198:1394/162/1642;f3:2109:944/86/1079;Nd2:1665:809/72/784,rnbqkbnr/ppp2ppp/4p3/3p4/2PP4/8/PP2PPPP/RNBQKBNR w KQkq - 0 3
main,trajectory-qgd-exchange-minority,cross_phase,4,4,True,32,30,1800,2024-01,2026-07,blitz+rapid+classical,5463898,2765110,297175,2401613,12,12,Nc3:3439055:1746531/182985/1509539;Nf3:918473:472173/51048/395252;cxd5:394522:196232/22058/176232;e3:379141:186179/23011/169951;a3:121039:59651/6517/54871;g3:80773:41710/4635/34428;Bf4:59490:29138/3390/26962;c5:49765:23247/2545/23973;e4:9156:4391/393/4372;Nd2:2961:1481/155/1325;b3:2264:1035/97/1132;f3:1770:763/75/932,rnbqkbnr/ppp2ppp/4p3/3p4/2PP4/8/PP2PPPP/RNBQKBNR w KQkq - 0 3
main,trajectory-qgd-exchange-minority,cross_phase,5,5,True,32,34,1400,2024-01,2026-07,blitz+rapid+classical,1866360,976751,73725,815884,12,12,Nf6:919647:472148/37293/410206;Bb4:275196:145222/10876/119098;dxc4:206950:117525/7604/81821;c5:163071:83690/6487/72894;c6:154715:79706/6037/68972;Nc6:37424:21489/1351/14584;a6:34709:17894/1269/15546;h6:17212:8682/644/7886;f5:11286:5208/462/5616;Be7:10021:5103/383/4535;b6:9823:5230/357/4236;Ne7:8659:4705/369/3585,rnbqkbnr/ppp2ppp/4p3/3p4/2PP4/2N5/PP2PPPP/R1BQKBNR b KQkq - 1 3
main,trajectory-qgd-exchange-minority,cross_phase,5,5,True,32,34,1600,2024-01,2026-07,blitz+rapid+classical,2945984,1522228,134341,1289415,12,12,Nf6:1625071:829534/76311/719226;Bb4:348254:185731/15514/147009;c6:317105:160589/14227/142289;dxc4:241272:134162/9951/97159;c5:193271:98182/8860/86229;a6:62217:31345/2678/28194;h6:33225:16954/1534/14737;f5:29917:13595/1275/15047;Nc6:27739:16016/1107/10616;Be7:22997:11326/1089/10582;b6:14098:7340/607/6151;Ne7:9658:5374/409/3875,rnbqkbnr/ppp2ppp/4p3/3p4/2PP4/2N5/PP2PPPP/R1BQKBNR b KQkq - 1 3
main,trajectory-qgd-exchange-minority,cross_phase,5,5,True,32,34,1800,2024-01,2026-07,blitz+rapid+classical,3496567,1774581,186042,1535944,12,12,Nf6:2082675:1053595/114169/914911;c6:503218:253279/25502/224437;Bb4:256438:136759/12716/106963;dxc4:187257:101798/8935/76524;c5:175191:84618/9158/81415;f5:77726:35310/4362/38054;a6:76112:37656/3901/34555;Be7:42073:20396/2520/19157;h6:41412:21000/2245/18167;Nc6:15248:8710/717/5821;b6:14375:7510/704/6161;g6:9058:4822/421/3815,rnbqkbnr/ppp2ppp/4p3/3p4/2PP4/2N5/PP2PPPP/R1BQKBNR b KQkq - 1 3
main,trajectory-qgd-exchange-minority,cross_phase,6,6,True,32,33,1400,2024-01,2026-07,blitz+rapid+classical,1643520,846530,65664,731326,12,12,Bg5:536526:277444/22016/237066;Nf3:450289:234341/17853/198095;cxd5:193270:100040/7725/85505;e3:178030:90993/7108/79929;Bf4:110988:56862/4401/49725;a3:83832:42987/3258/37587;c5:30955:15360/1157/14438;g3:14290:7242/592/6456;f3:13800:6640/431/6729;e4:11725:5355/445/5925;Qc2:5343:2605/193/2545;h3:3383:1654/128/1601,rnbqkb1r/ppp2ppp/4pn2/3p4/2PP4/2N5/PP2PPPP/R1BQKBNR w KQkq - 2 4
main,trajectory-qgd-exchange-minority,cross_phase,6,6,True,32,33,1600,2024-01,2026-07,blitz+rapid+classical,2763521,1413577,127796,1222148,12,12,Bg5:918431:468575/43999/405857;Nf3:780367:404218/35689/340460;cxd5:385192:198722/18010/168460;e3:268387:134845/12425/121117;Bf4:178867:92136/8197/78534;a3:92110:46413/4043/41654;c5:44310:21611/1749/20950;f3:25806:12847/893/12066;g3:25242:12842/1065/11335;e4:18756:9072/638/9046;Qc2:6689:3284/269/3136;h3:5436:2710/227/2499,rnbqkb1r/ppp2ppp/4pn2/3p4/2PP4/2N5/PP2PPPP/R1BQKBNR w KQkq - 2 4
main,trajectory-qgd-exchange-minority,cross_phase,6,6,True,32,33,1800,2024-01,2026-07,blitz+rapid+classical,3351237,1695203,180668,1475366,12,12,Bg5:1070537:537498/60879/472160;Nf3:968795:493405/51301/424089;cxd5:563139:289552/30306/243281;e3:293752:144029/15790/133933;Bf4:219584:114224/11400/93960;a3:62087:30987/3220/27880;f3:47708:24526/1848/21334;c5:42126:20462/2030/19634;g3:39457:19778/1984/17695;e4:18282:8705/694/8883;Qc2:7170:3504/340/3326;h3:5276:2563/252/2461,rnbqkb1r/ppp2ppp/4pn2/3p4/2PP4/2N5/PP2PPPP/R1BQKBNR w KQkq - 2 4
main,trajectory-qgd-exchange-minority,cross_phase,7,7,True,31,34,1400,2024-01,2026-07,blitz+rapid+classical,196044,101451,7823,86770,8,5,exd5:113747:57940/4507/51300;Nxd5:76442:40172/3123/33147;Bb4:4100:2335/142/1623;Be7:544:302/17/225;c5:402:196/16/190;c6:177:103/4/70;Bd6:161:92/8/61;e5:123:84/1/38;Nc6:60:43/1/16;Qxd5:47:40/0/7;Nbd7:46:29/0/17;g6:46:21/2/23,rnbqkb1r/ppp2ppp/4pn2/3P4/3P4/2N5/PP2PPPP/R1BQKBNR b KQkq - 0 4
main,trajectory-qgd-exchange-minority,cross_phase,7,7,True,31,34,1600,2024-01,2026-07,blitz+rapid+classical,389943,201144,18198,170601,9,6,exd5:238267:120133/11119/107015;Nxd5:141207:74956/6702/59549;Bb4:6043:3513/211/2319;Be7:1759:1043/65/651;c5:988:470/51/467;c6:521:275/21/225;Bd6:305:188/9/108;e5:270:208/4/58;a6:112:56/3/53;Nbd7:94:56/2/36;g6:73:40/2/31;Nc6:65:57/1/7,rnbqkb1r/ppp2ppp/4pn2/3P4/3P4/2N5/PP2PPPP/R1BQKBNR b KQkq - 0 4
main,trajectory-qgd-exchange-minority,cross_phase,7,7,True,31,34,1800,2024-01,2026-07,blitz+rapid+classical,569054,292557,30594,245903,10,8,exd5:412218:208984/22234/181000;Nxd5:144288:76339/7882/60067;Bb4:4944:2931/162/1851;Be7:3421:1953/130/1338;c5:1323:610/84/629;c6:1255:693/47/515;e5:460:335/16/109;Bd6:388:227/13/148;a6:195:124/7/64;Nbd7:162:106/4/52;b6:83:44/4/35;h6:82:44/3/35,rnbqkb1r/ppp2ppp/4pn2/3P4/3P4/2N5/PP2PPPP/R1BQKBNR b KQkq - 0 4
main,trajectory-qgd-exchange-minority,cross_phase,8,8,True,30,31,1400,2024-01,2026-07,blitz+rapid+classical,282899,141315,11680,129904,12,12,Bg5:120875:62298/4866/53711;Nf3:74226:36651/3269/34306;e3:26308:12430/1053/12825;Bf4:21518:10765/878/9875;g3:17550:8694/768/8088;a3:8289:4030/354/3905;f3:3768:1715/131/1922;e4:2375:1012/76/1287;h3:2187:1078/70/1039;Qb3:1885:942/65/878;Qc2:1371:635/47/689;Bd2:727:336/37/354,rnbqkb1r/ppp2ppp/5n2/3p4/3P4/2N5/PP2PPPP/R1BQKBNR w KQkq - 0 5
main,trajectory-qgd-exchange-minority,cross_phase,8,8,True,30,31,1600,2024-01,2026-07,blitz+rapid+classical,484299,241103,22938,220258,12,12,Bg5:226991:115862/10552/100577;Nf3:118876:58327/5892/54657;e3:37603:18088/1631/17884;g3:35887:17065/1855/16967;Bf4:34170:17066/1681/15423;a3:9991:4962/451/4578;f3:5565:2666/206/2693;h3:4329:2088/228/2013;e4:3505:1575/121/1809;Qb3:2586:1199/124/1263;Qc2:2040:994/89/957;Bd2:924:432/42/450,rnbqkb1r/ppp2ppp/5n2/3p4/3P4/2N5/PP2PPPP/R1BQKBNR w KQkq - 0 5
main,trajectory-qgd-exchange-minority,cross_phase,8,8,True,30,31,1800,2024-01,2026-07,blitz+rapid+classical,681571,340780,37756,303035,12,12,Bg5:364560:187603/19742/157215;Nf3:151443:74112/8842/68489;g3:48054:22100/2964/22990;Bf4:45575:22810/2688/20077;e3:36934:17355/1824/17755;a3:9315:4428/516/4371;f3:7998:4079/301/3618;e4:5235:2415/220/2600;h3:4295:1972/265/2058;Qc2:3169:1582/169/1418;Qb3:2290:1113/105/1072;f4:1193:621/50/522,rnbqkb1r/ppp2ppp/5n2/3p4/3P4/2N5/PP2PPPP/R1BQKBNR w KQkq - 0 5
main,trajectory-qgd-exchange-minority,cross_phase,9,9,True,30,33,1400,2024-01,2026-07,blitz+rapid+classical,123780,63704,4970,55106,12,11,Be7:55087:28422/2212/24453;Bb4:21029:11031/822/9176;c6:18555:9080/768/8707;Be6:9740:4926/383/4431;h6:5689:3126/242/2321;Nbd7:5218:2551/203/2464;Nc6:2817:1549/121/1147;c5:2607:1322/108/1177;Bf5:1126:621/50/455;Bd6:732:395/27/310;g6:404:227/15/162;a6:203:105/5/93,rnbqkb1r/ppp2ppp/5n2/3p2B1/3P4/2N5/PP2PPPP/R2QKBNR b KQkq - 1 5
main,trajectory-qgd-exchange-minority,cross_phase,9,9,True,30,33,1600,2024-01,2026-07,blitz+rapid+classical,230703,117574,10735,102394,12,12,Be7:110976:56747/5287/48942;c6:45957:22378/2193/21386;Bb4:29094:15516/1316/12262;Be6:14722:7620/682/6420;Nbd7:11477:5449/533/5495;h6:6045:3341/240/2464;c5:3467:1705/155/1607;Nc6:3373:1877/133/1363;Bf5:2134:1146/72/916;Bd6:1688:846/49/793;g6:478:248/25/205;a6:432:220/18/194,rnbqkb1r/ppp2ppp/5n2/3p2B1/3P4/2N5/PP2PPPP/R2QKBNR b KQkq - 1 5
main,trajectory-qgd-exchange-minority,cross_phase,9,9,True,30,33,1800,2024-01,2026-07,blitz+rapid+classical,367276,188850,19874,158552,12,12,Be7:181247:93529/10019/77699;c6:98893:49264/5485/44144;Bb4:30371:16531/1547/12293;Nbd7:21163:10444/1171/9548;Be6:15917:8481/760/6676;h6:4631:2587/205/1839;c5:4096:2042/182/1872;Bd6:3004:1510/137/1357;Bf5:2944:1618/137/1189;Nc6:2926:1659/131/1136;a6:558:298/23/237;g6:446:254/28/164,rnbqkb1r/ppp2ppp/5n2/3p2B1/3P4/2N5/PP2PPPP/R2QKBNR b KQkq - 1 5
main,trajectory-qgd-exchange-minority,cross_phase,10,10,True,30,36,1400,2024-01,2026-07,blitz+rapid+classical,64203,33125,2577,28501,12,9,e3:31902:17153/1206/13543;Nf3:18455:9317/811/8327;Bxf6:6436:3077/278/3081;Qc2:1822:955/57/810;Qb3:1578:770/59/749;e4:833:353/39/441;g3:777:397/31/349;f3:551:237/25/289;h3:527:255/23/249;Qa4+:378:176/11/191;a3:195:98/7/90;Bf4:161:76/8/77,rnbqk2r/ppp1bppp/5n2/3p2B1/3P4/2N5/PP2PPPP/R2QKBNR w KQkq - 2 6
main,trajectory-qgd-exchange-minority,cross_phase,10,10,True,30,36,1600,2024-01,2026-07,blitz+rapid+classical,127572,65067,6102,56403,12,9,e3:74680:38842/3415/32423;Nf3:30192:14993/1632/13567;Bxf6:7853:3812/397/3644;Qc2:6547:3521/303/2723;Qb3:3121:1541/125/1455;g3:1252:575/66/611;e4:849:330/29/490;f3:835:373/35/427;h3:820:420/47/353;Qa4+:345:161/11/173;a3:250:140/7/103;Rc1:214:106/10/98,rnbqk2r/ppp1bppp/5n2/3p2B1/3P4/2N5/PP2PPPP/R2QKBNR w KQkq - 2 6
main,trajectory-qgd-exchange-minority,cross_phase,10,10,True,30,36,1800,2024-01,2026-07,blitz+rapid+classical,203786,104713,11241,87832,12,9,e3:136846:71514/7389/57943;Nf3:32534:15634/2033/14867;Qc2:18240:9876/932/7432;Bxf6:8223:4029/515/3679;Qb3:2972:1464/148/1360;g3:1271:574/60/637;f3:1187:553/39/595;h3:831:399/42/390;e4:703:252/36/415;a3:249:113/13/123;Rc1:149:58/9/82;Qa4+:130:57/6/67,rnbqk2r/ppp1bppp/5n2/3p2B1/3P4/2N5/PP2PPPP/R2QKBNR w KQkq - 2 6
main,trajectory-qgd-exchange-minority,cross_phase,11,11,True,30,34,1400,2024-01,2026-07,blitz+rapid+classical,32065,17227,1213,13625,12,10,O-O:13582:7279/494/5809;h6:5872:3143/243/2486;c6:4325:2206/181/1938;Nc6:1871:1080/71/720;Bf5:1278:693/54/531;Be6:1015:551/42/422;a6:979:538/22/419;Nbd7:893:461/27/405;Ne4:814:489/33/292;c5:538:279/23/236;b6:355:182/5/168;Bg4:302:175/7/120,rnbqk2r/ppp1bppp/5n2/3p2B1/3P4/2N1P3/PP3PPP/R2QKBNR b KQkq - 0 6
main,trajectory-qgd-exchange-minority,cross_phase,11,11,True,30,34,1600,2024-01,2026-07,blitz+rapid+classical,74908,38941,3428,32539,12,12,O-O:33780:17311/1480/14989;c6:14154:7134/733/6287;h6:10663:5718/526/4419;Bf5:3260:1825/130/1305;Nc6:2785:1608/113/1064;Be6:2356:1203/100/1053;Nbd7:2251:1145/83/1023;a6:2024:1065/88/871;b6:960:485/41/434;Ne4:954:558/47/349;c5:858:436/39/383;Bg4:591:304/37/250,rnbqk2r/ppp1bppp/5n2/3p2B1/3P4/2N1P3/PP3PPP/R2QKBNR b KQkq - 0 6
main,trajectory-qgd-exchange-minority,cross_phase,11,11,True,30,34,1800,2024-01,2026-07,blitz+rapid+classical,137000,71567,7403,58030,12,12,O-O:66424:34437/3495/28492;c6:33383:17134/1954/14295;h6:14514:7708/810/5996;Bf5:5418:2945/310/2163;Be6:3789:2014/172/1603;Nbd7:3560:1872/180/1508;a6:2605:1401/148/1056;Nc6:2551:1489/115/947;b6:1650:842/84/724;c5:1150:618/47/485;Ne4:885:502/48/335;Bg4:806:454/30/322,rnbqk2r/ppp1bppp/5n2/3p2B1/3P4/2N1P3/PP3PPP/R2QKBNR b KQkq - 0 6
main,trajectory-qgd-exchange-minority,cross_phase,12,12,True,30,44,1400,2024-01,2026-07,blitz+rapid+classical,9292,4738,392,4162,6,2,Bd3:5613:2925/234/2454;Nf3:2453:1210/109/1134;Qc2:308:162/10/136;Bxf6:247:109/12/126;h3:230:114/13/103;Be2:162:79/6/77;Nge2:43:22/2/19;a3:39:18/2/19;Bf4:33:18/2/13;g3:25:11/1/13;Rc1:23:12/0/11;Qb3:21:9/1/11,rnbqk2r/pp2bppp/2p2n2/3p2B1/3P4/2N1P3/PP3PPP/R2QKBNR w KQkq - 0 7
main,trajectory-qgd-exchange-minority,cross_phase,12,12,True,30,44,1600,2024-01,2026-07,blitz+rapid+classical,29388,14761,1500,13127,7,5,Bd3:19603:10038/949/8616;Nf3:6152:2937/374/2841;Qc2:1602:840/78/684;h3:618:298/27/293;Bxf6:473:242/18/213;Be2:257:94/20/143;a3:155:73/7/75;Rc1:86:52/2/32;Nge2:78:29/5/44;Qb3:73:35/6/32;g3:65:28/5/32;f4:61:23/2/36,rnbqk2r/pp2bppp/2p2n2/3p2B1/3P4/2N1P3/PP3PPP/R2QKBNR w KQkq - 0 7
main,trajectory-qgd-exchange-minority,cross_phase,12,12,True,30,44,1800,2024-01,2026-07,blitz+rapid+classical,68425,34846,3881,29698,11,5,Bd3:49824:25797/2694/21333;Nf3:10139:4713/699/4727;Qc2:5596:3025/310/2261;h3:988:458/77/453;Bxf6:576:268/29/279;Be2:320:143/20/157;a3:180:75/17/88;Rc1:151:78/4/69;Qb3:117:53/10/54;Nge2:105:49/4/52;g3:103:46/10/47;f4:83:39/2/42,rnbqk2r/pp2bppp/2p2n2/3p2B1/3P4/2N1P3/PP3PPP/R2QKBNR w KQkq - 0 7
main,trajectory-qgd-exchange-minority,cross_phase,13,13,True,30,35,1400,2024-01,2026-07,blitz+rapid+classical,5613,2925,234,2454,5,5,O-O:2274:1174/86/1014;h6:1335:674/63/598;Nbd7:750:403/31/316;Bg4:500:269/22/209;Be6:440:244/14/182;Ne4:53:28/2/23;Qb6:50:27/3/20;Nfd7:25:15/2/8;g6:22:10/3/9;Bd7:20:11/1/8;b6:19:9/2/8;Ng4:18:10/0/8,rnbqk2r/pp2bppp/2p2n2/3p2B1/3P4/2NBP3/PP3PPP/R2QK1NR b KQkq - 1 7
main,trajectory-qgd-exchange-minority,cross_phase,13,13,True,30,35,1600,2024-01,2026-07,blitz+rapid+classical,19602,10033,949,8620,7,5,O-O:8212:4092/433/3687;h6:4279:2254/208/1817;Nbd7:2511:1312/114/1085;Bg4:2243:1131/86/1026;Be6:1645:866/84/695;Qb6:149:78/3/68;Ne4:126:62/6/58;Nfd7:48:24/1/23;g6:44:20/2/22;b6:43:22/3/18;a6:43:29/0/14;b5:38:20/2/16,rnbqk2r/pp2bppp/2p2n2/3p2B1/3P4/2NBP3/PP3PPP/R2QK1NR b KQkq - 1 7
main,trajectory-qgd-exchange-minority,cross_phase,13,13,True,30,35,1800,2024-01,2026-07,blitz+rapid+classical,49828,25793,2694,21341,7,6,O-O:21647:11148/1179/9320;h6:10380:5457/550/4373;Bg4:6617:3376/376/2865;Nbd7:5927:2982/327/2618;Be6:3716:1985/191/1540;Ne4:392:194/21/177;Qb6:308:164/10/134;a6:95:55/1/39;Nfd7:94:45/4/45;b6:81:47/7/27;b5:79:48/2/29;g6:79:43/5/31,rnbqk2r/pp2bppp/2p2n2/3p2B1/3P4/2NBP3/PP3PPP/R2QK1NR b KQkq - 1 7
main,trajectory-qgd-exchange-minority,cross_phase,14,14,True,30,50,1400,2024-01,2026-07,blitz+rapid+classical,1508,803,64,641,3,2,Nf3:573:309/19/245;Nge2:500:263/21/216;Qc2:287:155/14/118;h3:40:22/1/17;Bc2:28:15/2/11;Bxf6:16:9/2/5;Rc1:13:4/2/7;Qf3:8:2/1/5;Bf4:8:4/0/4;h4:8:5/1/2;f4:5:2/0/3;f3:5:3/0/2,r1bqk2r/pp1nbppp/2p2n2/3p2B1/3P4/2NBP3/PP3PPP/R2QK1NR w KQkq - 2 8
main,trajectory-qgd-exchange-minority,cross_phase,14,14,True,30,50,1600,2024-01,2026-07,blitz+rapid+classical,5582,2843,251,2488,4,3,Nge2:2219:1099/96/1024;Nf3:1801:927/82/792;Qc2:1159:621/57/481;h3:107:65/3/39;Rc1:94:46/2/46;Bc2:53:20/5/28;Bxf6:30:11/1/18;a3:21:7/1/13;f3:20:9/1/10;f4:17:9/0/8;h4:13:5/0/8;Bf4:9:6/0/3,r1bqk2r/pp1nbppp/2p2n2/3p2B1/3P4/2NBP3/PP3PPP/R2QK1NR w KQkq - 2 8
main,trajectory-qgd-exchange-minority,cross_phase,14,14,True,30,50,1800,2024-01,2026-07,blitz+rapid+classical,13676,6925,778,5973,5,3,Nge2:6035:3028/323/2684;Qc2:3433:1821/193/1419;Nf3:3347:1644/212/1491;h3:340:172/18/150;Rc1:148:69/10/69;Bc2:92:47/4/41;f3:83:40/4/39;f4:44:24/5/15;a3:34:14/2/18;Bxf6:26:10/2/14;h4:21:10/1/10;Bf4:16:12/1/3,r1bqk2r/pp1nbppp/2p2n2/3p2B1/3P4/2NBP3/PP3PPP/R2QK1NR w KQkq - 2 8
main,trajectory-qgd-exchange-minority,cross_phase,15,15,True,30,30,1400,2024-01,2026-07,blitz+rapid+classical,512,292,19,201,2,0,O-O:227:121/9/97;h6:186:113/6/67;g6:26:17/2/7;Nf8:17:7/1/9;a6:10:4/0/6;Nb6:10:8/0/2;Qc7:9:3/0/6;b6:9:7/1/1;c5:7:4/0/3;Qa5:2:2/0/0;b5:2:2/0/0;Bb4:2:1/0/1,r1bqk2r/pp1nbppp/2p2n2/3p2B1/3P4/2NBP3/PPQ2PPP/R3K1NR b KQkq - 3 8
main,trajectory-qgd-exchange-minority,cross_phase,15,15,True,30,30,1600,2024-01,2026-07,blitz+rapid+classical,2338,1212,128,998,2,2,h6:1033:557/50/426;O-O:951:469/62/420;Nf8:73:38/4/31;g6:68:38/3/27;a6:35:17/1/17;b6:27:15/1/11;Nb6:23:11/1/11;b5:21:13/1/7;Qa5:19:10/1/8;Nh5:16:5/2/9;c5:13:8/0/5;Bb4:11:6/0/5,r1bqk2r/pp1nbppp/2p2n2/3p2B1/3P4/2NBP3/PPQ2PPP/R3K1NR b KQkq - 3 8
main,trajectory-qgd-exchange-minority,cross_phase,15,15,True,30,30,1800,2024-01,2026-07,blitz+rapid+classical,7563,4058,423,3082,4,3,O-O:3304:1742/201/1361;h6:3252:1767/161/1324;Nf8:442:226/30/186;Nh5:109:52/8/49;Nb6:99:49/7/43;b6:72:45/6/21;g6:67:36/2/29;b5:45:31/1/13;a6:37:26/1/10;Qa5:31:19/0/12;Qc7:24:14/2/8;a5:21:12/0/9,r1bqk2r/pp1nbppp/2p2n2/3p2B1/3P4/2NBP3/PPQ2PPP/R3K1NR b KQkq - 3 8
main,trajectory-qgd-exchange-minority,cross_phase,16,16,True,30,49,1400,2024-01,2026-07,blitz+rapid+classical,663,319,27,317,2,0,Nge2:306:150/10/146;Nf3:282:138/12/132;Bxf6:26:9/0/17;h4:12:7/0/5;O-O-O:11:3/2/6;h3:9:4/2/3;f3:9:4/1/4;a3:2:0/0/2;e4:2:0/0/2;Rc1:2:2/0/0;Rd1:1:1/0/0;Rb1:1:1/0/0,r1bq1rk1/pp1nbppp/2p2n2/3p2B1/3P4/2NBP3/PPQ2PPP/R3K1NR w KQ - 4 9
main,trajectory-qgd-exchange-minority,cross_phase,16,16,True,30,49,1600,2024-01,2026-07,blitz+rapid+classical,2773,1405,150,1218,2,2,Nge2:1522:764/86/672;Nf3:1029:535/56/438;h3:47:23/1/23;h4:42:19/2/21;Bxf6:38:15/2/21;a3:20:12/1/7;f3:16:5/0/11;O-O-O:14:6/0/8;Rc1:13:7/1/5;Bh4:10:7/0/3;f4:8:4/0/4;Rb1:5:4/0/1,r1bq1rk1/pp1nbppp/2p2n2/3p2B1/3P4/2NBP3/PPQ2PPP/R3K1NR w KQ - 4 9
main,trajectory-qgd-exchange-minority,cross_phase,16,16,True,30,49,1800,2024-01,2026-07,blitz+rapid+classical,9573,5061,512,4000,3,2,Nge2:5223:2724/262/2237;Nf3:3860:2080/224/1556;h3:140:73/11/56;f3:88:50/2/36;h4:53:30/0/23;O-O-O:51:28/2/21;Bh4:30:17/2/11;Bxf6:23:8/4/11;f4:19:7/3/9;g4:18:12/1/5;Rb1:18:9/1/8;a3:18:9/0/9,r1bq1rk1/pp1nbppp/2p2n2/3p2B1/3P4/2NBP3/PPQ2PPP/R3K1NR w KQ - 4 9
main,trajectory-qgd-exchange-minority,cross_phase,17,17,True,30,27,1400,2024-01,2026-07,blitz+rapid+classical,402,198,12,192,2,0,h6:167:91/3/73;Re8:131:56/6/69;g6:20:11/0/9;b6:13:4/0/9;Qc7:11:7/0/4;b5:10:6/0/4;a5:9:5/1/3;a6:8:4/0/4;c5:8:5/0/3;Ne4:7:2/1/4;Bb4:5:1/0/4;Qb6:5:3/1/1,r1bq1rk1/pp1nbppp/2p2n2/3p2B1/3P4/2NBP3/PPQ1NPPP/R3K2R b KQ - 5 9
main,trajectory-qgd-exchange-minority,cross_phase,17,17,True,30,27,1600,2024-01,2026-07,blitz+rapid+classical,1897,935,110,852,2,2,h6:798:397/62/339;Re8:740:363/33/344;g6:77:30/3/44;b5:67:35/3/29;b6:49:20/2/27;a6:41:21/1/19;Qc7:24:13/0/11;c5:23:13/1/9;a5:21:9/0/12;Nb6:13:10/2/1;Qb6:7:3/1/3;Bd6:7:2/0/5,r1bq1rk1/pp1nbppp/2p2n2/3p2B1/3P4/2NBP3/PPQ1NPPP/R3K2R b KQ - 5 9
main,trajectory-qgd-exchange-minority,cross_phase,17,17,True,30,27,1800,2024-01,2026-07,blitz+rapid+classical,6463,3387,335,2741,4,2,Re8:3299:1651/172/1476;h6:2465:1326/131/1008;g6:156:92/9/55;b6:144:79/4/61;b5:82:55/4/23;a6:66:26/3/37;a5:52:35/2/15;c5:38:23/4/11;Qc7:36:20/2/14;Nb6:35:22/0/13;Bd6:18:11/2/5;Ne4:14:10/0/4,r1bq1rk1/pp1nbppp/2p2n2/3p2B1/3P4/2NBP3/PPQ1NPPP/R3K2R b KQ - 5 9
main,trajectory-qgd-exchange-minority,cross_phase,18,18,True,30,48,1400,2024-01,2026-07,blitz+rapid+classical,142,62,7,73,1,0,O-O:117:53/6/58;O-O-O:7:1/0/6;f3:4:2/0/2;Bxf6:4:2/1/1;h3:3:1/0/2;h4:2:1/0/1;a3:2:1/0/1;b4:1:0/0/1;Kf1:1:0/0/1;Nf4:1:1/0/0,r1bqr1k1/pp1nbppp/2p2n2/3p2B1/3P4/2NBP3/PPQ1NPPP/R3K2R w KQ - 6 10
main,trajectory-qgd-exchange-minority,cross_phase,18,18,True,30,48,1600,2024-01,2026-07,blitz+rapid+classical,798,395,33,370,1,1,O-O:648:316/28/304;f3:38:21/2/15;O-O-O:32:18/0/14;h3:16:12/1/3;h4:14:7/0/7;Bh4:9:4/0/5;Ng3:9:3/1/5;Bf4:8:3/0/5;a3:7:2/1/4;Bxf6:5:3/0/2;Rb1:2:1/0/1;Nf4:2:1/0/1,r1bqr1k1/pp1nbppp/2p2n2/3p2B1/3P4/2NBP3/PPQ1NPPP/R3K2R w KQ - 6 10
main,trajectory-qgd-exchange-minority,cross_phase,18,18,True,30,48,1800,2024-01,2026-07,blitz+rapid+classical,3536,1786,182,1568,3,1,O-O:2943:1500/160/1283;f3:204:105/5/94;O-O-O:154:71/6/77;h3:66:37/2/27;Bh4:46:19/5/22;h4:31:16/0/15;Ng3:18:6/0/12;Bf4:18:7/1/10;Bxf6:12:5/1/6;a3:11:7/0/4;Rb1:8:3/2/3;Kf1:6:0/0/6,r1bqr1k1/pp1nbppp/2p2n2/3p2B1/3P4/2NBP3/PPQ1NPPP/R3K2R w KQ - 6 10
main,trajectory-qgd-exchange-minority,cross_phase,26,26,True,27,38,1400,2024-01,2026-07,blitz+rapid+classical,0,0,0,0,0,0,,r1b1rnk1/pp2qppp/2p5/3p4/1P1P4/2nBP3/P1Q1NPPP/1R3RK1 w - - 0 14
main,trajectory-qgd-exchange-minority,cross_phase,26,26,True,27,38,1600,2024-01,2026-07,blitz+rapid+classical,0,0,0,0,0,0,,r1b1rnk1/pp2qppp/2p5/3p4/1P1P4/2nBP3/P1Q1NPPP/1R3RK1 w - - 0 14
main,trajectory-qgd-exchange-minority,cross_phase,26,26,True,27,38,1800,2024-01,2026-07,blitz+rapid+classical,0,0,0,0,0,0,,r1b1rnk1/pp2qppp/2p5/3p4/1P1P4/2nBP3/P1Q1NPPP/1R3RK1 w - - 0 14
main,trajectory-qgd-exchange-minority,cross_phase,27,27,True,26,35,1400,2024-01,2026-07,blitz+rapid+classical,0,0,0,0,0,0,,r1b1rnk1/pp2qppp/2p5/3p4/1P1P4/2QBP3/P3NPPP/1R3RK1 b - - 0 14
main,trajectory-qgd-exchange-minority,cross_phase,27,27,True,26,35,1600,2024-01,2026-07,blitz+rapid+classical,0,0,0,0,0,0,,r1b1rnk1/pp2qppp/2p5/3p4/1P1P4/2QBP3/P3NPPP/1R3RK1 b - - 0 14
main,trajectory-qgd-exchange-minority,cross_phase,27,27,True,26,35,1800,2024-01,2026-07,blitz+rapid+classical,0,0,0,0,0,0,,r1b1rnk1/pp2qppp/2p5/3p4/1P1P4/2QBP3/P3NPPP/1R3RK1 b - - 0 14
main,trajectory-qgd-exchange-minority,cross_phase,28,28,True,26,42,1400,2024-01,2026-07,blitz+rapid+classical,0,0,0,0,0,0,,r1b1rnk1/1p2qppp/p1p5/3p4/1P1P4/2QBP3/P3NPPP/1R3RK1 w - - 0 15
main,trajectory-qgd-exchange-minority,cross_phase,28,28,True,26,42,1600,2024-01,2026-07,blitz+rapid+classical,0,0,0,0,0,0,,r1b1rnk1/1p2qppp/p1p5/3p4/1P1P4/2QBP3/P3NPPP/1R3RK1 w - - 0 15
main,trajectory-qgd-exchange-minority,cross_phase,28,28,True,26,42,1800,2024-01,2026-07,blitz+rapid+classical,0,0,0,0,0,0,,r1b1rnk1/1p2qppp/p1p5/3p4/1P1P4/2QBP3/P3NPPP/1R3RK1 w - - 0 15
main,trajectory-qgd-exchange-minority,cross_phase,29,29,True,26,35,1400,2024-01,2026-07,blitz+rapid+classical,0,0,0,0,0,0,,r1b1rnk1/1p2qppp/p1p5/3p4/PP1P4/2QBP3/4NPPP/1R3RK1 b - - 0 15
main,trajectory-qgd-exchange-minority,cross_phase,29,29,True,26,35,1600,2024-01,2026-07,blitz+rapid+classical,0,0,0,0,0,0,,r1b1rnk1/1p2qppp/p1p5/3p4/PP1P4/2QBP3/4NPPP/1R3RK1 b - - 0 15
main,trajectory-qgd-exchange-minority,cross_phase,29,29,True,26,35,1800,2024-01,2026-07,blitz+rapid+classical,0,0,0,0,0,0,,r1b1rnk1/1p2qppp/p1p5/3p4/PP1P4/2QBP3/4NPPP/1R3RK1 b - - 0 15
main,trajectory-qgd-exchange-minority,cross_phase,30,30,True,26,41,1400,2024-01,2026-07,blitz+rapid+classical,0,0,0,0,0,0,,r1b1r1k1/1p2qppp/p1p1n3/3p4/PP1P4/2QBP3/4NPPP/1R3RK1 w - - 1 16
main,trajectory-qgd-exchange-minority,cross_phase,30,30,True,26,41,1600,2024-01,2026-07,blitz+rapid+classical,0,0,0,0,0,0,,r1b1r1k1/1p2qppp/p1p1n3/3p4/PP1P4/2QBP3/4NPPP/1R3RK1 w - - 1 16
main,trajectory-qgd-exchange-minority,cross_phase,30,30,True,26,41,1800,2024-01,2026-07,blitz+rapid+classical,0,0,0,0,0,0,,r1b1r1k1/1p2qppp/p1p1n3/3p4/PP1P4/2QBP3/4NPPP/1R3RK1 w - - 1 16
main,trajectory-qgd-exchange-minority,cross_phase,31,31,True,26,34,1400,2024-01,2026-07,blitz+rapid+classical,0,0,0,0,0,0,,r1b1r1k1/1p2qppp/p1p1n3/3p4/PP1P1N2/2QBP3/5PPP/1R3RK1 b - - 2 16
main,trajectory-qgd-exchange-minority,cross_phase,31,31,True,26,34,1600,2024-01,2026-07,blitz+rapid+classical,0,0,0,0,0,0,,r1b1r1k1/1p2qppp/p1p1n3/3p4/PP1P1N2/2QBP3/5PPP/1R3RK1 b - - 2 16
main,trajectory-qgd-exchange-minority,cross_phase,31,31,True,26,34,1800,2024-01,2026-07,blitz+rapid+classical,0,0,0,0,0,0,,r1b1r1k1/1p2qppp/p1p1n3/3p4/PP1P1N2/2QBP3/5PPP/1R3RK1 b - - 2 16
main,trajectory-qgd-exchange-minority,cross_phase,32,32,True,26,44,1400,2024-01,2026-07,blitz+rapid+classical,0,0,0,0,0,0,,r1b1r1k1/1p3ppp/p1p1nq2/3p4/PP1P1N2/2QBP3/5PPP/1R3RK1 w - - 3 17
main,trajectory-qgd-exchange-minority,cross_phase,32,32,True,26,44,1600,2024-01,2026-07,blitz+rapid+classical,0,0,0,0,0,0,,r1b1r1k1/1p3ppp/p1p1nq2/3p4/PP1P1N2/2QBP3/5PPP/1R3RK1 w - - 3 17
main,trajectory-qgd-exchange-minority,cross_phase,32,32,True,26,44,1800,2024-01,2026-07,blitz+rapid+classical,0,0,0,0,0,0,,r1b1r1k1/1p3ppp/p1p1nq2/3p4/PP1P1N2/2QBP3/5PPP/1R3RK1 w - - 3 17
main,trajectory-qgd-exchange-minority,cross_phase,33,33,True,25,31,1400,2024-01,2026-07,blitz+rapid+classical,0,0,0,0,0,0,,r1b1r1k1/1p3ppp/p1p1Nq2/3p4/PP1P4/2QBP3/5PPP/1R3RK1 b - - 0 17
main,trajectory-qgd-exchange-minority,cross_phase,33,33,True,25,31,1600,2024-01,2026-07,blitz+rapid+classical,0,0,0,0,0,0,,r1b1r1k1/1p3ppp/p1p1Nq2/3p4/PP1P4/2QBP3/5PPP/1R3RK1 b - - 0 17
main,trajectory-qgd-exchange-minority,cross_phase,33,33,True,25,31,1800,2024-01,2026-07,blitz+rapid+classical,0,0,0,0,0,0,,r1b1r1k1/1p3ppp/p1p1Nq2/3p4/PP1P4/2QBP3/5PPP/1R3RK1 b - - 0 17
main,trajectory-qgd-exchange-minority,cross_phase,34,34,True,24,39,1400,2024-01,2026-07,blitz+rapid+classical,0,0,0,0,0,0,,r1b1r1k1/1p4pp/p1p1pq2/3p4/PP1P4/2QBP3/5PPP/1R3RK1 w - - 0 18
main,trajectory-qgd-exchange-minority,cross_phase,34,34,True,24,39,1600,2024-01,2026-07,blitz+rapid+classical,0,0,0,0,0,0,,r1b1r1k1/1p4pp/p1p1pq2/3p4/PP1P4/2QBP3/5PPP/1R3RK1 w - - 0 18
main,trajectory-qgd-exchange-minority,cross_phase,34,34,True,24,39,1800,2024-01,2026-07,blitz+rapid+classical,0,0,0,0,0,0,,r1b1r1k1/1p4pp/p1p1pq2/3p4/PP1P4/2QBP3/5PPP/1R3RK1 w - - 0 18
main,trajectory-qgd-exchange-minority,cross_phase,35,35,True,24,33,1400,2024-01,2026-07,blitz+rapid+classical,0,0,0,0,0,0,,r1b1r1k1/1p4pp/p1p1pq2/1P1p4/P2P4/2QBP3/5PPP/1R3RK1 b - - 0 18
main,trajectory-qgd-exchange-minority,cross_phase,35,35,True,24,33,1600,2024-01,2026-07,blitz+rapid+classical,0,0,0,0,0,0,,r1b1r1k1/1p4pp/p1p1pq2/1P1p4/P2P4/2QBP3/5PPP/1R3RK1 b - - 0 18
main,trajectory-qgd-exchange-minority,cross_phase,35,35,True,24,33,1800,2024-01,2026-07,blitz+rapid+classical,0,0,0,0,0,0,,r1b1r1k1/1p4pp/p1p1pq2/1P1p4/P2P4/2QBP3/5PPP/1R3RK1 b - - 0 18
main,trajectory-qgd-exchange-minority,cross_phase,36,36,True,23,42,1400,2024-01,2026-07,blitz+rapid+classical,0,0,0,0,0,0,,r1b1r1k1/1p4pp/2p1pq2/1p1p4/P2P4/2QBP3/5PPP/1R3RK1 w - - 0 19
main,trajectory-qgd-exchange-minority,cross_phase,36,36,True,23,42,1600,2024-01,2026-07,blitz+rapid+classical,0,0,0,0,0,0,,r1b1r1k1/1p4pp/2p1pq2/1p1p4/P2P4/2QBP3/5PPP/1R3RK1 w - - 0 19
main,trajectory-qgd-exchange-minority,cross_phase,36,36,True,23,42,1800,2024-01,2026-07,blitz+rapid+classical,0,0,0,0,0,0,,r1b1r1k1/1p4pp/2p1pq2/1p1p4/P2P4/2QBP3/5PPP/1R3RK1 w - - 0 19
main,trajectory-qgd-exchange-minority,cross_phase,37,37,True,22,37,1400,2024-01,2026-07,blitz+rapid+classical,0,0,0,0,0,0,,r1b1r1k1/1p4pp/2p1pq2/1P1p4/3P4/2QBP3/5PPP/1R3RK1 b - - 0 19
main,trajectory-qgd-exchange-minority,cross_phase,37,37,True,22,37,1600,2024-01,2026-07,blitz+rapid+classical,0,0,0,0,0,0,,r1b1r1k1/1p4pp/2p1pq2/1P1p4/3P4/2QBP3/5PPP/1R3RK1 b - - 0 19
main,trajectory-qgd-exchange-minority,cross_phase,37,37,True,22,37,1800,2024-01,2026-07,blitz+rapid+classical,0,0,0,0,0,0,,r1b1r1k1/1p4pp/2p1pq2/1P1p4/3P4/2QBP3/5PPP/1R3RK1 b - - 0 19
main,trajectory-qgd-exchange-minority,cross_phase,38,38,True,22,40,1400,2024-01,2026-07,blitz+rapid+classical,0,0,0,0,0,0,,r1b1r1k1/1p4p1/2p1pq1p/1P1p4/3P4/2QBP3/5PPP/1R3RK1 w - - 0 20
main,trajectory-qgd-exchange-minority,cross_phase,38,38,True,22,40,1600,2024-01,2026-07,blitz+rapid+classical,0,0,0,0,0,0,,r1b1r1k1/1p4p1/2p1pq1p/1P1p4/3P4/2QBP3/5PPP/1R3RK1 w - - 0 20
main,trajectory-qgd-exchange-minority,cross_phase,38,38,True,22,40,1800,2024-01,2026-07,blitz+rapid+classical,0,0,0,0,0,0,,r1b1r1k1/1p4p1/2p1pq1p/1P1p4/3P4/2QBP3/5PPP/1R3RK1 w - - 0 20
main,trajectory-qgd-exchange-minority,cross_phase,39,39,True,21,35,1400,2024-01,2026-07,blitz+rapid+classical,0,0,0,0,0,0,,r1b1r1k1/1p4p1/2P1pq1p/3p4/3P4/2QBP3/5PPP/1R3RK1 b - - 0 20
main,trajectory-qgd-exchange-minority,cross_phase,39,39,True,21,35,1600,2024-01,2026-07,blitz+rapid+classical,0,0,0,0,0,0,,r1b1r1k1/1p4p1/2P1pq1p/3p4/3P4/2QBP3/5PPP/1R3RK1 b - - 0 20
main,trajectory-qgd-exchange-minority,cross_phase,39,39,True,21,35,1800,2024-01,2026-07,blitz+rapid+classical,0,0,0,0,0,0,,r1b1r1k1/1p4p1/2P1pq1p/3p4/3P4/2QBP3/5PPP/1R3RK1 b - - 0 20
main,trajectory-qgd-exchange-minority,cross_phase,40,40,True,20,44,1400,2024-01,2026-07,blitz+rapid+classical,0,0,0,0,0,0,,r1b1r1k1/6p1/2p1pq1p/3p4/3P4/2QBP3/5PPP/1R3RK1 w - - 0 21
main,trajectory-qgd-exchange-minority,cross_phase,40,40,True,20,44,1600,2024-01,2026-07,blitz+rapid+classical,0,0,0,0,0,0,,r1b1r1k1/6p1/2p1pq1p/3p4/3P4/2QBP3/5PPP/1R3RK1 w - - 0 21
main,trajectory-qgd-exchange-minority,cross_phase,40,40,True,20,44,1800,2024-01,2026-07,blitz+rapid+classical,0,0,0,0,0,0,,r1b1r1k1/6p1/2p1pq1p/3p4/3P4/2QBP3/5PPP/1R3RK1 w - - 0 21
main,trajectory-qgd-exchange-minority,cross_phase,41,41,True,20,35,1400,2024-01,2026-07,blitz+rapid+classical,0,0,0,0,0,0,,r1b1r1k1/6p1/2p1pq1p/3p4/3P4/2QBP3/1R3PPP/5RK1 b - - 1 21
main,trajectory-qgd-exchange-minority,cross_phase,41,41,True,20,35,1600,2024-01,2026-07,blitz+rapid+classical,0,0,0,0,0,0,,r1b1r1k1/6p1/2p1pq1p/3p4/3P4/2QBP3/1R3PPP/5RK1 b - - 1 21
main,trajectory-qgd-exchange-minority,cross_phase,41,41,True,20,35,1800,2024-01,2026-07,blitz+rapid+classical,0,0,0,0,0,0,,r1b1r1k1/6p1/2p1pq1p/3p4/3P4/2QBP3/1R3PPP/5RK1 b - - 1 21
main,trajectory-qgd-exchange-minority,cross_phase,42,42,True,20,45,1400,2024-01,2026-07,blitz+rapid+classical,0,0,0,0,0,0,,r3r1k1/6p1/b1p1pq1p/3p4/3P4/2QBP3/1R3PPP/5RK1 w - - 2 22
main,trajectory-qgd-exchange-minority,cross_phase,42,42,True,20,45,1600,2024-01,2026-07,blitz+rapid+classical,0,0,0,0,0,0,,r3r1k1/6p1/b1p1pq1p/3p4/3P4/2QBP3/1R3PPP/5RK1 w - - 2 22
main,trajectory-qgd-exchange-minority,cross_phase,42,42,True,20,45,1800,2024-01,2026-07,blitz+rapid+classical,0,0,0,0,0,0,,r3r1k1/6p1/b1p1pq1p/3p4/3P4/2QBP3/1R3PPP/5RK1 w - - 2 22
main,trajectory-qgd-exchange-minority,cross_phase,43,43,True,19,32,1400,2024-01,2026-07,blitz+rapid+classical,0,0,0,0,0,0,,r3r1k1/6p1/B1p1pq1p/3p4/3P4/2Q1P3/1R3PPP/5RK1 b - - 0 22
main,trajectory-qgd-exchange-minority,cross_phase,43,43,True,19,32,1600,2024-01,2026-07,blitz+rapid+classical,0,0,0,0,0,0,,r3r1k1/6p1/B1p1pq1p/3p4/3P4/2Q1P3/1R3PPP/5RK1 b - - 0 22
main,trajectory-qgd-exchange-minority,cross_phase,43,43,True,19,32,1800,2024-01,2026-07,blitz+rapid+classical,0,0,0,0,0,0,,r3r1k1/6p1/B1p1pq1p/3p4/3P4/2Q1P3/1R3PPP/5RK1 b - - 0 22
main,trajectory-qgd-exchange-minority,cross_phase,44,44,True,18,36,1400,2024-01,2026-07,blitz+rapid+classical,0,0,0,0,0,0,,4r1k1/6p1/r1p1pq1p/3p4/3P4/2Q1P3/1R3PPP/5RK1 w - - 0 23
main,trajectory-qgd-exchange-minority,cross_phase,44,44,True,18,36,1600,2024-01,2026-07,blitz+rapid+classical,0,0,0,0,0,0,,4r1k1/6p1/r1p1pq1p/3p4/3P4/2Q1P3/1R3PPP/5RK1 w - - 0 23
main,trajectory-qgd-exchange-minority,cross_phase,44,44,True,18,36,1800,2024-01,2026-07,blitz+rapid+classical,0,0,0,0,0,0,,4r1k1/6p1/r1p1pq1p/3p4/3P4/2Q1P3/1R3PPP/5RK1 w - - 0 23
main,trajectory-qgd-exchange-minority,cross_phase,45,45,True,18,36,1400,2024-01,2026-07,blitz+rapid+classical,0,0,0,0,0,0,,4r1k1/6p1/r1p1pq1p/3p4/3P4/2Q1P3/1R3PPP/1R4K1 b - - 1 23
main,trajectory-qgd-exchange-minority,cross_phase,45,45,True,18,36,1600,2024-01,2026-07,blitz+rapid+classical,0,0,0,0,0,0,,4r1k1/6p1/r1p1pq1p/3p4/3P4/2Q1P3/1R3PPP/1R4K1 b - - 1 23
main,trajectory-qgd-exchange-minority,cross_phase,45,45,True,18,36,1800,2024-01,2026-07,blitz+rapid+classical,0,0,0,0,0,0,,4r1k1/6p1/r1p1pq1p/3p4/3P4/2Q1P3/1R3PPP/1R4K1 b - - 1 23
main,trajectory-qgd-exchange-minority,cross_phase,46,46,True,18,36,1400,2024-01,2026-07,blitz+rapid+classical,0,0,0,0,0,0,,1r4k1/6p1/r1p1pq1p/3p4/3P4/2Q1P3/1R3PPP/1R4K1 w - - 2 24
main,trajectory-qgd-exchange-minority,cross_phase,46,46,True,18,36,1600,2024-01,2026-07,blitz+rapid+classical,0,0,0,0,0,0,,1r4k1/6p1/r1p1pq1p/3p4/3P4/2Q1P3/1R3PPP/1R4K1 w - - 2 24
main,trajectory-qgd-exchange-minority,cross_phase,46,46,True,18,36,1800,2024-01,2026-07,blitz+rapid+classical,0,0,0,0,0,0,,1r4k1/6p1/r1p1pq1p/3p4/3P4/2Q1P3/1R3PPP/1R4K1 w - - 2 24
main,trajectory-qgd-exchange-minority,cross_phase,47,47,True,18,41,1400,2024-01,2026-07,blitz+rapid+classical,0,0,0,0,0,0,,1r4k1/6p1/r1p1pq1p/3p4/3P4/2Q1P2P/1R3PP1/1R4K1 b - - 0 24
main,trajectory-qgd-exchange-minority,cross_phase,47,47,True,18,41,1600,2024-01,2026-07,blitz+rapid+classical,0,0,0,0,0,0,,1r4k1/6p1/r1p1pq1p/3p4/3P4/2Q1P2P/1R3PP1/1R4K1 b - - 0 24
main,trajectory-qgd-exchange-minority,cross_phase,47,47,True,18,41,1800,2024-01,2026-07,blitz+rapid+classical,0,0,0,0,0,0,,1r4k1/6p1/r1p1pq1p/3p4/3P4/2Q1P2P/1R3PP1/1R4K1 b - - 0 24
main,trajectory-qgd-exchange-minority,cross_phase,48,48,True,17,28,1400,2024-01,2026-07,blitz+rapid+classical,0,0,0,0,0,0,,6k1/6p1/r1p1pq1p/3p4/3P4/2Q1P2P/1r3PP1/1R4K1 w - - 0 25
main,trajectory-qgd-exchange-minority,cross_phase,48,48,True,17,28,1600,2024-01,2026-07,blitz+rapid+classical,0,0,0,0,0,0,,6k1/6p1/r1p1pq1p/3p4/3P4/2Q1P2P/1r3PP1/1R4K1 w - - 0 25
main,trajectory-qgd-exchange-minority,cross_phase,48,48,True,17,28,1800,2024-01,2026-07,blitz+rapid+classical,0,0,0,0,0,0,,6k1/6p1/r1p1pq1p/3p4/3P4/2Q1P2P/1r3PP1/1R4K1 w - - 0 25
main,trajectory-qgd-exchange-minority,cross_phase,49,49,True,16,30,1400,2024-01,2026-07,blitz+rapid+classical,0,0,0,0,0,0,,6k1/6p1/r1p1pq1p/3p4/3P4/2Q1P2P/1R3PP1/6K1 b - - 0 25
main,trajectory-qgd-exchange-minority,cross_phase,49,49,True,16,30,1600,2024-01,2026-07,blitz+rapid+classical,0,0,0,0,0,0,,6k1/6p1/r1p1pq1p/3p4/3P4/2Q1P2P/1R3PP1/6K1 b - - 0 25
main,trajectory-qgd-exchange-minority,cross_phase,49,49,True,16,30,1800,2024-01,2026-07,blitz+rapid+classical,0,0,0,0,0,0,,6k1/6p1/r1p1pq1p/3p4/3P4/2Q1P2P/1R3PP1/6K1 b - - 0 25
main,trajectory-qgd-exchange-minority,cross_phase,50,50,True,16,32,1400,2024-01,2026-07,blitz+rapid+classical,0,0,0,0,0,0,,3q2k1/6p1/r1p1p2p/3p4/3P4/2Q1P2P/1R3PP1/6K1 w - - 1 26
main,trajectory-qgd-exchange-minority,cross_phase,50,50,True,16,32,1600,2024-01,2026-07,blitz+rapid+classical,0,0,0,0,0,0,,3q2k1/6p1/r1p1p2p/3p4/3P4/2Q1P2P/1R3PP1/6K1 w - - 1 26
main,trajectory-qgd-exchange-minority,cross_phase,50,50,True,16,32,1800,2024-01,2026-07,blitz+rapid+classical,0,0,0,0,0,0,,3q2k1/6p1/r1p1p2p/3p4/3P4/2Q1P2P/1R3PP1/6K1 w - - 1 26
main,trajectory-qgd-exchange-minority,cross_phase,51,51,True,16,30,1400,2024-01,2026-07,blitz+rapid+classical,0,0,0,0,0,0,,3q2k1/1R4p1/r1p1p2p/3p4/3P4/2Q1P2P/5PP1/6K1 b - - 2 26
main,trajectory-qgd-exchange-minority,cross_phase,51,51,True,16,30,1600,2024-01,2026-07,blitz+rapid+classical,0,0,0,0,0,0,,3q2k1/1R4p1/r1p1p2p/3p4/3P4/2Q1P2P/5PP1/6K1 b - - 2 26
main,trajectory-qgd-exchange-minority,cross_phase,51,51,True,16,30,1800,2024-01,2026-07,blitz+rapid+classical,0,0,0,0,0,0,,3q2k1/1R4p1/r1p1p2p/3p4/3P4/2Q1P2P/5PP1/6K1 b - - 2 26
main,trajectory-qgd-exchange-minority,cross_phase,52,52,True,16,36,1400,2024-01,2026-07,blitz+rapid+classical,0,0,0,0,0,0,,6k1/1R4p1/r1p1p2p/q2p4/3P4/2Q1P2P/5PP1/6K1 w - - 3 27
main,trajectory-qgd-exchange-minority,cross_phase,52,52,True,16,36,1600,2024-01,2026-07,blitz+rapid+classical,0,0,0,0,0,0,,6k1/1R4p1/r1p1p2p/q2p4/3P4/2Q1P2P/5PP1/6K1 w - - 3 27
main,trajectory-qgd-exchange-minority,cross_phase,52,52,True,16,36,1800,2024-01,2026-07,blitz+rapid+classical,0,0,0,0,0,0,,6k1/1R4p1/r1p1p2p/q2p4/3P4/2Q1P2P/5PP1/6K1 w - - 3 27
main,trajectory-qgd-exchange-minority,cross_phase,53,53,True,15,12,1400,2024-01,2026-07,blitz+rapid+classical,0,0,0,0,0,0,,6k1/1R4p1/r1p1p2p/Q2p4/3P4/4P2P/5PP1/6K1 b - - 0 27
main,trajectory-qgd-exchange-minority,cross_phase,53,53,True,15,12,1600,2024-01,2026-07,blitz+rapid+classical,0,0,0,0,0,0,,6k1/1R4p1/r1p1p2p/Q2p4/3P4/4P2P/5PP1/6K1 b - - 0 27
main,trajectory-qgd-exchange-minority,cross_phase,53,53,True,15,12,1800,2024-01,2026-07,blitz+rapid+classical,0,0,0,0,0,0,,6k1/1R4p1/r1p1p2p/Q2p4/3P4/4P2P/5PP1/6K1 b - - 0 27
main,trajectory-qgd-exchange-minority,cross_phase,54,54,True,14,22,1400,2024-01,2026-07,blitz+rapid+classical,0,0,0,0,0,0,,6k1/1R4p1/2p1p2p/r2p4/3P4/4P2P/5PP1/6K1 w - - 0 28
main,trajectory-qgd-exchange-minority,cross_phase,54,54,True,14,22,1600,2024-01,2026-07,blitz+rapid+classical,0,0,0,0,0,0,,6k1/1R4p1/2p1p2p/r2p4/3P4/4P2P/5PP1/6K1 w - - 0 28
main,trajectory-qgd-exchange-minority,cross_phase,54,54,True,14,22,1800,2024-01,2026-07,blitz+rapid+classical,0,0,0,0,0,0,,6k1/1R4p1/2p1p2p/r2p4/3P4/4P2P/5PP1/6K1 w - - 0 28
main,trajectory-qgd-exchange-minority,cross_phase,55,55,True,14,17,1400,2024-01,2026-07,blitz+rapid+classical,0,0,0,0,0,0,,6k1/2R3p1/2p1p2p/r2p4/3P4/4P2P/5PP1/6K1 b - - 1 28
main,trajectory-qgd-exchange-minority,cross_phase,55,55,True,14,17,1600,2024-01,2026-07,blitz+rapid+classical,0,0,0,0,0,0,,6k1/2R3p1/2p1p2p/r2p4/3P4/4P2P/5PP1/6K1 b - - 1 28
main,trajectory-qgd-exchange-minority,cross_phase,55,55,True,14,17,1800,2024-01,2026-07,blitz+rapid+classical,0,0,0,0,0,0,,6k1/2R3p1/2p1p2p/r2p4/3P4/4P2P/5PP1/6K1 b - - 1 28
main,trajectory-qgd-exchange-minority,cross_phase,56,56,True,14,1,1400,2024-01,2026-07,blitz+rapid+classical,0,0,0,0,0,0,,6k1/2R3p1/2p1p2p/3p4/3P4/4P2P/5PP1/r5K1 w - - 2 29
main,trajectory-qgd-exchange-minority,cross_phase,56,56,True,14,1,1600,2024-01,2026-07,blitz+rapid+classical,0,0,0,0,0,0,,6k1/2R3p1/2p1p2p/3p4/3P4/4P2P/5PP1/r5K1 w - - 2 29
main,trajectory-qgd-exchange-minority,cross_phase,56,56,True,14,1,1800,2024-01,2026-07,blitz+rapid+classical,0,0,0,0,0,0,,6k1/2R3p1/2p1p2p/3p4/3P4/4P2P/5PP1/r5K1 w - - 2 29
main,trajectory-qgd-exchange-minority,cross_phase,57,57,True,14,22,1400,2024-01,2026-07,blitz+rapid+classical,0,0,0,0,0,0,,6k1/2R3p1/2p1p2p/3p4/3P4/4P2P/5PPK/r7 b - - 3 29
main,trajectory-qgd-exchange-minority,cross_phase,57,57,True,14,22,1600,2024-01,2026-07,blitz+rapid+classical,0,0,0,0,0,0,,6k1/2R3p1/2p1p2p/3p4/3P4/4P2P/5PPK/r7 b - - 3 29
main,trajectory-qgd-exchange-minority,cross_phase,57,57,True,14,22,1800,2024-01,2026-07,blitz+rapid+classical,0,0,0,0,0,0,,6k1/2R3p1/2p1p2p/3p4/3P4/4P2P/5PPK/r7 b - - 3 29
main,trajectory-qgd-exchange-minority,cross_phase,58,58,True,14,17,1400,2024-01,2026-07,blitz+rapid+classical,0,0,0,0,0,0,,6k1/2R3p1/2p1p2p/3p4/3P4/4P2P/r4PPK/8 w - - 4 30
main,trajectory-qgd-exchange-minority,cross_phase,58,58,True,14,17,1600,2024-01,2026-07,blitz+rapid+classical,0,0,0,0,0,0,,6k1/2R3p1/2p1p2p/3p4/3P4/4P2P/r4PPK/8 w - - 4 30
main,trajectory-qgd-exchange-minority,cross_phase,58,58,True,14,17,1800,2024-01,2026-07,blitz+rapid+classical,0,0,0,0,0,0,,6k1/2R3p1/2p1p2p/3p4/3P4/4P2P/r4PPK/8 w - - 4 30
main,trajectory-qgd-exchange-minority,cross_phase,59,59,True,13,20,1400,2024-01,2026-07,blitz+rapid+classical,0,0,0,0,0,0,,6k1/6p1/2R1p2p/3p4/3P4/4P2P/r4PPK/8 b - - 0 30
main,trajectory-qgd-exchange-minority,cross_phase,59,59,True,13,20,1600,2024-01,2026-07,blitz+rapid+classical,0,0,0,0,0,0,,6k1/6p1/2R1p2p/3p4/3P4/4P2P/r4PPK/8 b - - 0 30
main,trajectory-qgd-exchange-minority,cross_phase,59,59,True,13,20,1800,2024-01,2026-07,blitz+rapid+classical,0,0,0,0,0,0,,6k1/6p1/2R1p2p/3p4/3P4/4P2P/r4PPK/8 b - - 0 30
main,trajectory-qgd-exchange-minority,cross_phase,60,60,True,12,16,1400,2024-01,2026-07,blitz+rapid+classical,0,0,0,0,0,0,,6k1/6p1/2R1p2p/3p4/3P4/4P2P/5rPK/8 w - - 0 31
main,trajectory-qgd-exchange-minority,cross_phase,60,60,True,12,16,1600,2024-01,2026-07,blitz+rapid+classical,0,0,0,0,0,0,,6k1/6p1/2R1p2p/3p4/3P4/4P2P/5rPK/8 w - - 0 31
main,trajectory-qgd-exchange-minority,cross_phase,60,60,True,12,16,1800,2024-01,2026-07,blitz+rapid+classical,0,0,0,0,0,0,,6k1/6p1/2R1p2p/3p4/3P4/4P2P/5rPK/8 w - - 0 31
main,trajectory-qgd-exchange-minority,cross_phase,36,36,False,23,44,1400,2024-01,2026-07,blitz+rapid+classical,0,0,0,0,0,0,,r1b1r1k1/1p4pp/p3pq2/1p1p4/P2P4/2QBP3/5PPP/1R3RK1 w - - 0 19
main,trajectory-qgd-exchange-minority,cross_phase,36,36,False,23,44,1600,2024-01,2026-07,blitz+rapid+classical,0,0,0,0,0,0,,r1b1r1k1/1p4pp/p3pq2/1p1p4/P2P4/2QBP3/5PPP/1R3RK1 w - - 0 19
main,trajectory-qgd-exchange-minority,cross_phase,36,36,False,23,44,1800,2024-01,2026-07,blitz+rapid+classical,0,0,0,0,0,0,,r1b1r1k1/1p4pp/p3pq2/1p1p4/P2P4/2QBP3/5PPP/1R3RK1 w - - 0 19
main,trajectory-qgd-exchange-minority,cross_phase,37,37,False,22,31,1400,2024-01,2026-07,blitz+rapid+classical,0,0,0,0,0,0,,r1b1r1k1/1p4pp/p3pq2/1B1p4/P2P4/2Q1P3/5PPP/1R3RK1 b - - 0 19
main,trajectory-qgd-exchange-minority,cross_phase,37,37,False,22,31,1600,2024-01,2026-07,blitz+rapid+classical,0,0,0,0,0,0,,r1b1r1k1/1p4pp/p3pq2/1B1p4/P2P4/2Q1P3/5PPP/1R3RK1 b - - 0 19
main,trajectory-qgd-exchange-minority,cross_phase,37,37,False,22,31,1800,2024-01,2026-07,blitz+rapid+classical,0,0,0,0,0,0,,r1b1r1k1/1p4pp/p3pq2/1B1p4/P2P4/2Q1P3/5PPP/1R3RK1 b - - 0 19
main,trajectory-qgd-exchange-minority,cross_phase,32,32,False,25,39,1400,2024-01,2026-07,blitz+rapid+classical,0,0,0,0,0,0,,r1b1r1k1/1p2qppp/p1p5/3p4/PP1P1n2/2QBP3/5PPP/1R3RK1 w - - 0 17
main,trajectory-qgd-exchange-minority,cross_phase,32,32,False,25,39,1600,2024-01,2026-07,blitz+rapid+classical,0,0,0,0,0,0,,r1b1r1k1/1p2qppp/p1p5/3p4/PP1P1n2/2QBP3/5PPP/1R3RK1 w - - 0 17
main,trajectory-qgd-exchange-minority,cross_phase,32,32,False,25,39,1800,2024-01,2026-07,blitz+rapid+classical,0,0,0,0,0,0,,r1b1r1k1/1p2qppp/p1p5/3p4/PP1P1n2/2QBP3/5PPP/1R3RK1 w - - 0 17
main,trajectory-qgd-exchange-minority,cross_phase,33,33,False,24,37,1400,2024-01,2026-07,blitz+rapid+classical,0,0,0,0,0,0,,r1b1r1k1/1p2qppp/p1p5/3p4/PP1P1P2/2QB4/5PPP/1R3RK1 b - - 0 17
main,trajectory-qgd-exchange-minority,cross_phase,33,33,False,24,37,1600,2024-01,2026-07,blitz+rapid+classical,0,0,0,0,0,0,,r1b1r1k1/1p2qppp/p1p5/3p4/PP1P1P2/2QB4/5PPP/1R3RK1 b - - 0 17
main,trajectory-qgd-exchange-minority,cross_phase,33,33,False,24,37,1800,2024-01,2026-07,blitz+rapid+classical,0,0,0,0,0,0,,r1b1r1k1/1p2qppp/p1p5/3p4/PP1P1P2/2QB4/5PPP/1R3RK1 b - - 0 17
onramp-bands,anti-caro-advance-early-c5,opening,6,0,True,32,38,1000,2024-01,2026-07,blitz+rapid+classical,321416,151761,11060,158595,12,12,c3:119293:56644/4054/58595;Nf3:91960:43064/3073/45823;dxc5:64210:30057/2326/31827;Bb5+:12873:6039/482/6352;Be3:12194:5927/420/5847;c4:6255:3151/211/2893;f4:4793:2171/182/2440;Nc3:3662:1824/112/1726;h3:1560:751/56/753;Bf4:822:376/24/422;b3:742:321/18/403;Ne2:597:306/22/269,rnbqkbnr/pp2pppp/8/2ppP3/3P4/8/PPP2PPP/RNBQKBNR w KQkq - 0 4
onramp-bands,anti-caro-advance-early-c5,opening,6,0,True,32,38,1200,2024-01,2026-07,blitz+rapid+classical,674383,310546,24559,339278,12,12,c3:296806:136410/10706/149690;Nf3:184939:84162/6835/93942;dxc5:92641:43011/3374/46256;Bb5+:28881:13568/1067/14246;Be3:26565:12414/978/13173;c4:14394:7249/551/6594;f4:11201:4873/379/5949;Nc3:6466:3125/224/3117;h3:3765:1770/134/1861;b3:1703:756/65/882;Bf4:1422:654/54/714;Ne2:968:467/40/461,rnbqkbnr/pp2pppp/8/2ppP3/3P4/8/PPP2PPP/RNBQKBNR w KQkq - 0 4
onramp-bands,anti-caro-advance-early-c5,opening,8,2,True,31,39,1000,2024-01,2026-07,blitz+rapid+classical,46715,21667,1706,23342,12,9,Nf3:20059:9080/780/10199;Bb5:8405:3933/309/4163;f4:5761:2616/183/2962;Bf4:3713:1710/131/1872;Nc3:3123:1582/130/1411;c3:1426:728/46/652;Be3:1116:581/36/499;c4:736:382/33/321;a3:555:274/13/268;b4:382:183/13/186;Qe2:280:142/10/128;Bd2:162:70/5/87,r1bqkbnr/pp2pppp/2n5/2PpP3/8/8/PPP2PPP/RNBQKBNR w KQkq - 1 5
onramp-bands,anti-caro-advance-early-c5,opening,8,2,True,31,39,1200,2024-01,2026-07,blitz+rapid+classical,69514,32077,2539,34898,12,10,Nf3:28733:12868/1106/14759;Bb5:14636:6881/507/7248;f4:7994:3648/263/4083;Nc3:4629:2412/171/2046;Bf4:4590:2082/170/2338;Be3:2257:1083/81/1093;c3:1933:948/77/908;a3:1440:691/45/704;c4:1002:479/53/470;b4:562:271/16/275;Qe2:302:137/14/151;Bd2:299:138/7/154,r1bqkbnr/pp2pppp/2n5/2PpP3/8/8/PPP2PPP/RNBQKBNR w KQkq - 1 5
onramp-bands,anti-caro-advance-early-c5,opening,10,4,True,31,36,1000,2024-01,2026-07,blitz+rapid+classical,30369,13466,1165,15738,12,9,Be2:9250:3988/380/4882;h3:5820:2656/195/2969;Bb5:4879:2183/187/2509;Bf4:4422:1880/177/2365;Nc3:2533:1153/93/1287;Nbd2:604:268/26/310;c3:573:338/22/213;Be3:519:233/21/265;Qe2:441:197/15/229;c4:231:119/13/99;Qd3:206:90/10/106;e6:138:60/4/74,r2qkbnr/pp2pppp/2n5/2PpP3/6b1/5N2/PPP2PPP/RNBQKB1R w KQkq - 3 6
onramp-bands,anti-caro-advance-early-c5,opening,10,4,True,31,36,1200,2024-01,2026-07,blitz+rapid+classical,49845,22203,1938,25704,12,9,Be2:14588:6146/621/7821;Bb5:9276:4248/331/4697;h3:8361:3785/344/4232;Bf4:7741:3214/288/4239;Nc3:3238:1440/131/1667;c3:1531:971/55/505;Nbd2:1396:664/44/688;Be3:1098:568/46/484;Qe2:608:249/18/341;Qd3:382:186/11/185;c4:298:149/10/139;a3:286:150/8/128,r2qkbnr/pp2pppp/2n5/2PpP3/6b1/5N2/PPP2PPP/RNBQKB1R w KQkq - 3 6
onramp-bands,anti-caro-advance-early-c5,opening,12,6,True,31,36,1000,2024-01,2026-07,blitz+rapid+classical,1271,606,35,630,5,0,h3:254:113/8/133;b4:228:123/5/100;Be3:212:115/7/90;Be2:190:83/4/103;Bb5:158:75/3/80;Bf4:64:26/1/37;Nbd2:41:19/1/21;Bg5:34:10/3/21;c4:29:12/0/17;Qa4:14:11/0/3;Qd3:11:7/0/4;Na3:7:1/0/6,r2qkbnr/pp3ppp/2n1p3/2PpP3/6b1/2P2N2/PP3PPP/RNBQKB1R w KQkq - 0 7
onramp-bands,anti-caro-advance-early-c5,opening,12,6,True,31,36,1200,2024-01,2026-07,blitz+rapid+classical,2812,1418,90,1304,6,3,b4:658:366/20/272;Be3:648:376/21/251;h3:452:191/18/243;Be2:373:150/17/206;Bb5:297:159/3/135;Bf4:116:49/4/63;Nbd2:62:35/1/26;Bg5:49:19/2/28;c4:42:22/0/20;Qa4:41:16/1/24;Bd3:19:13/2/4;Qd3:11:7/0/4,r2qkbnr/pp3ppp/2n1p3/2PpP3/6b1/2P2N2/PP3PPP/RNBQKB1R w KQkq - 0 7
onramp-bands,anti-caro-advance-early-c5,opening,8,2,False,31,39,1000,2024-01,2026-07,blitz+rapid+classical,10095,4597,365,5133,9,6,Nf3:2635:1160/103/1372;Be3:1884:906/64/914;b4:1571:736/72/763;Bb5+:1415:608/33/774;Nc3:914:421/42/451;c4:396:177/17/202;f4:372:165/12/195;Qd4:261:122/9/130;c3:109:55/1/53;Bf4:95:47/1/47;Bd3:61:31/2/28;a3:56:32/1/23,rnbqkbnr/pp3ppp/4p3/2PpP3/8/8/PPP2PPP/RNBQKBNR w KQkq - 0 5
onramp-bands,anti-caro-advance-early-c5,opening,8,2,False,31,39,1200,2024-01,2026-07,blitz+rapid+classical,13253,5945,480,6828,10,6,Be3:3276:1573/125/1578;Nf3:2997:1254/97/1646;b4:2653:1225/98/1330;Bb5+:1517:617/62/838;Nc3:771:326/28/417;c4:463:220/20/223;Qd4:366:157/11/198;f4:308:129/11/168;a3:215:121/4/90;c3:154:75/4/75;Bf4:93:44/3/46;Bd3:80:32/2/46,rnbqkbnr/pp3ppp/4p3/2PpP3/8/8/PPP2PPP/RNBQKBNR w KQkq - 0 5
onramp-bands,anti-caro-advance-early-c5,opening,7,1,False,32,29,1000,2024-01,2026-07,blitz+rapid+classical,117577,55322,3939,58316,10,7,Nc6:50978:23698/1710/25570;Bg4:33170:14830/1097/17243;cxd4:19517:9745/678/9094;e6:6239:3091/214/2934;Bf5:3567:1794/100/1673;c4:2347:1235/86/1026;a6:727:348/17/362;Nd7:275:148/10/117;f6:195:103/9/83;b6:162:107/5/50;Qa5+:98:62/3/33;Qb6:77:43/3/31,rnbqkbnr/pp2pppp/8/2ppP3/3P4/5N2/PPP2PPP/RNBQKB1R b KQkq - 1 4
onramp-bands,anti-caro-advance-early-c5,opening,7,1,False,32,29,1200,2024-01,2026-07,blitz+rapid+classical,238154,108614,8762,120778,12,7,Nc6:109227:49540/3999/55688;Bg4:75050:32686/2755/39609;cxd4:34231:16690/1258/16283;e6:8671:4219/344/4108;Bf5:5765:2843/206/2716;c4:2577:1336/105/1136;a6:1520:706/49/765;f6:251:135/8/108;Nd7:224:121/5/98;b6:170:104/7/59;Qb6:103:49/5/49;Qa5+:102:53/6/43,rnbqkbnr/pp2pppp/8/2ppP3/3P4/5N2/PPP2PPP/RNBQKB1R b KQkq - 1 4
onramp-bands,anti-caro-advance-early-c5,opening,9,3,False,30,27,1000,2024-01,2026-07,blitz+rapid+classical,12568,6378,423,5767,7,2,Nc6:8583:4318/307/3958;e6:2475:1216/79/1180;a6:272:131/8/133;f6:236:124/9/103;Nd7:203:106/5/92;Bf5:191:122/4/65;Qa5+:118:66/1/51;Qb6:98:57/1/40;g6:86:52/2/32;Bd7:85:41/5/39;Qc7:77:51/0/26;Nh6:39:25/0/14,rnbqkbnr/pp2pppp/8/3pP3/3N4/8/PPP2PPP/RNBQKB1R b KQkq - 0 5
onramp-bands,anti-caro-advance-early-c5,opening,9,3,False,30,27,1200,2024-01,2026-07,blitz+rapid+classical,20945,10428,748,9769,11,3,Nc6:15155:7464/549/7142;e6:3650:1773/121/1756;a6:548:270/18/260;f6:274:152/13/109;Bf5:225:162/7/56;Qb6:205:114/4/87;Nd7:200:105/10/85;Qa5+:165:88/7/70;Qc7:131:68/3/60;Bd7:116:70/7/39;g6:116:71/5/40;Bg4:43:28/2/13,rnbqkbnr/pp2pppp/8/3pP3/3N4/8/PPP2PPP/RNBQKB1R b KQkq - 0 5
onramp-bands,anti-caro-advance-c5-race,opening,5,0,True,32,27,1000,2024-01,2026-07,blitz+rapid+classical,1136973,566662,40252,530059,12,12,Bf5:578917:287099/20756/271062;c5:321468:151670/11069/158729;e6:117839:62153/4324/51362;f6:54904:30073/1924/22907;Nd7:20733:11897/724/8112;g6:8232:4259/303/3670;Be6:8196:4778/279/3139;a6:4183:1974/140/2069;Qa5+:3984:2231/134/1619;Nh6:3263:1873/123/1267;Qb6:2381:1184/81/1116;h6:2098:1070/49/979,rnbqkbnr/pp2pppp/2p5/3pP3/3P4/8/PPP2PPP/RNBQKBNR b KQkq - 0 3
onramp-bands,anti-caro-advance-c5-race,opening,5,0,True,32,27,1200,2024-01,2026-07,blitz+rapid+classical,2172183,1052070,79914,1040199,12,12,Bf5:1203947:585537/44932/573478;c5:674511:310444/24577/339490;e6:150732:78424/5417/66891;f6:63691:35173/2279/26239;Nd7:17120:9964/577/6579;a6:14096:6603/452/7041;g6:12670:6335/478/5857;Be6:7188:4259/271/2658;Qa5+:4574:2434/155/1985;Qb6:4514:2152/150/2212;h6:4380:2123/149/2108;b5:2095:1137/71/887,rnbqkbnr/pp2pppp/2p5/3pP3/3P4/8/PPP2PPP/RNBQKBNR b KQkq - 0 3
onramp-bands,anti-caro-advance-c5-race,opening,8,3,True,32,33,1000,2024-01,2026-07,blitz+rapid+classical,267522,130515,9467,127540,12,12,Bd3:87263:44112/3370/39781;Nc3:68088:33120/2437/32531;Bg5:21244:9829/697/10718;Be2:15739:7789/495/7455;h3:13745:6573/476/6696;c3:13432:6543/482/6407;c4:9839:5081/310/4448;Bf4:8256:3800/296/4160;Nh4:6738:2521/186/4031;a3:5709:2818/160/2731;g3:4374:2133/153/2088;Ng5:3410:1562/101/1747,rn1qkbnr/pp3ppp/2p1p3/3pPb2/3P4/5N2/PPP2PPP/RNBQKB1R w KQkq - 0 5
onramp-bands,anti-caro-advance-c5-race,opening,8,3,True,32,33,1200,2024-01,2026-07,blitz+rapid+classical,570675,273191,21139,276345,12,12,Bd3:193485:94825/7811/90849;Nc3:128903:60822/4572/63509;Be2:39388:19164/1234/18990;c3:37719:18140/1396/18183;Bg5:37363:17055/1387/18921;h3:31470:15182/1165/15123;c4:27014:14017/905/12092;a3:15343:7433/539/7371;Bf4:14993:6831/578/7584;Nh4:11420:3917/329/7174;g3:7907:3752/292/3863;Be3:7617:3658/296/3663,rn1qkbnr/pp3ppp/2p1p3/3pPb2/3P4/5N2/PPP2PPP/RNBQKB1R w KQkq - 0 5
onramp-bands,anti-caro-advance-c5-race,opening,10,5,True,32,35,1000,2024-01,2026-07,blitz+rapid+classical,7366,3557,223,3586,8,4,c3:3608:1722/106/1780;O-O:1850:923/51/876;dxc5:488:206/22/260;Be3:450:267/11/172;Bg5:206:95/14/97;Nc3:188:87/2/99;Bb5+:157:71/4/82;c4:113:57/4/52;h3:55:27/1/27;Nh4:47:24/1/22;b3:42:17/0/25;Nbd2:30:13/0/17,rn1qkbnr/pp3ppp/4p3/2ppPb2/3P4/5N2/PPP1BPPP/RNBQK2R w KQkq - 0 6
onramp-bands,anti-caro-advance-c5-race,opening,10,5,True,32,35,1200,2024-01,2026-07,blitz+rapid+classical,18849,9029,579,9241,10,5,c3:10543:4916/323/5304;O-O:3953:1945/127/1881;Be3:1363:789/45/529;dxc5:809:354/25/430;Bg5:419:186/19/214;Bb5+:383:178/9/196;Nc3:381:188/8/185;c4:341:195/8/138;h3:158:71/5/82;b3:114:53/2/59;Nh4:92:34/2/56;Nbd2:75:30/2/43,rn1qkbnr/pp3ppp/4p3/2ppPb2/3P4/5N2/PPP1BPPP/RNBQK2R w KQkq - 0 6
onramp-bands,anti-caro-advance-c5-race,opening,7,2,False,32,31,1000,2024-01,2026-07,blitz+rapid+classical,10452,6261,272,3919,6,4,e6:5813:3840/141/1832;h6:1724:876/56/792;h5:1564:765/39/760;c5:406:234/10/162;f6:319:178/11/130;Nd7:272:174/4/94;g6:56:23/0/33;Qa5+:53:30/1/22;Nh6:49:31/3/15;Qb6:41:24/1/16;Na6:35:22/1/12;a6:19:10/0/9,rn1qkbnr/pp2pppp/2p5/3pPb2/3P3P/8/PPP2PP1/RNBQKBNR b KQkq - 0 4
onramp-bands,anti-caro-advance-c5-race,opening,7,2,False,32,31,1200,2024-01,2026-07,blitz+rapid+classical,36434,21115,1049,14270,9,6,e6:15544:10552/401/4591;h6:9871:4953/315/4603;h5:7621:3750/244/3627;c5:1104:567/19/518;f6:732:405/18/309;Nd7:703:410/25/268;g6:139:80/6/53;Qb6:135:66/4/65;Qa5+:121:57/3/61;Nh6:84:49/2/33;a6:62:34/4/24;Na6:59:31/1/27,rn1qkbnr/pp2pppp/2p5/3pPb2/3P3P/8/PPP2PP1/RNBQKBNR b KQkq - 0 4
onramp-bands,anti-dutch-leningrad-white,opening,2,0,True,32,28,1000,2024-01,2026-07,blitz+rapid+classical,407339,208709,14595,184035,12,12,Bf4:106700:55652/3784/47264;c4:74918:38858/2454/33606;Nf3:61670:31452/2176/28042;e3:52922:26266/1927/24729;Nc3:48273:25188/1746/21339;d5:10820:5384/476/4960;e4:10074:5071/372/4631;f4:9614:4549/412/4653;Bg5:6581:3751/206/2624;c3:6413:3139/248/3026;f3:5331:2624/229/2478;g3:3712:1956/175/1581,rnbqkbnr/ppppp1pp/8/5p2/3P4/8/PPP1PPPP/RNBQKBNR w KQkq - 0 2
onramp-bands,anti-dutch-leningrad-white,opening,2,0,True,32,28,1200,2024-01,2026-07,blitz+rapid+classical,704192,359678,23810,320704,12,12,Bf4:180342:93146/6094/81102;c4:165587:83960/5316/76311;Nf3:104807:53646/3566/47595;e3:83159:41177/2934/39048;Nc3:79411:41279/2671/35461;e4:16662:8710/477/7475;Bg5:14215:8125/387/5703;d5:12127:6035/455/5637;f4:11111:5133/508/5470;c3:8510:4166/350/3994;g3:7094:3834/252/3008;f3:5957:2935/226/2796,rnbqkbnr/ppppp1pp/8/5p2/3P4/8/PPP1PPPP/RNBQKBNR w KQkq - 0 2
onramp-bands,anti-dutch-leningrad-white,opening,4,2,True,32,30,1000,2024-01,2026-07,blitz+rapid+classical,44861,22846,1426,20589,12,8,Nc3:24259:12432/740/11087;Nf3:7106:3604/240/3262;e3:4991:2536/175/2280;Bg5:2305:1189/73/1043;d5:1677:819/52/806;Bf4:1568:796/53/719;f3:748:345/26/377;g3:718:406/20/292;f4:228:111/9/108;b4:228:100/10/118;Qc2:189:103/6/80;e4:145:76/2/67,rnbqkb1r/ppppp1pp/5n2/5p2/2PP4/8/PP2PPPP/RNBQKBNR w KQkq - 1 3
onramp-bands,anti-dutch-leningrad-white,opening,4,2,True,32,30,1200,2024-01,2026-07,blitz+rapid+classical,106692,53645,3386,49661,12,10,Nc3:64495:32456/1982/30057;Nf3:14699:7469/498/6732;e3:10214:5060/350/4804;Bg5:6228:3177/203/2848;Bf4:3162:1596/89/1477;d5:2309:1104/82/1123;g3:1745:925/58/762;f3:948:474/28/446;Qc2:521:268/14/239;b4:407:167/13/227;f4:327:143/16/168;h3:323:167/15/141,rnbqkb1r/ppppp1pp/5n2/5p2/2PP4/8/PP2PPPP/RNBQKBNR w KQkq - 1 3
onramp-bands,anti-dutch-leningrad-white,opening,6,4,True,32,31,1000,2024-01,2026-07,blitz+rapid+classical,188,108,7,73,1,0,Bg2:131:78/6/47;Nf3:31:17/1/13;Nc3:13:7/0/6;e3:4:2/0/2;Bg5:4:2/0/2;f4:2:1/0/1;h3:1:0/0/1;Bd2:1:1/0/0;Qb3:1:0/0/1,rnbqkb1r/ppppp2p/5np1/5p2/2PP4/6P1/PP2PP1P/RNBQKBNR w KQkq - 0 4
onramp-bands,anti-dutch-leningrad-white,opening,6,4,True,32,31,1200,2024-01,2026-07,blitz+rapid+classical,434,225,13,196,1,0,Bg2:343:180/10/153;Nf3:39:17/1/21;Nc3:26:15/1/10;Bg5:7:3/0/4;d5:5:4/0/1;e3:4:2/0/2;b3:2:1/1/0;Bh3:2:0/0/2;Nh3:2:0/0/2;Bd2:1:0/0/1;f4:1:1/0/0;f3:1:1/0/0,rnbqkb1r/ppppp2p/5np1/5p2/2PP4/6P1/PP2PP1P/RNBQKBNR w KQkq - 0 4
onramp-bands,anti-dutch-leningrad-white,opening,8,6,True,32,37,1000,2024-01,2026-07,blitz+rapid+classical,175,98,7,70,0,0,Nf3:92:50/4/38;Nc3:38:25/2/11;e3:16:7/0/9;Bg5:10:7/0/3;Nh3:4:2/0/2;b3:3:0/1/2;Bf4:3:2/0/1;d5:2:1/0/1;h4:2:1/0/1;Qb3:2:1/0/1;c5:1:1/0/0;Nd2:1:1/0/0,rnbqk2r/ppppp1bp/5np1/5p2/2PP4/6P1/PP2PPBP/RNBQK1NR w KQkq - 2 5
onramp-bands,anti-dutch-leningrad-white,opening,8,6,True,32,37,1200,2024-01,2026-07,blitz+rapid+classical,506,272,15,219,2,0,Nf3:229:122/5/102;Nc3:142:72/5/65;e3:54:35/1/18;Bg5:22:11/2/9;Nh3:11:9/0/2;Bf4:11:4/0/7;b3:10:4/0/6;b4:7:3/1/3;d5:6:5/0/1;Nd2:4:1/0/3;h4:2:1/0/1;Qb3:2:2/0/0,rnbqk2r/ppppp1bp/5np1/5p2/2PP4/6P1/PP2PPBP/RNBQK1NR w KQkq - 2 5
onramp-bands,anti-dutch-leningrad-white,opening,10,8,True,32,36,1000,2024-01,2026-07,blitz+rapid+classical,385,207,11,167,1,0,O-O:263:153/6/104;Nc3:59:27/2/30;Bg5:13:6/0/7;e3:7:2/2/3;b3:7:3/0/4;Qb3:6:4/0/2;Bf4:5:3/0/2;Qc2:4:0/1/3;Ne5:4:1/0/3;Ng5:4:2/0/2;d5:3:1/0/2;Be3:2:2/0/0,rnbq1rk1/ppppp1bp/5np1/5p2/2PP4/5NP1/PP2PPBP/RNBQK2R w KQ - 4 6
onramp-bands,anti-dutch-leningrad-white,opening,10,8,True,32,36,1200,2024-01,2026-07,blitz+rapid+classical,769,428,28,313,2,1,O-O:509:281/21/207;Nc3:126:72/5/49;e3:23:12/1/10;Bg5:21:13/0/8;b3:11:7/0/4;Bf4:11:8/0/3;Be3:9:7/0/2;Qb3:9:5/0/4;Ne5:8:4/0/4;Qc2:6:1/0/5;Nbd2:6:3/0/3;h4:6:2/0/4,rnbq1rk1/ppppp1bp/5np1/5p2/2PP4/5NP1/PP2PPBP/RNBQK2R w KQ - 4 6
onramp-bands,anti-dutch-leningrad-white,opening,13,11,True,32,32,1000,2024-01,2026-07,blitz+rapid+classical,319,179,7,133,0,0,Nbd7:67:35/1/31;c6:54:36/0/18;Qe8:45:26/0/19;Nc6:40:24/1/15;Re8:19:10/0/9;e5:13:6/1/6;Be6:12:6/1/5;b6:10:7/0/3;e6:9:6/0/3;Kh8:8:2/1/5;c5:8:4/1/3;Ne4:8:5/0/3,rnbq1rk1/ppp1p1bp/3p1np1/5p2/2PP4/2N2NP1/PP2PPBP/R1BQ1RK1 b - - 1 7
onramp-bands,anti-dutch-leningrad-white,opening,13,11,True,32,32,1200,2024-01,2026-07,blitz+rapid+classical,932,525,28,379,4,0,Nbd7:193:107/4/82;Qe8:181:89/4/88;c6:161:89/5/67;Nc6:125:71/5/49;Re8:58:31/1/26;e5:44:32/3/9;Be6:29:18/1/10;b6:26:13/2/11;c5:25:16/0/9;e6:18:14/1/3;Ne4:16:9/0/7;Kh8:8:5/0/3,rnbq1rk1/ppp1p1bp/3p1np1/5p2/2PP4/2N2NP1/PP2PPBP/R1BQ1RK1 b - - 1 7
onramp-bands,anti-dutch-leningrad-white,opening,15,13,True,32,33,1000,2024-01,2026-07,blitz+rapid+classical,18,11,0,7,0,0,c5:7:5/0/2;e5:4:2/0/2;cxd5:2:1/0/1;Qe8:2:1/0/1;e6:1:0/0/1;b6:1:1/0/0;Qb6:1:1/0/0,rnbq1rk1/pp2p1bp/2pp1np1/3P1p2/2P5/2N2NP1/PP2PPBP/R1BQ1RK1 b - - 0 8
onramp-bands,anti-dutch-leningrad-white,opening,15,13,True,32,33,1200,2024-01,2026-07,blitz+rapid+classical,54,31,5,18,0,0,e5:14:7/2/5;c5:10:6/2/2;cxd5:8:7/0/1;Qe8:5:4/0/1;Bd7:4:2/0/2;Qb6:3:1/0/2;e6:2:0/1/1;Na6:2:1/0/1;Nbd7:2:1/0/1;Re8:1:0/0/1;Qc7:1:0/0/1;b6:1:1/0/0,rnbq1rk1/pp2p1bp/2pp1np1/3P1p2/2P5/2N2NP1/PP2PPBP/R1BQ1RK1 b - - 0 8
onramp-bands,anti-dutch-leningrad-white,opening,3,1,False,32,19,1000,2024-01,2026-07,blitz+rapid+classical,106500,55468,3775,47257,12,9,Nf6:58500:29806/2003/26691;e6:17266:8816/631/7819;d6:9945:5319/384/4242;d5:6544:3556/227/2761;Nc6:5087:2862/185/2040;g6:4709:2475/179/2055;b6:1182:599/53/530;h6:1060:616/33/411;e5:419:296/13/110;c6:373:213/16/144;g5:294:232/9/53;c5:281:157/12/112,rnbqkbnr/ppppp1pp/8/5p2/3P1B2/8/PPP1PPPP/RN1QKBNR b KQkq - 1 2
onramp-bands,anti-dutch-leningrad-white,opening,3,1,False,32,19,1200,2024-01,2026-07,blitz+rapid+classical,180116,92952,6075,81089,12,11,Nf6:109875:56016/3616/50243;e6:33293:16729/1127/15437;d6:12333:6494/457/5382;d5:8240:4459/316/3465;g6:6658:3544/234/2880;Nc6:4442:2606/151/1685;b6:1815:981/60/774;h6:1113:613/45/455;e5:446:309/9/128;c6:426:256/11/159;c5:416:225/16/175;g5:256:214/2/40,rnbqkbnr/ppppp1pp/8/5p2/3P1B2/8/PPP1PPPP/RN1QKBNR b KQkq - 1 2
onramp-bands,anti-french-advance-white,opening,5,0,True,32,32,1000,2024-01,2026-07,blitz+rapid+classical,1337508,651016,49637,636855,12,12,c5:725372:329883/25928/369561;Nc6:270887:142814/10489/117584;f6:99953:51383/3938/44632;Bb4+:49035:27747/1984/19304;Ne7:36349:17976/1297/17076;c6:30473:16391/1213/12869;a6:25731:12251/924/12556;Bd7:16144:8083/557/7504;Be7:12456:6569/459/5428;f5:12176:6482/536/5158;b6:11962:6191/529/5242;g6:9838:5030/375/4433,rnbqkbnr/ppp2ppp/4p3/3pP3/3P4/8/PPP2PPP/RNBQKBNR b KQkq - 0 3
onramp-bands,anti-french-advance-white,opening,5,0,True,32,32,1200,2024-01,2026-07,blitz+rapid+classical,2259658,1065262,82854,1111542,12,12,c5:1511992:677488/54597/779907;Nc6:294588:155073/11235/128280;f6:121106:62029/4550/54527;Ne7:60603:29426/2285/28892;a6:55831:26667/2101/27063;Bb4+:47880:27008/1861/19011;c6:34367:18353/1397/14617;Bd7:27381:13410/939/13032;Be7:17390:9259/631/7500;h6:16332:7945/616/7771;b6:15579:8012/607/6960;g6:14461:7315/559/6587,rnbqkbnr/ppp2ppp/4p3/3pP3/3P4/8/PPP2PPP/RNBQKBNR b KQkq - 0 3
onramp-bands,anti-french-advance-white,opening,7,2,True,32,32,1000,2024-01,2026-07,blitz+rapid+classical,304861,142274,10728,151859,12,12,Nc6:156539:71079/5383/80077;cxd4:55315:27475/2107/25733;Qb6:33204:14388/1093/17723;c4:28848:14306/1115/13427;a6:5733:2667/172/2894;Ne7:5033:2402/162/2469;f6:4555:2274/146/2135;Bd7:4467:2071/154/2242;Qa5:3109:1389/97/1623;b6:2415:1265/101/1049;Nd7:1361:713/49/599;b5:995:538/41/416,rnbqkbnr/pp3ppp/4p3/2ppP3/3P4/2P5/PP3PPP/RNBQKBNR b KQkq - 0 4
onramp-bands,anti-french-advance-white,opening,7,2,True,32,32,1200,2024-01,2026-07,blitz+rapid+classical,740486,340215,26470,373801,12,12,Nc6:404214:180979/14241/208994;cxd4:119480:58885/4578/56017;Qb6:98357:42799/3298/52260;c4:50595:25226/1976/23393;a6:15038:6972/512/7554;Bd7:12700:5718/450/6532;Ne7:11309:5364/398/5547;f6:8185:4130/299/3756;Qa5:7202:3152/239/3811;b6:3787:2014/153/1620;Nd7:2471:1284/101/1086;b5:1627:854/47/726,rnbqkbnr/pp3ppp/4p3/2ppP3/3P4/2P5/PP3PPP/RNBQKBNR b KQkq - 0 4
onramp-bands,anti-french-advance-white,opening,9,4,True,32,36,1000,2024-01,2026-07,blitz+rapid+classical,171778,79851,5657,86270,12,12,Qb6:75333:33355/2388/39590;cxd4:24278:12035/856/11387;Nge7:19322:8916/611/9795;Bd7:16852:7544/560/8748;f6:7425:3719/241/3465;c4:5662:2854/214/2594;a6:4396:2072/132/2192;Be7:3579:1833/117/1629;Nh6:3530:1669/135/1726;b6:2902:1495/114/1293;Qa5:2754:1347/97/1310;h6:1713:809/61/843,r1bqkbnr/pp3ppp/2n1p3/2ppP3/3P4/2P2N2/PP3PPP/RNBQKB1R b KQkq - 2 5
onramp-bands,anti-french-advance-white,opening,9,4,True,32,36,1200,2024-01,2026-07,blitz+rapid+classical,440748,200715,15397,224636,12,12,Qb6:210120:92190/7294/110636;cxd4:60560:29595/2146/28819;Bd7:53724:23423/1849/28452;Nge7:47246:21282/1620/24344;f6:13623:7014/506/6103;a6:11381:5404/383/5594;c4:10290:5123/385/4782;Qa5:6360:2951/221/3188;Be7:5821:2921/222/2678;Nh6:5218:2429/199/2590;b6:5156:2589/188/2379;h6:3858:1889/148/1821,r1bqkbnr/pp3ppp/2n1p3/2ppP3/3P4/2P2N2/PP3PPP/RNBQKB1R b KQkq - 2 5
onramp-bands,anti-french-advance-white,opening,11,6,True,32,35,1000,2024-01,2026-07,blitz+rapid+classical,5684,2774,178,2732,8,4,Nge7:1494:730/41/723;cxd4:1431:720/44/667;Bd7:926:435/27/464;Nh6:818:404/36/378;a5:348:155/9/184;c4:186:81/7/98;f6:180:82/7/91;Be7:106:55/3/48;a6:82:48/0/34;g6:32:19/1/12;h6:25:12/1/12;Na5:19:12/2/5,r1b1kbnr/pp3ppp/1qn1p3/2ppP3/3P4/P1P2N2/1P3PPP/RNBQKB1R b KQkq - 0 6
onramp-bands,anti-french-advance-white,opening,11,6,True,32,35,1200,2024-01,2026-07,blitz+rapid+classical,18707,9094,617,8996,9,7,cxd4:5182:2632/173/2377;Nge7:4791:2335/154/2302;Bd7:3252:1534/112/1606;Nh6:2449:1140/74/1235;a5:1054:479/35/540;c4:766:364/25/377;f6:464:230/14/220;a6:304:145/9/150;Be7:223:118/13/92;g6:63:30/4/29;h6:49:24/2/23;Na5:42:22/1/19,r1b1kbnr/pp3ppp/1qn1p3/2ppP3/3P4/P1P2N2/1P3PPP/RNBQKB1R b KQkq - 0 6
onramp-bands,anti-french-advance-white,opening,13,8,True,32,33,1000,2024-01,2026-07,blitz+rapid+classical,278,154,15,109,1,0,cxd4:166:85/11/70;cxb4:54:32/1/21;Nf5:34:22/2/10;c4:23:14/1/8;Qd8:1:1/0/0,r1b1kb1r/pp3ppp/1qn1p2n/2ppP3/1P1P4/P1P2N2/5PPP/RNBQKB1R b KQkq - 0 7
onramp-bands,anti-french-advance-white,opening,13,8,True,32,33,1200,2024-01,2026-07,blitz+rapid+classical,928,494,30,404,2,1,cxd4:594:297/25/272;cxb4:183:112/1/70;Nf5:83:46/3/34;c4:57:33/1/23;a6:5:2/0/3;Bd7:2:2/0/0;Be7:2:1/0/1;a5:2:1/0/1,r1b1kb1r/pp3ppp/1qn1p2n/2ppP3/1P1P4/P1P2N2/5PPP/RNBQKB1R b KQkq - 0 7
onramp-bands,anti-italian-center-attack-black,opening,5,0,True,32,31,1000,2024-01,2026-07,blitz+rapid+classical,11082261,5660258,407908,5014095,12,12,Nf6:3988505:2096295/141334/1750876;Bc5:2706023:1331846/101550/1272627;h6:1882985:942737/75341/864907;d6:737993:378112/30157/329724;Nd4:448183:199133/13972/235078;f6:267962:153134/10182/104646;f5:189693:87417/5085/97191;a6:130778:71479/4594/54705;Nh6:127823:71897/4748/51178;Be7:120771:56743/4331/59697;Qf6:90171:47442/3124/39605;Na5:69642:37619/2577/29446,r1bqkbnr/pppp1ppp/2n5/4p3/2B1P3/5N2/PPPP1PPP/RNBQK2R b KQkq - 3 3
onramp-bands,anti-italian-center-attack-black,opening,5,0,True,32,31,1200,2024-01,2026-07,blitz+rapid+classical,16333973,8287144,593104,7453725,12,12,Nf6:5266048:2738794/180786/2346468;Bc5:4491957:2209935/166646/2115376;h6:3096999:1583004/123894/1390101;d6:1062723:542670/42096/477957;Nd4:759955:345009/24991/389955;f5:385456:175406/9923/200127;Be7:291634:138697/11097/141840;f6:261874:153278/9722/98874;a6:141949:77314/4814/59821;Qf6:119279:61618/4084/53577;Nh6:78399:47221/2625/28553;Bb4:67611:37353/2118/28140,r1bqkbnr/pppp1ppp/2n5/4p3/2B1P3/5N2/PPPP1PPP/RNBQK2R b KQkq - 3 3
onramp-bands,anti-italian-center-attack-black,opening,7,2,True,32,36,1000,2024-01,2026-07,blitz+rapid+classical,556464,296971,19211,240282,12,12,Nf6:321197:169128/11164/140905;d6:132774:71329/4725/56720;h6:34215:18193/1155/14867;a6:15724:8627/462/6635;Qf6:10702:5439/350/4913;Nh6:5988:3452/192/2344;f6:5826:3639/199/1988;Nge7:5143:2956/161/2026;Na5:4771:2731/172/1868;Bb6:4410:2229/165/2016;Bxf2+:3020:1691/87/1242;d5:2918:1814/93/1011,r1bqk1nr/pppp1ppp/2n5/2b1p3/2B1P3/2P2N2/PP1P1PPP/RNBQK2R b KQkq - 0 4
onramp-bands,anti-italian-center-attack-black,opening,7,2,True,32,36,1200,2024-01,2026-07,blitz+rapid+classical,1106790,584196,38295,484299,12,12,Nf6:621345:325691/21989/273665;d6:280301:146928/9712/123661;h6:80938:43727/2811/34400;a6:38551:20862/1121/16568;Qf6:20218:9581/661/9976;Nge7:10593:5793/275/4525;Bb6:9650:4903/342/4405;f6:7292:4605/228/2459;Na5:7234:4268/247/2719;Nh6:5491:3302/177/2012;a5:5143:2819/162/2162;f5:4649:2425/128/2096,r1bqk1nr/pppp1ppp/2n5/2b1p3/2B1P3/2P2N2/PP1P1PPP/RNBQK2R b KQkq - 0 4
onramp-bands,anti-italian-center-attack-black,opening,9,4,True,32,35,1000,2024-01,2026-07,blitz+rapid+classical,222803,122191,7857,92755,12,11,exd4:194631:104569/6882/83180;Bb6:9087:5100/285/3702;d6:4437:3034/196/1207;Nxe4:3564:2510/98/956;O-O:2973:2003/88/882;Bd6:2795:1518/98/1179;d5:2321:1501/103/717;Be7:774:443/25/306;Na5:417:241/14/162;Bxd4:403:293/19/91;Nxd4:390:266/10/114;h6:280:191/12/77,r1bqk2r/pppp1ppp/2n2n2/2b1p3/2BPP3/2P2N2/PP3PPP/RNBQK2R b KQkq - 0 5
onramp-bands,anti-italian-center-attack-black,opening,9,4,True,32,35,1200,2024-01,2026-07,blitz+rapid+classical,384206,210330,13662,160214,12,9,exd4:353105:190845/12635/149625;Bb6:12413:6911/382/5120;d6:3907:2833/155/919;Bd6:3586:1987/148/1451;O-O:3356:2315/103/938;Nxe4:2478:1832/71/575;d5:2071:1398/72/601;Be7:1259:765/44/450;Na5:538:324/19/195;h6:358:247/5/106;Bxd4:280:219/7/54;Nxd4:269:198/5/66,r1bqk2r/pppp1ppp/2n2n2/2b1p3/2BPP3/2P2N2/PP3PPP/RNBQK2R b KQkq - 0 5
onramp-bands,anti-italian-center-attack-black,opening,11,6,True,30,35,1000,2024-01,2026-07,blitz+rapid+classical,171645,91560,6193,73892,12,11,Bb4+:101021:50959/3933/46129;Bb6:37749:20056/1135/16558;Nxd4:14964:8910/494/5560;Bxd4:8351:5642/320/2389;Be7:2338:1236/64/1038;Nxe4:2228:1548/57/623;Bd6:1666:1093/64/509;d5:1122:648/60/414;Nb4:560:376/16/168;O-O:521:367/10/144;Na5:471:292/13/166;d6:208:138/10/60,r1bqk2r/pppp1ppp/2n2n2/2b5/2BPP3/5N2/PP3PPP/RNBQK2R b KQkq - 0 6
onramp-bands,anti-italian-center-attack-black,opening,11,6,True,30,35,1200,2024-01,2026-07,blitz+rapid+classical,299938,159938,10930,129070,12,11,Bb4+:204119:104284/8025/91810;Bb6:64400:35257/1919/27224;Nxd4:14051:8735/437/4879;Bxd4:5642:4159/192/1291;Be7:4611:2602/160/1849;Nxe4:1808:1263/35/510;Bd6:1257:929/29/299;d5:1232:777/50/405;Nb4:739:520/21/198;Na5:695:457/23/215;O-O:594:411/13/170;Qe7:249:151/9/89,r1bqk2r/pppp1ppp/2n2n2/2b5/2BPP3/5N2/PP3PPP/RNBQK2R b KQkq - 0 6
onramp-bands,anti-italian-center-attack-black,opening,13,8,True,30,35,1000,2024-01,2026-07,blitz+rapid+classical,42988,20862,1927,20199,10,6,Bxd2+:27464:13454/1312/12698;Nxe4:10690:4880/457/5353;O-O:1788:873/61/854;Qe7:710:370/21/319;d5:666:310/25/331;d6:479:262/17/200;Bd6:297:205/6/86;a5:262:142/9/111;Be7:239:115/6/118;Ba5:196:124/8/64;Nxd4:79:56/3/20;h6:43:26/0/17,r1bqk2r/pppp1ppp/2n2n2/8/1bBPP3/5N2/PP1B1PPP/RN1QK2R b KQkq - 2 7
onramp-bands,anti-italian-center-attack-black,opening,13,8,True,30,35,1200,2024-01,2026-07,blitz+rapid+classical,84529,41451,3896,39182,10,8,Bxd2+:53185:26301/2613/24271;Nxe4:21584:10133/907/10544;O-O:4407:2185/174/2048;Qe7:1599:807/55/737;d5:1164:567/49/548;d6:1110:609/42/459;a5:455:236/23/196;Be7:391:215/14/162;Ba5:232:121/6/105;Bd6:162:120/3/39;h6:62:36/2/24;Nxd4:61:46/4/11,r1bqk2r/pppp1ppp/2n2n2/8/1bBPP3/5N2/PP1B1PPP/RN1QK2R b KQkq - 2 7
onramp-bands,anti-italian-center-attack-black,opening,15,10,True,28,28,1000,2024-01,2026-07,blitz+rapid+classical,19011,9881,922,8208,9,5,O-O:8389:4357/374/3658;d5:5297:2429/328/2540;d6:2954:1594/141/1219;Qe7:993:637/38/318;Nxe4:485:295/20/170;Na5:232:127/4/101;Nxd4:171:132/3/36;Nb4:120:89/4/27;h6:107:60/1/46;Ng4:92:60/4/28;a6:85:48/4/33;b6:33:18/1/14,r1bqk2r/pppp1ppp/2n2n2/8/2BPP3/5N2/PP1N1PPP/R2QK2R b KQkq - 0 8
onramp-bands,anti-italian-center-attack-black,opening,15,10,True,28,28,1200,2024-01,2026-07,blitz+rapid+classical,41981,21596,2106,18279,11,6,O-O:20433:10508/987/8938;d5:9585:4395/535/4655;d6:7564:4016/389/3159;Qe7:1935:1177/98/660;Nxe4:1026:608/46/372;Na5:418:233/13/172;h6:263:150/15/98;Nxd4:240:170/8/62;a6:146:90/3/53;Nb4:136:97/4/35;Ng4:101:68/1/32;Ne7:48:27/2/19,r1bqk2r/pppp1ppp/2n2n2/8/2BPP3/5N2/PP1N1PPP/R2QK2R b KQkq - 0 8
onramp-bands,anti-italian-center-attack-black,opening,17,12,True,27,36,1000,2024-01,2026-07,blitz+rapid+classical,4576,2153,290,2133,1,1,Nxd5:4390:2034/277/2079;Qe7+:75:44/8/23;Nb4:45:36/3/6;Na5:25:11/1/13;Ne7:19:9/1/9;O-O:8:6/0/2;Nxd4:7:6/0/1;Qxd5:4:4/0/0;Bg4:3:3/0/0,r1bqk2r/ppp2ppp/2n2n2/3P4/2BP4/5N2/PP1N1PPP/R2QK2R b KQkq - 0 9
onramp-bands,anti-italian-center-attack-black,opening,17,12,True,27,36,1200,2024-01,2026-07,blitz+rapid+classical,8369,3937,471,3961,1,1,Nxd5:8086:3738/460/3888;Qe7+:98:63/6/29;Na5:70:50/4/16;Nb4:53:45/0/8;Ne7:30:18/1/11;Nxd4:11:8/0/3;Qxd5:7:6/0/1;O-O:7:5/0/2;Ne4:3:1/0/2;b5:2:1/0/1;Ne5:1:1/0/0;Bg4:1:1/0/0,r1bqk2r/ppp2ppp/2n2n2/3P4/2BP4/5N2/PP1N1PPP/R2QK2R b KQkq - 0 9
onramp-bands,anti-italian-center-attack-black,opening,6,1,False,32,33,1000,2024-01,2026-07,blitz+rapid+classical,4356812,2286255,153449,1917108,12,12,Ng5:1565062:869673/46633/648756;d3:1186468:612728/45384/528356;Nc3:878689:441391/37155/400143;O-O:275189:137137/9306/128746;d4:207224:109437/6708/91079;c3:144633:72166/4985/67482;Bxf7+:28088:13495/795/13798;Qe2:18246:8649/613/8984;Nxe5:12289:3205/349/8735;h3:11410:5586/444/5380;a3:8011:3835/300/3876;b3:5118:2242/186/2690,r1bqkb1r/pppp1ppp/2n2n2/4p3/2B1P3/5N2/PPPP1PPP/RNBQK2R w KQkq - 4 4
onramp-bands,anti-italian-center-attack-black,opening,6,1,False,32,33,1200,2024-01,2026-07,blitz+rapid+classical,5780474,3005433,196690,2578351,12,12,Ng5:1908645:1031431/54676/822538;d3:1757084:907362/65629/784093;Nc3:1089751:543038/44320/502393;O-O:393650:200683/12516/180451;d4:320412:172304/9727/138381;c3:194389:98287/6249/89853;Bxf7+:39731:18580/1113/20038;Qe2:20697:9964/647/10086;h3:12834:6243/475/6116;a3:11747:5804/377/5566;Nxe5:10446:2688/256/7502;b3:4838:2142/161/2535,r1bqkb1r/pppp1ppp/2n2n2/4p3/2B1P3/5N2/PPPP1PPP/RNBQK2R w KQkq - 4 4
onramp-bands,anti-kid-classical-white,opening,10,2,True,32,38,1000,2024-01,2026-07,blitz+rapid+classical,56803,26960,2078,27765,12,12,Bd3:14037:6696/485/6856;Be2:11318:5764/407/5147;Bg5:7914:3811/282/3821;e5:6956:2834/341/3781;Be3:4425:2195/150/2080;d5:2818:1300/97/1421;h3:2796:1420/80/1296;Bf4:2547:1156/99/1292;g3:937:428/31/478;h4:507:248/14/245;c5:472:187/23/262;b3:403:157/13/233,rnbq1rk1/ppp1ppbp/3p1np1/8/2PPP3/2N2N2/PP3PPP/R1BQKB1R w KQ - 2 6
onramp-bands,anti-kid-classical-white,opening,10,2,True,32,38,1200,2024-01,2026-07,blitz+rapid+classical,151518,72508,5593,73417,12,12,Bd3:39759:18850/1397/19512;Be2:37068:18548/1357/17163;Bg5:21655:10461/822/10372;Be3:14135:6904/526/6705;e5:10262:4158/475/5629;h3:9369:4657/329/4383;Bf4:6063:2901/237/2925;d5:4592:2048/168/2376;g3:2220:1099/97/1024;h4:1516:696/36/784;Qc2:1097:536/35/526;b3:856:362/35/459,rnbq1rk1/ppp1ppbp/3p1np1/8/2PPP3/2N2N2/PP3PPP/R1BQKB1R w KQ - 2 6
onramp-bands,anti-kid-classical-white,opening,12,4,True,32,38,1000,2024-01,2026-07,blitz+rapid+classical,1496,757,64,675,3,1,d5:755:387/24/344;dxe5:355:161/17/177;O-O:282:163/14/105;Be3:43:20/5/18;Bg5:40:16/2/22;h3:8:5/0/3;Nd5:3:2/0/1;h4:3:2/0/1;Bd2:2:1/0/1;Bd3:1:0/0/1;c5:1:0/1/0;Qb3:1:0/0/1,rnbq1rk1/ppp2pbp/3p1np1/4p3/2PPP3/2N2N2/PP2BPPP/R1BQK2R w KQ - 0 7
onramp-bands,anti-kid-classical-white,opening,12,4,True,32,38,1200,2024-01,2026-07,blitz+rapid+classical,4379,2091,217,2071,5,3,d5:2354:1088/101/1165;dxe5:977:469/46/462;O-O:737:378/56/303;Be3:147:81/9/57;Bg5:124:56/4/64;h3:19:8/0/11;h4:7:3/1/3;c5:5:3/0/2;b3:2:1/0/1;Qc2:2:2/0/0;Nd5:2:0/0/2;Ng5:1:1/0/0,rnbq1rk1/ppp2pbp/3p1np1/4p3/2PPP3/2N2N2/PP2BPPP/R1BQK2R w KQ - 0 7
onramp-bands,anti-kid-classical-white,opening,14,6,True,32,35,1000,2024-01,2026-07,blitz+rapid+classical,455,233,18,204,1,0,d5:336:170/13/153;dxe5:58:32/4/22;Bg5:29:16/1/12;Be3:15:8/0/7;a3:4:2/0/2;h3:3:2/0/1;b3:2:2/0/0;Bd2:1:0/0/1;Nxe5:1:0/0/1;Qc2:1:0/0/1;Ne1:1:1/0/0;Nd5:1:0/0/1,r1bq1rk1/ppp2pbp/2np1np1/4p3/2PPP3/2N2N2/PP2BPPP/R1BQ1RK1 w - - 2 8
onramp-bands,anti-kid-classical-white,opening,14,6,True,32,35,1200,2024-01,2026-07,blitz+rapid+classical,1504,733,76,695,2,1,d5:1144:558/56/530;dxe5:216:112/10/94;Bg5:84:40/2/42;Be3:34:13/4/17;h3:8:3/0/5;Re1:6:3/1/2;Nd5:5:2/0/3;b3:2:1/0/1;a3:2:0/1/1;Bd2:1:1/0/0;Na4:1:0/1/0;Bd3:1:0/1/0,r1bq1rk1/ppp2pbp/2np1np1/4p3/2PPP3/2N2N2/PP2BPPP/R1BQ1RK1 w - - 2 8
onramp-bands,anti-kid-classical-white,opening,16,8,True,32,34,1000,2024-01,2026-07,blitz+rapid+classical,311,153,12,146,0,0,Bg5:95:49/1/45;b4:49:25/5/19;Be3:48:27/1/20;h3:37:13/2/22;Ne1:14:7/0/7;Re1:12:4/0/8;Nd2:9:5/1/3;Ng5:8:1/0/7;a4:8:5/1/2;b3:6:2/0/4;Bd2:6:3/0/3;h4:4:3/0/1,r1bq1rk1/ppp1npbp/3p1np1/3Pp3/2P1P3/2N2N2/PP2BPPP/R1BQ1RK1 w - - 1 9
onramp-bands,anti-kid-classical-white,opening,16,8,True,32,34,1200,2024-01,2026-07,blitz+rapid+classical,1164,556,63,545,4,0,Bg5:324:135/18/171;b4:201:111/7/83;Be3:156:78/3/75;h3:147:72/4/71;Ne1:73:40/9/24;b3:40:20/0/20;Re1:37:16/0/21;a4:28:16/1/11;Nd2:25:6/7/12;a3:23:12/2/9;Ng5:20:9/4/7;Bd2:19:10/2/7,r1bq1rk1/ppp1npbp/3p1np1/3Pp3/2P1P3/2N2N2/PP2BPPP/R1BQ1RK1 w - - 1 9
onramp-bands,anti-kid-classical-white,opening,18,10,True,32,34,1000,2024-01,2026-07,blitz+rapid+classical,5,1,0,4,0,0,Nd3:4:1/0/3;f3:1:0/0/1,r1bq1rk1/pppnnpbp/3p2p1/3Pp3/2P1P3/2N5/PP2BPPP/R1BQNRK1 w - - 3 10
onramp-bands,anti-kid-classical-white,opening,18,10,True,32,34,1200,2024-01,2026-07,blitz+rapid+classical,33,19,1,13,0,0,Nd3:15:9/1/5;Be3:10:5/0/5;f3:6:5/0/1;f4:2:0/0/2,r1bq1rk1/pppnnpbp/3p2p1/3Pp3/2P1P3/2N5/PP2BPPP/R1BQNRK1 w - - 3 10
onramp-bands,anti-kid-classical-white,opening,20,12,True,32,32,1000,2024-01,2026-07,blitz+rapid+classical,1,0,0,1,0,0,Be3:1:0/0/1,r1bq1rk1/pppnn1bp/3p2p1/3Ppp2/2P1P3/2N2P2/PP2B1PP/R1BQNRK1 w - - 0 11
onramp-bands,anti-kid-classical-white,opening,20,12,True,32,32,1200,2024-01,2026-07,blitz+rapid+classical,5,4,0,1,0,0,Be3:4:3/0/1;g4:1:1/0/0,r1bq1rk1/pppnn1bp/3p2p1/3Ppp2/2P1P3/2N2P2/PP2B1PP/R1BQNRK1 w - - 0 11
onramp-bands,anti-london-black,opening,5,0,True,32,29,1000,2024-01,2026-07,blitz+rapid+classical,436752,230066,17281,189405,12,12,Nc6:162435:87002/6689/68744;e6:92408:48465/3517/40426;Bf5:67521:34941/2710/29870;Bg4:31631:16434/1264/13933;g6:18972:9410/750/8812;c5:17093:8167/509/8417;h6:12030:6429/514/5087;Ne4:7497:4344/280/2873;c6:7296:3860/297/3139;Nh5:7001:3777/287/2937;a6:3340:1710/127/1503;Nbd7:2275:1162/85/1028,rnbqkb1r/ppp1pppp/5n2/3p4/3P1B2/5N2/PPP1PPPP/RN1QKB1R b KQkq - 3 3
onramp-bands,anti-london-black,opening,5,0,True,32,29,1200,2024-01,2026-07,blitz+rapid+classical,771150,400985,30972,339193,12,12,Nc6:244241:130488/10198/103555;e6:186590:96955/7299/82336;Bf5:127938:65134/5352/57452;Bg4:64062:32677/2698/28687;c5:46472:22385/1563/22524;g6:35857:17706/1363/16788;h6:17348:9280/697/7371;c6:14754:7695/563/6496;Nh5:8041:4245/330/3466;a6:7538:3846/302/3390;Ne4:6254:3718/213/2323;Nbd7:4466:2431/145/1890,rnbqkb1r/ppp1pppp/5n2/3p4/3P1B2/5N2/PPP1PPPP/RN1QKB1R b KQkq - 3 3
onramp-bands,anti-london-black,opening,7,2,True,32,32,1000,2024-01,2026-07,blitz+rapid+classical,17006,8206,510,8290,11,7,Nc6:7255:3439/202/3614;e6:2860:1345/102/1413;cxd4:2417:1192/82/1143;Bg4:1172:583/33/556;Qb6:1040:472/30/538;Bf5:810:420/20/370;c4:427:217/13/197;a6:247:127/7/113;g6:188:87/7/94;Ne4:156:87/4/65;Qa5+:121:70/2/49;Nh5:80:38/3/39,rnbqkb1r/pp2pppp/5n2/2pp4/3P1B2/4PN2/PPP2PPP/RN1QKB1R b KQkq - 0 4
onramp-bands,anti-london-black,opening,7,2,True,32,32,1200,2024-01,2026-07,blitz+rapid+classical,47921,23329,1637,22955,12,9,Nc6:21936:10527/723/10686;e6:7579:3747/254/3578;cxd4:5730:2817/212/2701;Qb6:3898:1844/128/1926;Bg4:3518:1755/125/1638;Bf5:2212:1092/79/1041;c4:927:480/31/416;a6:706:337/30/339;g6:396:190/12/194;Nh5:228:115/4/109;Qa5+:193:97/9/87;Ne4:174:96/6/72,rnbqkb1r/pp2pppp/5n2/2pp4/3P1B2/4PN2/PPP2PPP/RN1QKB1R b KQkq - 0 4
onramp-bands,anti-london-black,opening,10,5,True,32,39,1000,2024-01,2026-07,blitz+rapid+classical,2232,1105,74,1053,5,1,c3:1083:581/32/470;Bb5:368:196/15/157;c4:257:114/10/133;Bd3:195:79/4/112;Ne5:105:40/5/60;Be2:54:23/4/27;dxc5:49:19/1/29;b3:25:14/0/11;a3:25:14/1/10;h3:25:7/1/17;Nb3:24:10/0/14;Qe2:7:3/0/4,r1bqkb1r/pp3ppp/2n1pn2/2pp4/3P1B2/4PN2/PPPN1PPP/R2QKB1R w KQkq - 0 6
onramp-bands,anti-london-black,opening,10,5,True,32,39,1200,2024-01,2026-07,blitz+rapid+classical,5748,2874,207,2667,7,3,c3:3109:1657/111/1341;Bb5:955:466/31/458;c4:625:269/23/333;Bd3:267:128/14/125;Ne5:180:93/5/82;Be2:150:74/5/71;dxc5:140:52/7/81;a3:95:41/4/50;h3:70:30/0/40;b3:56:24/1/31;Nb3:55:19/2/34;Qe2:8:4/0/4,r1bqkb1r/pp3ppp/2n1pn2/2pp4/3P1B2/4PN2/PPPN1PPP/R2QKB1R w KQkq - 0 6
onramp-bands,anti-london-black,opening,12,7,True,32,39,1000,2024-01,2026-07,blitz+rapid+classical,2853,1546,91,1216,5,2,Bg3:1681:924/56/701;Ne5:445:276/9/160;Bxd6:288:141/11/136;Bd3:131:49/4/78;Bb5:100:54/1/45;Bg5:65:35/4/26;Be2:34:15/1/18;dxc5:16:10/1/5;Qa4:15:10/1/4;Be5:12:5/0/7;g3:11:4/1/6;a3:8:4/0/4,r1bqk2r/pp3ppp/2nbpn2/2pp4/3P1B2/2P1PN2/PP1N1PPP/R2QKB1R w KQkq - 1 7
onramp-bands,anti-london-black,opening,12,7,True,32,39,1200,2024-01,2026-07,blitz+rapid+classical,7171,3734,246,3191,6,3,Bg3:3797:1991/129/1677;Ne5:1689:954/52/683;Bxd6:742:353/28/361;Bd3:299:128/12/159;Bg5:204:110/4/90;Bb5:203:93/12/98;Be2:66:26/4/36;dxc5:28:16/0/12;g3:24:14/1/9;Qc2:24:10/1/13;Be5:20:12/1/7;b3:16:7/0/9,r1bqk2r/pp3ppp/2nbpn2/2pp4/3P1B2/2P1PN2/PP1N1PPP/R2QKB1R w KQkq - 1 7
onramp-bands,anti-london-black,opening,14,9,True,32,36,1000,2024-01,2026-07,blitz+rapid+classical,1334,718,37,579,3,1,Bd3:631:332/25/274;Ne5:206:118/4/84;Qc2:134:76/3/55;Bb5:96:55/1/40;Be2:85:50/1/34;b3:27:9/0/18;c4:24:12/0/12;dxc5:19:7/0/12;Qb3:18:7/1/10;Nb3:17:10/0/7;a3:15:8/0/7;Bh4:11:5/0/6,r1bq1rk1/pp3ppp/2nbpn2/2pp4/3P4/2P1PNB1/PP1N1PPP/R2QKB1R w KQ - 3 8
onramp-bands,anti-london-black,opening,14,9,True,32,36,1200,2024-01,2026-07,blitz+rapid+classical,3360,1752,101,1507,5,3,Bd3:1589:857/47/685;Ne5:493:253/20/220;Qc2:454:222/4/228;Be2:231:122/8/101;Bb5:211:108/12/91;b3:68:37/0/31;dxc5:60:29/1/30;c4:40:20/0/20;Qb3:36:17/3/16;a3:29:14/2/13;Nb3:28:17/0/11;Bxd6:23:10/2/11,r1bq1rk1/pp3ppp/2nbpn2/2pp4/3P4/2P1PNB1/PP1N1PPP/R2QKB1R w KQ - 3 8
onramp-bands,anti-london-black,opening,16,11,True,32,46,1000,2024-01,2026-07,blitz+rapid+classical,226,123,5,98,0,0,Ne5:75:42/0/33;Qc2:38:24/0/14;Qe2:25:14/2/9;O-O:21:9/1/11;e4:13:11/1/1;Bxd6:10:4/0/6;Ng5:7:5/0/2;c4:6:2/0/4;Bh4:5:2/0/3;Bb5:4:3/0/1;Qb3:3:0/0/3;Qa4:3:1/0/2,r1bq1rk1/p4ppp/1pnbpn2/2pp4/3P4/2PBPNB1/PP1N1PPP/R2QK2R w KQ - 0 9
onramp-bands,anti-london-black,opening,16,11,True,32,46,1200,2024-01,2026-07,blitz+rapid+classical,666,356,18,292,2,0,Ne5:277:163/9/105;Qc2:119:54/3/62;O-O:59:27/2/30;Qe2:52:32/0/20;Qa4:18:5/1/12;e4:15:12/0/3;Ng5:14:7/0/7;Bb5:12:5/0/7;Bxd6:11:4/1/6;Bb1:10:6/0/4;b3:10:5/1/4;Qb1:9:4/0/5,r1bq1rk1/p4ppp/1pnbpn2/2pp4/3P4/2PBPNB1/PP1N1PPP/R2QK2R w KQ - 0 9
onramp-bands,anti-scandinavian-white,opening,2,0,True,32,31,1000,2024-01,2026-07,blitz+rapid+classical,11479497,5755213,463526,5260758,12,12,exd5:5957246:3160664/237214/2559368;e5:2317993:1163287/87971/1066735;Nc3:813794:365259/36012/412523;Nf3:772482:351598/27243/393641;d3:407938:177118/24502/206318;d4:289905:136797/11317/141791;f3:271209:121969/12278/136962;Qf3:218203:100366/9024/108813;Bd3:98599:45671/4217/48711;Qh5:75369:30368/3341/41660;Bb5+:58157:22718/2790/32649;Bc4:48041:14626/1627/31788,rnbqkbnr/ppp1pppp/8/3p4/4P3/8/PPPP1PPP/RNBQKBNR w KQkq - 0 2
onramp-bands,anti-scandinavian-white,opening,2,0,True,32,31,1200,2024-01,2026-07,blitz+rapid+classical,15409231,7654909,593331,7160991,12,12,exd5:9612821:4924835/374487/4313499;e5:2884564:1430015/106016/1348533;Nf3:973736:447495/32692/493549;Nc3:618024:276148/24522/317354;d4:316214:151254/11215/153745;d3:289490:123717/16184/149589;Qf3:180418:80612/7214/92592;f3:171336:74806/7056/89474;Bd3:74156:33547/3140/37469;Bc4:65071:18208/2016/44847;f4:51493:22844/1772/26877;Bb5+:38248:14916/1715/21617,rnbqkbnr/ppp1pppp/8/3p4/4P3/8/PPPP1PPP/RNBQKBNR w KQkq - 0 2
onramp-bands,anti-scandinavian-white,opening,4,2,True,30,29,1000,2024-01,2026-07,blitz+rapid+classical,4927773,2636477,200921,2090375,12,12,Nc3:4015135:2177628/159828/1677679;Nf3:345869:183197/13011/149661;d4:204114:108437/8470/87207;Qf3:101218:47923/7606/45689;c4:88499:43299/3856/41344;d3:61300:29664/2865/28771;Qe2:24198:11336/1488/11374;b3:19000:6688/772/11540;Be2:13308:6218/501/6589;Ne2:9873:4850/402/4621;c3:9341:4029/416/4896;f3:8421:3607/451/4363,rnb1kbnr/ppp1pppp/8/3q4/8/8/PPPP1PPP/RNBQKBNR w KQkq - 0 3
onramp-bands,anti-scandinavian-white,opening,4,2,True,30,29,1200,2024-01,2026-07,blitz+rapid+classical,7530369,3898611,301985,3329773,12,12,Nc3:6070550:3160664/241243/2668643;Nf3:615214:318203/22612/274399;d4:408779:213577/16117/179085;Qf3:129900:61794/9173/58933;c4:117778:58635/4723/54420;d3:81740:39458/3631/38651;Qe2:18395:8463/1087/8845;b3:17479:6590/592/10297;c3:12387:5718/487/6182;Be2:11773:5496/459/5818;Ne2:7981:3829/319/3833;h3:7489:3844/260/3385,rnb1kbnr/ppp1pppp/8/3q4/8/8/PPPP1PPP/RNBQKBNR w KQkq - 0 3
onramp-bands,anti-scandinavian-white,opening,6,4,True,30,32,1000,2024-01,2026-07,blitz+rapid+classical,890337,450063,29153,411121,12,12,Nf3:356785:179888/11923/164974;d4:212903:109352/6757/96794;d3:85667:43092/2886/39689;Bc4:51091:25968/1480/23643;Bb5+:36606:17202/1353/18051;a3:34562:17068/1295/16199;b4:27878:15457/650/11771;Qf3:16123:8548/490/7085;Be2:14527:7255/438/6834;Nge2:9834:4921/321/4592;Nb5:9424:4618/328/4478;b3:7994:3604/244/4146,rnb1kbnr/ppp1pppp/8/q7/8/2N5/PPPP1PPP/R1BQKBNR w KQkq - 2 4
onramp-bands,anti-scandinavian-white,opening,6,4,True,30,32,1200,2024-01,2026-07,blitz+rapid+classical,1701180,836190,57924,807066,12,12,Nf3:670382:324853/23516/322013;d4:430542:214509/14331/201702;d3:195125:94908/7186/93031;Bc4:111809:55988/3200/52621;b4:60402:34037/1378/24987;a3:45544:22095/1718/21731;Bb5+:41823:19205/1524/21094;Qf3:30321:15780/973/13568;Be2:25066:11919/869/12278;Nge2:17047:8279/595/8173;Bd3:12714:5715/446/6553;Nb5:11954:5799/343/5812,rnb1kbnr/ppp1pppp/8/q7/8/2N5/PPPP1PPP/R1BQKBNR w KQkq - 2 4
onramp-bands,anti-scandinavian-white,opening,8,6,True,30,33,1000,2024-01,2026-07,blitz+rapid+classical,69398,34378,2161,32859,12,12,Bd2:31612:15866/976/14770;Nf3:26824:13392/843/12589;Bc4:1651:848/38/765;Bf4:1634:742/64/828;Bd3:1489:745/48/696;Bg5:1144:454/41/649;Bb5+:849:375/28/446;Be3:637:301/21/315;a3:602:291/18/293;d5:595:283/12/300;f3:538:217/17/304;h3:446:205/14/227,rnb1kb1r/ppp1pppp/5n2/q7/3P4/2N5/PPP2PPP/R1BQKBNR w KQkq - 1 5
onramp-bands,anti-scandinavian-white,opening,8,6,True,30,33,1200,2024-01,2026-07,blitz+rapid+classical,160441,78010,5305,77126,12,12,Bd2:82185:40491/2632/39062;Nf3:56883:27489/2003/27391;Bc4:4418:2218/110/2090;Bd3:3197:1531/93/1573;Bf4:2646:1253/100/1293;Bg5:1771:652/55/1064;Be3:1402:630/48/724;h3:1387:702/48/637;Bb5+:1069:476/44/549;d5:1008:491/34/483;a3:907:436/32/439;f3:837:351/25/461,rnb1kb1r/ppp1pppp/5n2/q7/3P4/2N5/PPP2PPP/R1BQKBNR w KQkq - 1 5
onramp-bands,anti-scandinavian-white,opening,11,9,True,30,43,1000,2024-01,2026-07,blitz+rapid+classical,4886,2519,150,2217,4,3,Bh5:2308:1098/63/1147;Bxf3:1479:835/52/592;Qh5:642:328/19/295;Bf5:298:154/14/130;h5:33:23/0/10;Be6:25:12/1/12;Ne4:22:16/0/6;Nc6:21:14/0/7;Bd7:21:12/0/9;e6:11:8/1/2;c6:8:5/0/3;Nd5:4:4/0/0,rn2kb1r/ppp1pppp/5n2/q7/3P2b1/2N2N1P/PPP2PP1/R1BQKB1R b KQkq - 0 6
onramp-bands,anti-scandinavian-white,opening,11,9,True,30,43,1200,2024-01,2026-07,blitz+rapid+classical,10939,5530,386,5023,4,4,Bh5:5863:2802/210/2851;Bxf3:2337:1281/85/971;Qh5:1825:941/61/823;Bf5:627:341/23/263;Bd7:62:29/1/32;h5:53:35/1/17;Nc6:39:22/0/17;e6:33:22/3/8;Be6:31:15/0/16;Ne4:24:14/1/9;Nbd7:12:8/1/3;c6:11:7/0/4,rn2kb1r/ppp1pppp/5n2/q7/3P2b1/2N2N1P/PPP2PP1/R1BQKB1R b KQkq - 0 6
onramp-bands,anti-scandinavian-white,opening,13,11,True,30,36,1000,2024-01,2026-07,blitz+rapid+classical,988,472,30,486,1,1,Bg6:955:453/29/473;Nxg4:31:17/1/13;Ne4:1:1/0/0;Bxg4:1:1/0/0,rn2kb1r/ppp1pppp/5n2/q6b/3P2P1/2N2N1P/PPP2P2/R1BQKB1R b KQkq - 0 7
onramp-bands,anti-scandinavian-white,opening,13,11,True,30,36,1200,2024-01,2026-07,blitz+rapid+classical,2481,1233,84,1164,2,1,Bg6:2354:1161/79/1114;Nxg4:117:64/5/48;Bxg4:5:4/0/1;g6:1:1/0/0;g5:1:1/0/0;Ne4:1:1/0/0;e5:1:1/0/0;c6:1:0/0/1,rn2kb1r/ppp1pppp/5n2/q6b/3P2P1/2N2N1P/PPP2P2/R1BQKB1R b KQkq - 0 7
onramp-bands,anti-scandinavian-white,opening,15,13,True,30,35,1000,2024-01,2026-07,blitz+rapid+classical,297,158,8,131,0,0,e6:83:38/5/40;Nbd7:58:26/2/30;Be4:46:25/0/21;Nc6:39:22/0/17;Ne4:28:17/1/10;c6:16:11/0/5;Nd5:5:3/0/2;h6:5:4/0/1;c5:5:4/0/1;h5:5:3/0/2;Qb6:4:2/0/2;a6:1:1/0/0,rn2kb1r/ppp1pppp/5nb1/q3N3/3P2P1/2N4P/PPP2P2/R1BQKB1R b KQkq - 2 8
onramp-bands,anti-scandinavian-white,opening,15,13,True,30,35,1200,2024-01,2026-07,blitz+rapid+classical,836,467,19,350,3,0,e6:257:136/4/117;Nbd7:210:115/3/92;Be4:129:73/5/51;Nc6:81:47/0/34;Ne4:59:33/4/22;c6:57:34/2/21;Nd5:22:15/1/6;c5:5:3/0/2;h5:5:3/0/2;Nfd7:4:3/0/1;h6:4:3/0/1;Qb6:2:1/0/1,rn2kb1r/ppp1pppp/5nb1/q3N3/3P2P1/2N4P/PPP2P2/R1BQKB1R b KQkq - 2 8
onramp-bands,anti-scandinavian-white,opening,12,10,False,30,31,1000,2024-01,2026-07,blitz+rapid+classical,4590,2002,138,2450,5,3,O-O:1648:698/47/903;Bd2:1241:556/36/649;h3:737:346/24/367;Be3:292:134/9/149;d5:291:126/9/156;Bg5:90:32/3/55;Bf4:77:36/2/39;Ne5:69:22/3/44;a3:62:19/2/41;Bb5:35:15/2/18;Qd3:17:5/1/11;Ng5:12:5/0/7,r3kb1r/ppp1pppp/2n2n2/q7/3P2b1/2N2N2/PPP1BPPP/R1BQK2R w KQkq - 5 7
onramp-bands,anti-scandinavian-white,opening,12,10,False,30,31,1200,2024-01,2026-07,blitz+rapid+classical,12243,5368,363,6512,9,5,O-O:4346:1795/134/2417;Bd2:3428:1558/106/1764;h3:1818:899/61/858;Be3:1107:491/15/601;d5:776:321/24/431;Bf4:200:89/2/109;Bg5:168:62/9/97;Ne5:119:41/3/75;a3:113:45/4/64;Qd3:58:24/1/33;Bb5:50:23/2/25;Ng5:12:6/0/6,r3kb1r/ppp1pppp/2n2n2/q7/3P2b1/2N2N2/PPP1BPPP/R1BQK2R w KQkq - 5 7
onramp-bands,anti-scandinavian-white,opening,14,12,False,30,33,1000,2024-01,2026-07,blitz+rapid+classical,1626,660,47,919,4,2,Bd2:482:211/15/256;Be3:398:159/10/229;h3:276:112/10/154;a3:113:47/2/64;d5:58:14/2/42;Bg5:52:20/1/31;Bf4:49:21/3/25;Ne5:43:11/2/30;Re1:39:18/0/21;Ng5:35:19/0/16;Bb5:16:2/0/14;Qd3:15:5/0/10,2kr1b1r/ppp1pppp/2n2n2/q7/3P2b1/2N2N2/PPP1BPPP/R1BQ1RK1 w - - 7 8
onramp-bands,anti-scandinavian-white,opening,14,12,False,30,33,1200,2024-01,2026-07,blitz+rapid+classical,4664,1836,124,2704,8,3,Be3:1492:618/39/835;Bd2:1363:575/37/751;h3:680:237/19/424;a3:296:108/8/180;Bf4:142:54/5/83;d5:132:52/1/79;Ne5:131:35/5/91;Bg5:107:32/3/72;Ng5:73:35/1/37;Re1:66:32/4/30;Qe1:56:20/2/34;Qd3:38:13/0/25,2kr1b1r/ppp1pppp/2n2n2/q7/3P2b1/2N2N2/PPP1BPPP/R1BQ1RK1 w - - 7 8
onramp-bands,anti-scandinavian-white,opening,7,5,False,30,31,1000,2024-01,2026-07,blitz+rapid+classical,489846,259838,21633,208375,12,12,Nf6:118688:61201/5323/52164;Nc6:95259:51901/4434/38924;e6:86120:44367/3794/37959;Bg4:66026:35937/3084/27005;Bf5:39811:20047/1556/18208;c6:17585:9256/754/7575;f6:12651:7447/536/4668;a6:10847:5637/404/4806;g6:10233:5184/435/4614;e5:6487:4053/260/2174;b6:5078:2739/200/2139;h6:5075:2660/225/2190,rnbqkbnr/ppp1pppp/8/8/8/2N2N2/PPPP1PPP/R1BQKB1R b KQkq - 3 4
onramp-bands,anti-scandinavian-white,opening,7,5,False,30,31,1200,2024-01,2026-07,blitz+rapid+classical,890984,457810,39440,393734,12,12,Nf6:242501:121118/10816/110567;e6:182650:92115/8205/82330;Bg4:126977:66444/5911/54622;Nc6:125622:67443/5631/52548;Bf5:77839:38368/3167/36304;c6:35313:18110/1603/15600;g6:22662:11284/940/10438;a6:19683:10270/828/8585;f6:10897:6620/500/3777;h6:9837:5108/426/4303;b6:9404:4958/340/4106;e5:7678:4517/298/2863,rnbqkbnr/ppp1pppp/8/8/8/2N2N2/PPPP1PPP/R1BQKB1R b KQkq - 3 4
onramp-bands,anti-scandinavian-white,opening,5,3,False,31,31,1000,2024-01,2026-07,blitz+rapid+classical,32673,16918,993,14762,8,6,Nxd5:20554:10491/647/9416;Qxd5:6050:3316/179/2555;Bg4:1703:832/45/826;e6:1586:836/43/707;c6:1254:632/39/583;Bf5:738:387/14/337;e5:175:97/4/74;g6:145:70/2/73;Ne4:70:38/5/27;Ng4:66:43/3/20;c5:54:25/3/26;Nbd7:46:24/1/21,rnbqkb1r/ppp1pppp/5n2/3P4/3P4/8/PPP2PPP/RNBQKBNR b KQkq - 0 3
onramp-bands,anti-scandinavian-white,opening,5,3,False,31,31,1200,2024-01,2026-07,blitz+rapid+classical,106577,55828,3388,47361,12,8,Nxd5:67411:34931/2158/30322;Qxd5:16539:9216/545/6778;Bg4:6846:3395/197/3254;e6:5785:3003/166/2616;c6:4722:2483/155/2084;Bf5:3035:1589/97/1349;g6:722:374/24/324;e5:416:233/14/169;c5:178:88/11/79;a6:162:81/5/76;Nbd7:141:73/2/66;h6:133:69/4/60,rnbqkb1r/ppp1pppp/5n2/3P4/3P4/8/PPP2PPP/RNBQKBNR b KQkq - 0 3
onramp-bands,anti-sicilian-najdorf-english-attack,opening,8,0,True,30,42,1000,2024-01,2026-07,blitz+rapid+classical,73295,34001,2628,36666,12,9,Nc3:53604:25638/1963/26003;Bd3:5976:2608/187/3181;Bb5+:3742:1684/142/1916;f3:2373:1000/80/1293;Bg5:1837:724/54/1059;Bc4:1693:742/59/892;e5:662:207/31/424;Qf3:555:269/11/275;Bf4:389:123/17/249;Nf3:323:109/19/195;Nf5:319:122/7/190;Qe2:312:137/11/164,rnbqkb1r/pp2pppp/3p1n2/8/3NP3/8/PPP2PPP/RNBQKB1R w KQkq - 1 5
onramp-bands,anti-sicilian-najdorf-english-attack,opening,8,0,True,30,42,1200,2024-01,2026-07,blitz+rapid+classical,243429,113516,8433,121480,12,12,Nc3:194286:92208/6755/95323;Bd3:18147:8155/623/9369;Bb5+:8918:4119/332/4467;f3:5817:2556/195/3066;Bg5:4436:1761/152/2523;Bc4:3744:1597/93/2054;e5:1392:453/66/873;Qf3:1279:555/34/690;Nd2:867:367/38/462;Nf3:597:254/15/328;c3:562:226/15/321;Nf5:551:219/16/316,rnbqkb1r/pp2pppp/3p1n2/8/3NP3/8/PPP2PPP/RNBQKB1R w KQkq - 1 5
onramp-bands,anti-sicilian-najdorf-english-attack,opening,11,3,True,30,30,1000,2024-01,2026-07,blitz+rapid+classical,3087,1579,102,1406,5,2,e5:1336:673/51/612;e6:601:296/16/289;g6:384:197/14/173;Nc6:238:127/6/105;b5:166:91/2/73;Nbd7:90:46/3/41;Ng4:66:37/5/24;Bd7:50:24/1/25;Bg4:41:24/2/15;Qc7:39:19/1/19;Qa5:25:14/1/10;Qb6:23:12/0/11,rnbqkb1r/1p2pppp/p2p1n2/8/3NP3/2N1B3/PPP2PPP/R2QKB1R b KQkq - 1 6
onramp-bands,anti-sicilian-najdorf-english-attack,opening,11,3,True,30,30,1200,2024-01,2026-07,blitz+rapid+classical,14564,7393,451,6720,10,6,e5:6311:3167/209/2935;e6:3260:1679/92/1489;g6:1393:716/40/637;Nc6:1152:601/37/514;b5:975:506/31/438;Nbd7:411:224/9/178;Ng4:353:140/12/201;Bd7:225:107/13/105;Qc7:177:80/6/91;Bg4:142:77/1/64;Qa5:61:38/0/23;Qb6:46:29/0/17,rnbqkb1r/1p2pppp/p2p1n2/8/3NP3/2N1B3/PPP2PPP/R2QKB1R b KQkq - 1 6
onramp-bands,anti-sicilian-najdorf-english-attack,opening,13,5,True,30,31,1000,2024-01,2026-07,blitz+rapid+classical,520,262,25,233,2,0,Be6:224:109/13/102;Be7:149:81/4/64;Nc6:72:41/3/28;b5:38:15/2/21;Nbd7:10:3/0/7;g6:9:3/2/4;Bd7:5:3/1/1;Ng4:4:2/0/2;Bg4:3:2/0/1;h6:2:0/0/2;Qb6:1:1/0/0;d5:1:1/0/0,rnbqkb1r/1p3ppp/p2p1n2/4p3/4P3/1NN1B3/PPP2PPP/R2QKB1R b KQkq - 1 7
onramp-bands,anti-sicilian-najdorf-english-attack,opening,13,5,True,30,31,1200,2024-01,2026-07,blitz+rapid+classical,2784,1484,89,1211,4,2,Be6:1155:600/38/517;Be7:913:460/31/422;Nc6:382:221/11/150;b5:178:117/5/56;Nbd7:39:16/1/22;g6:34:21/1/12;Ng4:25:14/1/10;Bg4:25:18/0/7;Bd7:9:4/0/5;Qc7:9:1/1/7;h6:4:3/0/1;a5:4:4/0/0,rnbqkb1r/1p3ppp/p2p1n2/4p3/4P3/1NN1B3/PPP2PPP/R2QKB1R b KQkq - 1 7
onramp-bands,anti-sicilian-najdorf-english-attack,opening,15,7,True,30,35,1000,2024-01,2026-07,blitz+rapid+classical,96,45,7,44,0,0,Be7:56:26/5/25;Nc6:12:5/1/6;Nbd7:11:7/0/4;d5:7:4/0/3;Bxb3:5:1/0/4;h5:3:2/1/0;b5:1:0/0/1;h6:1:0/0/1,rn1qkb1r/1p3ppp/p2pbn2/4p3/4P3/1NN1BP2/PPP3PP/R2QKB1R b KQkq - 0 8
onramp-bands,anti-sicilian-najdorf-english-attack,opening,15,7,True,30,35,1200,2024-01,2026-07,blitz+rapid+classical,687,361,26,300,1,1,Be7:470:250/17/203;Nc6:76:46/3/27;Nbd7:55:26/3/26;d5:22:10/2/10;h5:20:6/0/14;b5:19:11/1/7;Bxb3:10:4/0/6;g6:7:6/0/1;Qc7:3:2/0/1;h6:2:0/0/2;Ke7:1:0/0/1;Bd7:1:0/0/1,rn1qkb1r/1p3ppp/p2pbn2/4p3/4P3/1NN1BP2/PPP3PP/R2QKB1R b KQkq - 0 8
onramp-bands,anti-sicilian-najdorf-english-attack,opening,17,9,True,30,36,1000,2024-01,2026-07,blitz+rapid+classical,75,38,6,31,0,0,O-O:43:19/3/21;Nbd7:13:10/0/3;Nc6:7:5/0/2;h5:6:1/2/3;b5:3:1/1/1;Qc7:2:2/0/0;Qb6:1:0/0/1,rn1qk2r/1p2bppp/p2pbn2/4p3/4P3/1NN1BP2/PPPQ2PP/R3KB1R b KQkq - 2 9
onramp-bands,anti-sicilian-najdorf-english-attack,opening,17,9,True,30,36,1200,2024-01,2026-07,blitz+rapid+classical,555,316,20,219,2,0,O-O:288:160/6/122;Nbd7:114:63/4/47;Nc6:47:29/3/15;b5:35:22/2/11;h5:27:13/1/13;Qc7:24:15/1/8;d5:5:5/0/0;Bxb3:4:2/1/1;h6:4:2/1/1;Qd7:3:1/1/1;a5:2:2/0/0;g6:1:1/0/0,rn1qk2r/1p2bppp/p2pbn2/4p3/4P3/1NN1BP2/PPPQ2PP/R3KB1R b KQkq - 2 9
onramp-bands,anti-sicilian-najdorf-english-attack,opening,17,9,False,30,36,1000,2024-01,2026-07,blitz+rapid+classical,2,1,1,0,0,0,Be7:1:1/0/0;Nbd7:1:0/1/0,rn1qkb1r/1p3pp1/p2pbn2/4p2p/4P3/1NN1BP2/PPPQ2PP/R3KB1R b KQkq - 1 9
onramp-bands,anti-sicilian-najdorf-english-attack,opening,17,9,False,30,36,1200,2024-01,2026-07,blitz+rapid+classical,18,6,0,12,0,0,Nbd7:10:3/0/7;Be7:5:1/0/4;b5:3:2/0/1,rn1qkb1r/1p3pp1/p2pbn2/4p2p/4P3/1NN1BP2/PPPQ2PP/R3KB1R b KQkq - 1 9
onramp-bands,anti-sicilian-najdorf-english-attack,opening,13,5,False,30,29,1000,2024-01,2026-07,blitz+rapid+classical,12,8,2,2,0,0,h6:10:6/2/2;Nc6:1:1/0/0;f6:1:1/0/0,rnbqkb1r/1p2pppp/p2p4/6B1/3NP1n1/2N5/PPP2PPP/R2QKB1R b KQkq - 3 7
onramp-bands,anti-sicilian-najdorf-english-attack,opening,13,5,False,30,29,1200,2024-01,2026-07,blitz+rapid+classical,41,18,2,21,0,0,h6:30:11/2/17;f6:5:4/0/1;h5:1:1/0/0;Nc6:1:1/0/0;Qc7:1:1/0/0;Qa5:1:0/0/1;Ne5:1:0/0/1;Nf6:1:0/0/1,rnbqkb1r/1p2pppp/p2p4/6B1/3NP1n1/2N5/PPP2PPP/R2QKB1R b KQkq - 3 7
onramp-bands,anti-sicilian-najdorf-english-attack,opening,13,5,False,30,28,1000,2024-01,2026-07,blitz+rapid+classical,228,119,5,104,1,0,Be7:151:83/3/65;b5:22:11/0/11;Qc7:14:6/0/8;Nbd7:11:5/1/5;Nc6:7:2/0/5;g6:5:3/0/2;h6:3:2/0/1;e5:3:1/0/2;Bd7:3:2/0/1;d5:3:2/0/1;h5:2:1/0/1;Nfd7:2:0/0/2,rnbqkb1r/1p3ppp/p2ppn2/8/3NP3/2N1BP2/PPP3PP/R2QKB1R b KQkq - 0 7
onramp-bands,anti-sicilian-najdorf-english-attack,opening,13,5,False,30,28,1200,2024-01,2026-07,blitz+rapid+classical,1524,853,30,641,2,1,Be7:1052:590/20/442;b5:160:84/2/74;Nc6:83:46/3/34;Nbd7:62:34/1/27;Qc7:49:30/0/19;Bd7:29:16/0/13;g6:24:14/0/10;e5:19:14/3/2;d5:18:13/0/5;Qb6:10:5/0/5;b6:4:1/0/3;h6:4:0/0/4,rnbqkb1r/1p3ppp/p2ppn2/8/3NP3/2N1BP2/PPP3PP/R2QKB1R b KQkq - 0 7
onramp-bands,carlsbad-minority-attack,middlegame,20,1,True,30,46,1000,2024-01,2026-07,blitz+rapid+classical,4,3,0,1,0,0,f3:2:2/0/0;Bh4:1:1/0/0;Nf4:1:0/0/1,r1bqrnk1/pp2bppp/2p2n2/3p2B1/3P4/2NBP3/PPQ1NPPP/R4RK1 w - - 8 11
onramp-bands,carlsbad-minority-attack,middlegame,20,1,True,30,46,1200,2024-01,2026-07,blitz+rapid+classical,25,11,1,13,0,0,f3:14:8/1/5;Rad1:3:1/0/2;h3:2:0/0/2;Rfe1:1:1/0/0;f4:1:0/0/1;Bxf6:1:0/0/1;a3:1:0/0/1;Bf4:1:0/0/1;Rab1:1:1/0/0,r1bqrnk1/pp2bppp/2p2n2/3p2B1/3P4/2NBP3/PPQ1NPPP/R4RK1 w - - 8 11
onramp-bands,carlsbad-minority-attack,middlegame,23,4,True,29,36,1000,2024-01,2026-07,blitz+rapid+classical,0,0,0,0,0,0,,r1bqrnk1/pp2Bppp/2p5/3p4/3Pn3/2NBP3/PPQ1NPPP/1R3RK1 b - - 0 12
onramp-bands,carlsbad-minority-attack,middlegame,23,4,True,29,36,1200,2024-01,2026-07,blitz+rapid+classical,0,0,0,0,0,0,,r1bqrnk1/pp2Bppp/2p5/3p4/3Pn3/2NBP3/PPQ1NPPP/1R3RK1 b - - 0 12
onramp-bands,carlsbad-minority-attack,middlegame,25,6,True,28,41,1000,2024-01,2026-07,blitz+rapid+classical,0,0,0,0,0,0,,r1b1rnk1/pp2qppp/2p5/3p4/1P1Pn3/2NBP3/P1Q1NPPP/1R3RK1 b - - 0 13
onramp-bands,carlsbad-minority-attack,middlegame,25,6,True,28,41,1200,2024-01,2026-07,blitz+rapid+classical,0,0,0,0,0,0,,r1b1rnk1/pp2qppp/2p5/3p4/1P1Pn3/2NBP3/P1Q1NPPP/1R3RK1 b - - 0 13
onramp-bands,carlsbad-minority-attack,middlegame,27,8,True,28,43,1000,2024-01,2026-07,blitz+rapid+classical,0,0,0,0,0,0,,r1b1rnk1/1p2qppp/p1p5/1P1p4/3Pn3/2NBP3/P1Q1NPPP/1R3RK1 b - - 0 14
onramp-bands,carlsbad-minority-attack,middlegame,27,8,True,28,43,1200,2024-01,2026-07,blitz+rapid+classical,0,0,0,0,0,0,,r1b1rnk1/1p2qppp/p1p5/1P1p4/3Pn3/2NBP3/P1Q1NPPP/1R3RK1 b - - 0 14
onramp-bands,carlsbad-minority-attack,middlegame,21,2,False,30,31,1000,2024-01,2026-07,blitz+rapid+classical,2,2,0,0,0,0,Qd6:1:1/0/0;h6:1:1/0/0,r1bqrnk1/pp2bppp/2p2n2/3p2B1/3P4/2NBPP2/PPQ1N1PP/R4RK1 b - - 0 11
onramp-bands,carlsbad-minority-attack,middlegame,21,2,False,30,31,1200,2024-01,2026-07,blitz+rapid+classical,16,8,1,7,0,0,Be6:11:5/1/5;Ng6:3:1/0/2;h6:2:2/0/0,r1bqrnk1/pp2bppp/2p2n2/3p2B1/3P4/2NBPP2/PPQ1N1PP/R4RK1 b - - 0 11
onramp-bands,carlsbad-minority-attack,middlegame,23,4,False,30,34,1000,2024-01,2026-07,blitz+rapid+classical,0,0,0,0,0,0,,r1bqr1k1/pp2bppp/2p1nn2/3p4/3P3B/2NBPP2/PPQ1N1PP/R4RK1 b - - 2 12
onramp-bands,carlsbad-minority-attack,middlegame,23,4,False,30,34,1200,2024-01,2026-07,blitz+rapid+classical,0,0,0,0,0,0,,r1bqr1k1/pp2bppp/2p1nn2/3p4/3P3B/2NBPP2/PPQ1N1PP/R4RK1 b - - 2 12
onramp-bands,carlsbad-minority-attack,middlegame,22,3,False,30,48,1000,2024-01,2026-07,blitz+rapid+classical,0,0,0,0,0,0,,r1bqr1k1/pp2bppp/2p2nn1/3p2B1/3P4/2NBP1N1/PPQ2PPP/R4RK1 w - - 10 12
onramp-bands,carlsbad-minority-attack,middlegame,22,3,False,30,48,1200,2024-01,2026-07,blitz+rapid+classical,0,0,0,0,0,0,,r1bqr1k1/pp2bppp/2p2nn1/3p2B1/3P4/2NBP1N1/PPQ2PPP/R4RK1 w - - 10 12
onramp-bands,caro-kann-advance-black,opening,12,7,True,32,36,1000,2024-01,2026-07,blitz+rapid+classical,41,24,0,17,0,0,Nc3:21:14/0/7;b3:12:7/0/5;O-O:3:2/0/1;dxc5:2:0/0/2;Qc1:2:1/0/1;c3:1:0/0/1,rn2kbnr/pp3ppp/1q2p3/2ppPb2/3P4/4BN2/PPP1BPPP/RN1QK2R w KQkq - 2 7
onramp-bands,caro-kann-advance-black,opening,12,7,True,32,36,1200,2024-01,2026-07,blitz+rapid+classical,209,109,8,92,0,0,b3:83:35/6/42;Nc3:77:57/1/19;O-O:15:5/0/10;dxc5:15:5/0/10;Qc1:7:3/1/3;c3:3:0/0/3;c4:3:2/0/1;Nbd2:3:1/0/2;Bc1:2:0/0/2;a4:1:1/0/0,rn2kbnr/pp3ppp/1q2p3/2ppPb2/3P4/4BN2/PPP1BPPP/RN1QK2R w KQkq - 2 7
onramp-bands,caro-kann-advance-black,opening,8,3,False,32,36,1000,2024-01,2026-07,blitz+rapid+classical,13761,7038,429,6294,11,5,f4:5643:2908/177/2558;h4:4538:2461/132/1945;Nf3:812:371/30/411;Bd3:619:300/22/297;Nc3:459:216/14/229;f3:344:157/7/180;Bg2:234:103/10/121;Nh3:124:55/4/65;Bf4:121:61/5/55;g5:121:49/3/69;h3:115:51/7/57;c4:90:43/2/45,rn1qkbnr/pp2pppp/2p3b1/3pP3/3P2P1/8/PPP2P1P/RNBQKBNR w KQkq - 1 5
onramp-bands,caro-kann-advance-black,opening,8,3,False,32,36,1200,2024-01,2026-07,blitz+rapid+classical,25302,13053,816,11433,12,7,h4:10846:5764/343/4739;f4:9393:4908/299/4186;Nf3:888:403/33/452;Bd3:832:394/40/398;Nc3:705:323/20/362;f3:512:222/14/276;Bg2:468:223/11/234;e6:354:214/6/134;Ne2:177:96/6/75;Bf4:145:56/5/84;h3:137:70/6/61;Nh3:117:54/2/61,rn1qkbnr/pp2pppp/2p3b1/3pP3/3P2P1/8/PPP2P1P/RNBQKBNR w KQkq - 1 5
onramp-bands,leningrad-dutch-black,opening,14,11,False,32,37,1000,2024-01,2026-07,blitz+rapid+classical,56,36,2,18,0,0,d5:16:11/0/5;Bg5:10:7/1/2;Re1:6:2/0/4;Ng5:6:3/0/3;Bf4:5:3/1/1;a3:3:2/0/1;Be3:3:3/0/0;b3:2:2/0/0;Bd2:2:2/0/0;Nh4:1:1/0/0;Qc2:1:0/0/1;Rb1:1:0/0/1,r1bq1rk1/ppp1p1bp/2np1np1/5p2/2PP4/2N2NP1/PP2PPBP/R1BQ1RK1 w - - 2 8
onramp-bands,leningrad-dutch-black,opening,14,11,False,32,37,1200,2024-01,2026-07,blitz+rapid+classical,172,98,10,64,0,0,d5:50:32/2/16;Bg5:30:13/4/13;Re1:21:9/2/10;a3:16:11/1/4;Bf4:15:10/1/4;Qb3:10:7/0/3;e3:9:5/0/4;Qc2:6:3/0/3;b3:6:5/0/1;h3:2:2/0/0;Ng5:2:0/0/2;a4:1:0/0/1,r1bq1rk1/ppp1p1bp/2np1np1/5p2/2PP4/2N2NP1/PP2PPBP/R1BQ1RK1 w - - 2 8
onramp-bands,opening-principles-black,opening,2,1,True,32,29,1000,2024-01,2026-07,blitz+rapid+classical,63393962,32275718,2509571,28608673,12,12,Nf3:38803675:19980598/1541765/17281312;Bc4:6950284:3542073/258039/3150172;d4:4295184:2181894/169634/1943656;Nc3:3655287:1843428/147256/1664603;Qh5:3067916:1518528/128571/1420817;d3:1919221:912094/86723/920404;f4:1523844:811734/45275/666835;Qf3:1294064:639311/53268/601485;c3:376887:185002/14886/176999;f3:319291:133213/14612/171466;c4:189478:88227/7882/93369;g3:159821:74861/6818/78142,rnbqkbnr/pppp1ppp/8/4p3/4P3/8/PPPP1PPP/RNBQKBNR w KQkq - 0 2
onramp-bands,opening-principles-black,opening,2,1,True,32,29,1200,2024-01,2026-07,blitz+rapid+classical,86013549,43858607,3276427,38878515,12,12,Nf3:53787012:27500846/2079673/24206493;Bc4:10265183:5257890/372560/4634733;d4:5415029:2786117/196659/2432253;Nc3:5100184:2602123/194941/2303120;f4:3108035:1673187/86472/1348376;d3:2567585:1240995/110448/1216142;Qh5:2263086:1127921/94147/1041018;Qf3:1279870:633172/52660/594038;c3:571279:283733/21495/266051;f3:252237:102817/11079/138341;c4:240693:115768/10159/114766;g3:203880:97051/8325/98504,rnbqkbnr/pppp1ppp/8/4p3/4P3/8/PPPP1PPP/RNBQKBNR w KQkq - 0 2
onramp-bands,opening-principles-black,opening,4,3,True,32,27,1000,2024-01,2026-07,blitz+rapid+classical,24960604,12687897,996124,11276583,12,12,Bc4:10464681:5356064/387544/4721073;Nc3:4307433:2070902/197517/2039014;Bb5:4169648:2156991/173736/1838921;d4:3977280:2134139/155845/1687296;c3:952952:478308/35983/438661;d3:425142:191607/19134/214401;g3:116632:54932/4916/56784;a3:109269:53880/4420/50969;Be2:98783:48355/3942/46486;b3:71819:32610/2761/36448;Bd3:63364:26595/2545/34224;c4:54569:24388/2155/28026,r1bqkbnr/pppp1ppp/2n5/4p3/4P3/5N2/PPPP1PPP/RNBQKB1R w KQkq - 2 3
onramp-bands,opening-principles-black,opening,4,3,True,32,27,1200,2024-01,2026-07,blitz+rapid+classical,35522239,18096347,1381385,16044507,12,12,Bc4:15225107:7741606/556262/6927239;Bb5:6776776:3474292/280756/3021728;d4:6272006:3373911/240288/2657807;Nc3:4556606:2196357/200843/2159406;c3:1378367:700702/49273/628392;d3:467581:216581/20282/230718;Be2:172296:84218/6885/81193;a3:169651:83021/6963/79667;g3:137293:64530/5602/67161;h3:98850:48345/4360/46145;b3:93256:43287/3399/46570;c4:61497:28332/2526/30639,r1bqkbnr/pppp1ppp/2n5/4p3/4P3/5N2/PPPP1PPP/RNBQKB1R w KQkq - 2 3
onramp-bands,opening-principles-black,opening,8,7,True,32,30,1000,2024-01,2026-07,blitz+rapid+classical,467177,226028,18765,222384,12,12,d3:139673:67928/5783/65962;Nc3:132294:61919/6427/63948;Ng5:54485:25105/1985/27395;c3:43815:22976/1366/19473;Re1:35418:17755/1219/16444;d4:20982:11567/537/8878;h3:19497:9344/788/9365;Bxf7+:4304:1993/121/2190;b4:4092:2285/84/1723;a3:2974:1354/86/1534;Nxe5:2880:1126/137/1617;Qe2:1946:769/57/1120,r1bqk2r/pppp1ppp/2n2n2/2b1p3/2B1P3/5N2/PPPP1PPP/RNBQ1RK1 w kq - 6 5
onramp-bands,opening-principles-black,opening,8,7,True,32,30,1200,2024-01,2026-07,blitz+rapid+classical,716950,348592,27377,340981,12,12,d3:229247:111592/9387/108268;Nc3:160634:73137/7725/79772;c3:94193:49812/2699/41682;Re1:69880:34711/2466/32703;Ng5:57077:25116/1953/30008;d4:45230:25977/1109/18144;h3:26751:12553/1041/13157;b4:9031:4875/205/3951;Bxf7+:7020:3119/176/3725;a3:5120:2321/169/2630;Nxe5:4175:1750/154/2271;Qe2:2234:939/71/1224,r1bqk2r/pppp1ppp/2n2n2/2b1p3/2B1P3/5N2/PPPP1PPP/RNBQ1RK1 w kq - 6 5
onramp-bands,opponent-intent-early-queen,opening,3,2,True,32,26,1000,2024-01,2026-07,blitz+rapid+classical,3063462,1514687,128340,1420435,12,12,Nc6:1475287:698526/54952/721809;Nf6:521284:239294/21735/260255;Qf6:342796:165588/20454/156754;d6:322824:163073/13359/146392;Qe7:136377:64887/7299/64191;g6:130772:102933/4781/23058;Bc5:42988:25256/1798/15934;Nh6:24148:14704/1137/8307;Bd6:21898:12455/873/8570;d5:16049:8411/790/6848;c6:5366:2899/211/2256;Be7:5342:3513/192/1637,rnbqkbnr/pppp1ppp/8/4p2Q/4P3/8/PPPP1PPP/RNB1KBNR b KQkq - 1 2
onramp-bands,opponent-intent-early-queen,opening,3,2,True,32,26,1200,2024-01,2026-07,blitz+rapid+classical,2260438,1125706,93958,1040774,12,12,Nc6:1210263:589884/46052/574327;Nf6:302819:141348/11544/149927;Qf6:294428:146580/16900/130948;d6:258727:129310/11099/118318;Qe7:71136:34437/3506/33193;g6:52967:42302/1822/8843;Bc5:25991:15267/1048/9676;Bd6:13657:7700/575/5382;d5:8075:4255/356/3464;Nh6:6677:4223/289/2165;c6:3462:1857/159/1446;Be7:2793:1818/120/855,rnbqkbnr/pppp1ppp/8/4p2Q/4P3/8/PPPP1PPP/RNB1KBNR b KQkq - 1 2
onramp-bands,opponent-intent-early-queen,opening,5,4,True,32,28,1000,2024-01,2026-07,blitz+rapid+classical,1310080,652133,46664,611283,12,12,g6:922995:436580/32998/453417;Qf6:99876:43590/4981/51305;Nh6:97761:55193/3332/39236;Qe7:83824:34862/3717/45245;Nf6:77256:61703/1031/14522;d5:16410:8611/552/7247;Bc5:3318:3251/5/62;d6:3069:2987/9/73;g5:968:936/0/32;h6:807:784/3/20;Nd4:802:768/3/31;a6:409:400/1/8,r1bqkbnr/pppp1ppp/2n5/4p2Q/2B1P3/8/PPPP1PPP/RNB1K1NR b KQkq - 3 3
onramp-bands,opponent-intent-early-queen,opening,5,4,True,32,28,1200,2024-01,2026-07,blitz+rapid+classical,1233198,626223,46110,560865,12,11,g6:824166:401734/30742/391690;Qf6:166574:78572/8267/79735;Qe7:100200:44752/4034/51414;Nf6:60257:50179/676/9402;Nh6:59804:34348/1995/23461;d5:11675:6389/348/4938;Bc5:3256:3191/9/56;d6:2859:2793/5/61;h6:1095:1062/6/27;g5:710:699/0/11;Nd4:525:505/7/13;Be7:329:325/2/2,r1bqkbnr/pppp1ppp/2n5/4p2Q/2B1P3/8/PPPP1PPP/RNB1K1NR b KQkq - 3 3
onramp-bands,opponent-intent-early-queen,opening,7,6,True,32,32,1000,2024-01,2026-07,blitz+rapid+classical,871459,423242,31263,416954,12,12,Nf6:705664:325607/25572/354485;Qf6:40747:17649/2530/20568;f6:32537:16528/1094/14915;Nh6:25168:13460/856/10852;Nd4:20658:18890/133/1635;f5:14383:6821/434/7128;Qe7:11118:5401/466/5251;d6:4508:4234/26/248;Bc5:4423:4260/15/148;Bg7:3991:3752/21/218;d5:2894:1468/90/1336;a6:1127:1086/1/40,r1bqkbnr/pppp1p1p/2n3p1/4p3/2B1P3/5Q2/PPPP1PPP/RNB1K1NR b KQkq - 1 4
onramp-bands,opponent-intent-early-queen,opening,7,6,True,32,32,1200,2024-01,2026-07,blitz+rapid+classical,791668,392732,29714,369222,12,12,Nf6:659884:319330/24291/316263;Qf6:55651:25499/3384/26768;f6:19695:10356/721/8618;f5:11872:5366/343/6163;Nh6:11349:6383/345/4621;Nd4:11081:10307/52/722;Qe7:10353:5236/461/4656;Bg7:3478:3202/17/259;d6:2136:2003/9/124;Bc5:2046:1963/5/78;d5:1821:903/72/846;a6:394:378/1/15,r1bqkbnr/pppp1p1p/2n3p1/4p3/2B1P3/5Q2/PPPP1PPP/RNB1K1NR b KQkq - 1 4
onramp-bands,scandinavian-mainline-black,opening,15,12,True,30,47,1000,2024-01,2026-07,blitz+rapid+classical,807,331,20,456,2,0,e5:308:111/10/187;e6:236:100/2/134;Bxf3:84:39/2/43;h5:60:23/3/34;Qh5:29:10/1/18;Nd5:19:12/1/6;Qb6:15:9/0/6;h6:11:4/0/7;Kb8:9:4/0/5;Qb4:8:3/0/5;a6:6:1/0/5;Ne4:6:4/0/2,2kr1b1r/ppp1pppp/2n2n2/q7/3P2b1/2N1BN2/PPP1BPPP/R2Q1RK1 b - - 8 8
onramp-bands,scandinavian-mainline-black,opening,15,12,True,30,47,1200,2024-01,2026-07,blitz+rapid+classical,3009,1263,83,1663,4,2,e5:1030:384/30/616;e6:959:408/28/523;Bxf3:341:177/10/154;h5:332:135/5/192;Qh5:82:30/2/50;Nd5:47:20/3/24;h6:34:9/0/25;Qb6:34:20/1/13;Qb4:31:12/1/18;Kb8:29:16/0/13;Ne4:17:9/0/8;a6:14:6/1/7,2kr1b1r/ppp1pppp/2n2n2/q7/3P2b1/2N1BN2/PPP1BPPP/R2Q1RK1 b - - 8 8
onramp-roots,onramp-00008,onramp,53,0,True,16,0,1000,2024-01,2026-07,blitz+rapid+classical,0,0,0,0,0,0,,r6k/pp2R2p/5p2/3p4/8/3P2b1/P1P3PP/2Q4K b - - 0 27
onramp-roots,onramp-00008,onramp,53,0,True,16,0,1400,2024-01,2026-07,blitz+rapid+classical,0,0,0,0,0,0,,r6k/pp2R2p/5p2/3p4/8/3P2b1/P1P3PP/2Q4K b - - 0 27
onramp-roots,onramp-00008,onramp,53,0,True,16,0,1800,2024-01,2026-07,blitz+rapid+classical,0,0,0,0,0,0,,r6k/pp2R2p/5p2/3p4/8/3P2b1/P1P3PP/2Q4K b - - 0 27
onramp-roots,onramp-0000d,onramp,56,0,True,16,0,1000,2024-01,2026-07,blitz+rapid+classical,0,0,0,0,0,0,,3b2k1/1p3ppp/pq6/8/8/1P3N2/P4PPP/3R2K1 w - - 0 29
onramp-roots,onramp-0000d,onramp,56,0,True,16,0,1400,2024-01,2026-07,blitz+rapid+classical,0,0,0,0,0,0,,3b2k1/1p3ppp/pq6/8/8/1P3N2/P4PPP/3R2K1 w - - 0 29
onramp-roots,onramp-0000d,onramp,56,0,True,16,0,1800,2024-01,2026-07,blitz+rapid+classical,0,0,0,0,0,0,,3b2k1/1p3ppp/pq6/8/8/1P3N2/P4PPP/3R2K1 w - - 0 29
onramp-roots,onramp-000lc,onramp,40,0,True,18,0,1000,2024-01,2026-07,blitz+rapid+classical,0,0,0,0,0,0,,3r3r/2N2ppp/1pnk1n2/1B6/8/8/PPP3PP/5R1K w - - 0 21
onramp-roots,onramp-000lc,onramp,40,0,True,18,0,1400,2024-01,2026-07,blitz+rapid+classical,0,0,0,0,0,0,,3r3r/2N2ppp/1pnk1n2/1B6/8/8/PPP3PP/5R1K w - - 0 21
onramp-roots,onramp-000lc,onramp,40,0,True,18,0,1800,2024-01,2026-07,blitz+rapid+classical,0,0,0,0,0,0,,3r3r/2N2ppp/1pnk1n2/1B6/8/8/PPP3PP/5R1K w - - 0 21
onramp-roots,onramp-001wr,onramp,38,0,True,27,0,1000,2024-01,2026-07,blitz+rapid+classical,0,0,0,0,0,0,,r4rk1/p3ppbp/Pp3np1/3PpbB1/2q5/2N2P2/1PPQ2PP/3RR2K w - - 0 20
onramp-roots,onramp-001wr,onramp,38,0,True,27,0,1400,2024-01,2026-07,blitz+rapid+classical,0,0,0,0,0,0,,r4rk1/p3ppbp/Pp3np1/3PpbB1/2q5/2N2P2/1PPQ2PP/3RR2K w - - 0 20
onramp-roots,onramp-001wr,onramp,38,0,True,27,0,1800,2024-01,2026-07,blitz+rapid+classical,0,0,0,0,0,0,,r4rk1/p3ppbp/Pp3np1/3PpbB1/2q5/2N2P2/1PPQ2PP/3RR2K w - - 0 20
onramp-roots,onramp-001xl,onramp,83,0,True,9,0,1000,2024-01,2026-07,blitz+rapid+classical,0,0,0,0,0,0,,8/8/p5pp/3Bk3/5R2/8/5P1P/6K1 b - - 0 42
onramp-roots,onramp-001xl,onramp,83,0,True,9,0,1400,2024-01,2026-07,blitz+rapid+classical,0,0,0,0,0,0,,8/8/p5pp/3Bk3/5R2/8/5P1P/6K1 b - - 0 42
onramp-roots,onramp-001xl,onramp,83,0,True,9,0,1800,2024-01,2026-07,blitz+rapid+classical,0,0,0,0,0,0,,8/8/p5pp/3Bk3/5R2/8/5P1P/6K1 b - - 0 42
onramp-roots,onramp-003ep,onramp,77,0,True,16,0,1000,2024-01,2026-07,blitz+rapid+classical,0,0,0,0,0,0,,4k3/r1b1R3/2p3p1/2Pp4/1P2p1n1/2B1P3/NQ6/2K5 b - - 0 39
onramp-roots,onramp-003ep,onramp,77,0,True,16,0,1400,2024-01,2026-07,blitz+rapid+classical,0,0,0,0,0,0,,4k3/r1b1R3/2p3p1/2Pp4/1P2p1n1/2B1P3/NQ6/2K5 b - - 0 39
onramp-roots,onramp-003ep,onramp,77,0,True,16,0,1800,2024-01,2026-07,blitz+rapid+classical,0,0,0,0,0,0,,4k3/r1b1R3/2p3p1/2Pp4/1P2p1n1/2B1P3/NQ6/2K5 b - - 0 39
onramp-roots,onramp-004mt,onramp,105,0,True,10,0,1000,2024-01,2026-07,blitz+rapid+classical,0,0,0,0,0,0,,8/8/1b1kp1p1/5p2/3p4/5QPK/7P/8 b - - 0 53
onramp-roots,onramp-004mt,onramp,105,0,True,10,0,1400,2024-01,2026-07,blitz+rapid+classical,0,0,0,0,0,0,,8/8/1b1kp1p1/5p2/3p4/5QPK/7P/8 b - - 0 53
onramp-roots,onramp-004mt,onramp,105,0,True,10,0,1800,2024-01,2026-07,blitz+rapid+classical,0,0,0,0,0,0,,8/8/1b1kp1p1/5p2/3p4/5QPK/7P/8 b - - 0 53
onramp-roots,onramp-0050w,onramp,65,0,True,16,0,1000,2024-01,2026-07,blitz+rapid+classical,0,0,0,0,0,0,,5r2/1p2pk1p/p2p4/2pP4/2P1P3/1P1BKPR1/8/8 b - - 0 33
onramp-roots,onramp-0050w,onramp,65,0,True,16,0,1400,2024-01,2026-07,blitz+rapid+classical,0,0,0,0,0,0,,5r2/1p2pk1p/p2p4/2pP4/2P1P3/1P1BKPR1/8/8 b - - 0 33
onramp-roots,onramp-0050w,onramp,65,0,True,16,0,1800,2024-01,2026-07,blitz+rapid+classical,0,0,0,0,0,0,,5r2/1p2pk1p/p2p4/2pP4/2P1P3/1P1BKPR1/8/8 b - - 0 33
onramp-roots,onramp-007tv,onramp,27,0,True,25,0,1000,2024-01,2026-07,blitz+rapid+classical,4,3,0,1,0,0,Na5:1:1/0/0;Nd4:1:1/0/0;Nce7:1:0/0/1;Qd2:1:1/0/0,Q5nr/1ppk2pp/1pnp4/4p1q1/2B1P3/3P3P/PPP2PP1/R4RK1 b - - 0 14
onramp-roots,onramp-007tv,onramp,27,0,True,25,0,1400,2024-01,2026-07,blitz+rapid+classical,5,3,0,2,0,0,Nd4:3:2/0/1;Na5:1:0/0/1;g6:1:1/0/0,Q5nr/1ppk2pp/1pnp4/4p1q1/2B1P3/3P3P/PPP2PP1/R4RK1 b - - 0 14
onramp-roots,onramp-007tv,onramp,27,0,True,25,0,1800,2024-01,2026-07,blitz+rapid+classical,4,3,0,1,0,0,h5:1:1/0/0;Nd4:1:0/0/1;Nce7:1:1/0/0;Qd8:1:1/0/0,Q5nr/1ppk2pp/1pnp4/4p1q1/2B1P3/3P3P/PPP2PP1/R4RK1 b - - 0 14
onramp-roots,onramp-009fp,onramp,21,0,True,29,0,1000,2024-01,2026-07,blitz+rapid+classical,0,0,0,0,0,0,,r1b1k1nr/ppp2pbp/3p2p1/4p1Q1/2BnP3/N2P3P/PPP2PP1/R3K2R b KQkq - 0 11
onramp-roots,onramp-009fp,onramp,21,0,True,29,0,1400,2024-01,2026-07,blitz+rapid+classical,0,0,0,0,0,0,,r1b1k1nr/ppp2pbp/3p2p1/4p1Q1/2BnP3/N2P3P/PPP2PP1/R3K2R b KQkq - 0 11
onramp-roots,onramp-009fp,onramp,21,0,True,29,0,1800,2024-01,2026-07,blitz+rapid+classical,0,0,0,0,0,0,,r1b1k1nr/ppp2pbp/3p2p1/4p1Q1/2BnP3/N2P3P/PPP2PP1/R3K2R b KQkq - 0 11
onramp-roots,onramp-00aas,onramp,44,0,True,18,0,1000,2024-01,2026-07,blitz+rapid+classical,0,0,0,0,0,0,,5rk1/1p2q1pp/5p2/8/1P6/6P1/PPBr2PP/R4R1K w - - 0 23
onramp-roots,onramp-00aas,onramp,44,0,True,18,0,1400,2024-01,2026-07,blitz+rapid+classical,0,0,0,0,0,0,,5rk1/1p2q1pp/5p2/8/1P6/6P1/PPBr2PP/R4R1K w - - 0 23
onramp-roots,onramp-00aas,onramp,44,0,True,18,0,1800,2024-01,2026-07,blitz+rapid+classical,0,0,0,0,0,0,,5rk1/1p2q1pp/5p2/8/1P6/6P1/PPBr2PP/R4R1K w - - 0 23
onramp-roots,onramp-00ab1,onramp,75,0,True,10,0,1000,2024-01,2026-07,blitz+rapid+classical,0,0,0,0,0,0,,8/8/3pk1p1/1p6/2b5/2Q4P/5PPK/8 b - - 0 38
onramp-roots,onramp-00ab1,onramp,75,0,True,10,0,1400,2024-01,2026-07,blitz+rapid+classical,0,0,0,0,0,0,,8/8/3pk1p1/1p6/2b5/2Q4P/5PPK/8 b - - 0 38
onramp-roots,onramp-00ab1,onramp,75,0,True,10,0,1800,2024-01,2026-07,blitz+rapid+classical,0,0,0,0,0,0,,8/8/3pk1p1/1p6/2b5/2Q4P/5PPK/8 b - - 0 38
onramp-roots,onramp-00adi,onramp,76,0,True,15,0,1000,2024-01,2026-07,blitz+rapid+classical,0,0,0,0,0,0,,8/4kp1p/1PQ1p1p1/p3b3/1p2P2P/1Pr5/7K/8 w - - 2 39
onramp-roots,onramp-00adi,onramp,76,0,True,15,0,1400,2024-01,2026-07,blitz+rapid+classical,0,0,0,0,0,0,,8/4kp1p/1PQ1p1p1/p3b3/1p2P2P/1Pr5/7K/8 w - - 2 39
onramp-roots,onramp-00adi,onramp,76,0,True,15,0,1800,2024-01,2026-07,blitz+rapid+classical,0,0,0,0,0,0,,8/4kp1p/1PQ1p1p1/p3b3/1p2P2P/1Pr5/7K/8 w - - 2 39
onramp-roots,onramp-00aho,onramp,44,0,True,21,0,1000,2024-01,2026-07,blitz+rapid+classical,0,0,0,0,0,0,,b5k1/2q2p1p/1p2pbp1/pP6/2P5/P2B1N2/5PPP/3R1RK1 w - - 0 23
onramp-roots,onramp-00aho,onramp,44,0,True,21,0,1400,2024-01,2026-07,blitz+rapid+classical,0,0,0,0,0,0,,b5k1/2q2p1p/1p2pbp1/pP6/2P5/P2B1N2/5PPP/3R1RK1 w - - 0 23
onramp-roots,onramp-00aho,onramp,44,0,True,21,0,1800,2024-01,2026-07,blitz+rapid+classical,0,0,0,0,0,0,,b5k1/2q2p1p/1p2pbp1/pP6/2P5/P2B1N2/5PPP/3R1RK1 w - - 0 23
onramp-roots,onramp-00bts,onramp,72,0,True,15,0,1000,2024-01,2026-07,blitz+rapid+classical,0,0,0,0,0,0,,2r4k/6RP/8/3p4/pp1q4/3N1n2/PPP5/K6R w - - 0 37
onramp-roots,onramp-00bts,onramp,72,0,True,15,0,1400,2024-01,2026-07,blitz+rapid+classical,0,0,0,0,0,0,,2r4k/6RP/8/3p4/pp1q4/3N1n2/PPP5/K6R w - - 0 37
onramp-roots,onramp-00bts,onramp,72,0,True,15,0,1800,2024-01,2026-07,blitz+rapid+classical,0,0,0,0,0,0,,2r4k/6RP/8/3p4/pp1q4/3N1n2/PPP5/K6R w - - 0 37
onramp-roots,onramp-00cy1,onramp,57,0,True,21,0,1000,2024-01,2026-07,blitz+rapid+classical,0,0,0,0,0,0,,2rk1b2/2Pq1pp1/pQp4r/1p2P3/5P1p/1P4P1/PB4K1/3R4 b - - 0 29
onramp-roots,onramp-00cy1,onramp,57,0,True,21,0,1400,2024-01,2026-07,blitz+rapid+classical,0,0,0,0,0,0,,2rk1b2/2Pq1pp1/pQp4r/1p2P3/5P1p/1P4P1/PB4K1/3R4 b - - 0 29
onramp-roots,onramp-00cy1,onramp,57,0,True,21,0,1800,2024-01,2026-07,blitz+rapid+classical,0,0,0,0,0,0,,2rk1b2/2Pq1pp1/pQp4r/1p2P3/5P1p/1P4P1/PB4K1/3R4 b - - 0 29
onramp-roots,onramp-00dnp,onramp,131,0,True,6,0,1000,2024-01,2026-07,blitz+rapid+classical,0,0,0,0,0,0,,8/8/7r/8/6K1/1Q2k1p1/6P1/8 b - - 0 66
onramp-roots,onramp-00dnp,onramp,131,0,True,6,0,1400,2024-01,2026-07,blitz+rapid+classical,0,0,0,0,0,0,,8/8/7r/8/6K1/1Q2k1p1/6P1/8 b - - 0 66
onramp-roots,onramp-00dnp,onramp,131,0,True,6,0,1800,2024-01,2026-07,blitz+rapid+classical,0,0,0,0,0,0,,8/8/7r/8/6K1/1Q2k1p1/6P1/8 b - - 0 66
onramp-roots,onramp-00evs,onramp,51,0,True,15,0,1000,2024-01,2026-07,blitz+rapid+classical,0,0,0,0,0,0,,5q1k/pQ3p2/7p/b4bp1/P3N3/5K2/7P/R4B2 b - - 0 26
onramp-roots,onramp-00evs,onramp,51,0,True,15,0,1400,2024-01,2026-07,blitz+rapid+classical,0,0,0,0,0,0,,5q1k/pQ3p2/7p/b4bp1/P3N3/5K2/7P/R4B2 b - - 0 26
onramp-roots,onramp-00evs,onramp,51,0,True,15,0,1800,2024-01,2026-07,blitz+rapid+classical,0,0,0,0,0,0,,5q1k/pQ3p2/7p/b4bp1/P3N3/5K2/7P/R4B2 b - - 0 26
onramp-roots,onramp-00icz,onramp,67,0,True,19,0,1000,2024-01,2026-07,blitz+rapid+classical,0,0,0,0,0,0,,6Q1/Np1qk2p/1p2p3/2bp1r2/P1p2P2/6P1/6KP/R4R2 b - - 0 34
onramp-roots,onramp-00icz,onramp,67,0,True,19,0,1400,2024-01,2026-07,blitz+rapid+classical,0,0,0,0,0,0,,6Q1/Np1qk2p/1p2p3/2bp1r2/P1p2P2/6P1/6KP/R4R2 b - - 0 34
onramp-roots,onramp-00icz,onramp,67,0,True,19,0,1800,2024-01,2026-07,blitz+rapid+classical,0,0,0,0,0,0,,6Q1/Np1qk2p/1p2p3/2bp1r2/P1p2P2/6P1/6KP/R4R2 b - - 0 34
onramp-roots,onramp-00jcd,onramp,30,0,True,22,0,1000,2024-01,2026-07,blitz+rapid+classical,0,0,0,0,0,0,,r4r1k/ppp3pp/3q4/6b1/6n1/1QN3P1/PPP2P1P/R4RK1 w - - 0 16
onramp-roots,onramp-00jcd,onramp,30,0,True,22,0,1400,2024-01,2026-07,blitz+rapid+classical,3,1,0,2,0,0,Ne4:2:1/0/1;Rad1:1:0/0/1,r4r1k/ppp3pp/3q4/6b1/6n1/1QN3P1/PPP2P1P/R4RK1 w - - 0 16
onramp-roots,onramp-00jcd,onramp,30,0,True,22,0,1800,2024-01,2026-07,blitz+rapid+classical,0,0,0,0,0,0,,r4r1k/ppp3pp/3q4/6b1/6n1/1QN3P1/PPP2P1P/R4RK1 w - - 0 16
onramp-roots,onramp-00jph,onramp,54,0,True,22,0,1000,2024-01,2026-07,blitz+rapid+classical,0,0,0,0,0,0,,1k1r3r/1b1p1p2/p3p3/1p2PB2/6Np/P1n5/1P3PPP/4NR1K w - - 0 28
onramp-roots,onramp-00jph,onramp,54,0,True,22,0,1400,2024-01,2026-07,blitz+rapid+classical,0,0,0,0,0,0,,1k1r3r/1b1p1p2/p3p3/1p2PB2/6Np/P1n5/1P3PPP/4NR1K w - - 0 28
onramp-roots,onramp-00jph,onramp,54,0,True,22,0,1800,2024-01,2026-07,blitz+rapid+classical,0,0,0,0,0,0,,1k1r3r/1b1p1p2/p3p3/1p2PB2/6Np/P1n5/1P3PPP/4NR1K w - - 0 28
onramp-roots,onramp-00kzf,onramp,51,0,True,19,0,1000,2024-01,2026-07,blitz+rapid+classical,0,0,0,0,0,0,,r3r2k/1p1n2p1/2p1p2p/2P5/1p6/P2Q1N1P/5PP1/R5K1 b - - 0 26
onramp-roots,onramp-00kzf,onramp,51,0,True,19,0,1400,2024-01,2026-07,blitz+rapid+classical,0,0,0,0,0,0,,r3r2k/1p1n2p1/2p1p2p/2P5/1p6/P2Q1N1P/5PP1/R5K1 b - - 0 26
onramp-roots,onramp-00kzf,onramp,51,0,True,19,0,1800,2024-01,2026-07,blitz+rapid+classical,0,0,0,0,0,0,,r3r2k/1p1n2p1/2p1p2p/2P5/1p6/P2Q1N1P/5PP1/R5K1 b - - 0 26
onramp-roots,onramp-00nej,onramp,71,0,True,16,0,1000,2024-01,2026-07,blitz+rapid+classical,0,0,0,0,0,0,,3R4/1p3ppk/pB4qp/2P1b3/1P6/7P/4Q1P1/7K b - - 0 36
onramp-roots,onramp-00nej,onramp,71,0,True,16,0,1400,2024-01,2026-07,blitz+rapid+classical,0,0,0,0,0,0,,3R4/1p3ppk/pB4qp/2P1b3/1P6/7P/4Q1P1/7K b - - 0 36
onramp-roots,onramp-00nej,onramp,71,0,True,16,0,1800,2024-01,2026-07,blitz+rapid+classical,0,0,0,0,0,0,,3R4/1p3ppk/pB4qp/2P1b3/1P6/7P/4Q1P1/7K b - - 0 36
onramp-roots,onramp-00o8m,onramp,35,0,True,23,0,1000,2024-01,2026-07,blitz+rapid+classical,0,0,0,0,0,0,,r3r1k1/ppp2ppp/2Pn4/4q3/8/P1P1P1P1/2Q3BP/R1B1KR2 b Q - 0 18
onramp-roots,onramp-00o8m,onramp,35,0,True,23,0,1400,2024-01,2026-07,blitz+rapid+classical,0,0,0,0,0,0,,r3r1k1/ppp2ppp/2Pn4/4q3/8/P1P1P1P1/2Q3BP/R1B1KR2 b Q - 0 18
onramp-roots,onramp-00o8m,onramp,35,0,True,23,0,1800,2024-01,2026-07,blitz+rapid+classical,0,0,0,0,0,0,,r3r1k1/ppp2ppp/2Pn4/4q3/8/P1P1P1P1/2Q3BP/R1B1KR2 b Q - 0 18
onramp-roots,onramp-00pgi,onramp,51,0,True,19,0,1000,2024-01,2026-07,blitz+rapid+classical,0,0,0,0,0,0,,3r3k/p1pb1Qpp/1pnp4/8/5B2/6P1/PP4PP/4R2K b - - 0 26
onramp-roots,onramp-00pgi,onramp,51,0,True,19,0,1400,2024-01,2026-07,blitz+rapid+classical,0,0,0,0,0,0,,3r3k/p1pb1Qpp/1pnp4/8/5B2/6P1/PP4PP/4R2K b - - 0 26
onramp-roots,onramp-00pgi,onramp,51,0,True,19,0,1800,2024-01,2026-07,blitz+rapid+classical,0,0,0,0,0,0,,3r3k/p1pb1Qpp/1pnp4/8/5B2/6P1/PP4PP/4R2K b - - 0 26
onramp-roots,onramp-00puc,onramp,58,0,True,14,0,1000,2024-01,2026-07,blitz+rapid+classical,0,0,0,0,0,0,,7k/pp5p/3bn1p1/7n/8/8/PP3P2/5RNK w - - 0 30
onramp-roots,onramp-00puc,onramp,58,0,True,14,0,1400,2024-01,2026-07,blitz+rapid+classical,0,0,0,0,0,0,,7k/pp5p/3bn1p1/7n/8/8/PP3P2/5RNK w - - 0 30
onramp-roots,onramp-00puc,onramp,58,0,True,14,0,1800,2024-01,2026-07,blitz+rapid+classical,0,0,0,0,0,0,,7k/pp5p/3bn1p1/7n/8/8/PP3P2/5RNK w - - 0 30
sens-window,opening-principles-white,opening,0,0,True,32,20,1600,2013-01,2026-08,blitz+rapid+classical,1047876010,521221968,43660345,482993697,12,12,e4:655849795:324437480/26901524/304510791;d4:259657235:131169466/11167759/117320010;c4:33234015:16944803/1427108/14862104;Nf3:27559182:13962389/1204075/12392718;e3:15087549:7011667/607336/7468546;g3:12759193:6199670/577218/5982305;b3:11080219:5462346/463822/5154051;f4:10170838:5165982/395023/4609833;b4:5465337:2854419/216292/2394626;d3:5071672:2354580/217449/2499643;Nc3:3416935:1656188/144209/1616538;g4:3050261:1523089/107398/1419774,rnbqkbnr/pppppppp/8/8/8/8/PPPPPPPP/RNBQKBNR w KQkq - 0 1
sens-window,anti-scandinavian-white,opening,2,0,True,32,31,1600,2013-01,2026-08,blitz+rapid+classical,58800653,28538073,2512423,27750157,12,12,exd5:44112897:21650395/1947962/20514540;e5:7236691:3457577/276222/3502892;Nf3:3305293:1558271/124214/1622808;Nc3:1504870:718095/58602/728173;d4:931856:454887/33105/443864;d3:499282:214607/28102/256573;f4:288307:130755/9871/147681;f3:211909:89458/7781/114670;Qf3:198560:80513/8285/109762;Bc4:154397:37381/4327/112689;Bd3:85632:34938/3694/47000;c3:62104:26781/2411/32912,rnbqkbnr/ppp1pppp/8/3p4/4P3/8/PPPP1PPP/RNBQKBNR w KQkq - 0 2
sens-window,trajectory-qgd-exchange-minority,cross_phase,4,4,True,32,30,1600,2013-01,2026-08,blitz+rapid+classical,17193495,8849228,784059,7560208,12,12,Nc3:9880841:5143598/443557/4293686;Nf3:2639120:1372620/121815/1144685;e3:1609768:807683/79292/722793;cxd5:1506732:752953/70124/683655;a3:607016:303561/26732/276723;c5:357782:171652/15549/170581;Bf4:309694:154210/14373/141111;g3:179322:94919/8451/75952;e4:46640:22555/1811/22274;b3:13176:5818/602/6756;f3:8006:3602/265/4139;Nd2:5521:2766/208/2547,rnbqkbnr/ppp2ppp/4p3/3p4/2PP4/8/PP2PPPP/RNBQKBNR w KQkq - 0 3
sens-window,anti-italian-center-attack-black,opening,5,0,True,32,31,1600,2013-01,2026-08,blitz+rapid+classical,52807163,26735160,2116787,23955216,12,12,Bc5:18711625:9281660/763789/8666176;Nf6:14926225:7610731/560132/6755362;h6:7695941:4100457/334629/3260855;d6:3771548:1938953/164144/1668451;Nd4:2681445:1284045/103411/1293989;Be7:2273157:1090020/100443/1082694;f5:1217304:556982/36696/623626;Qf6:258427:132848/9954/115625;f6:246011:155985/8401/81625;a6:244559:138474/8510/97575;g6:155023:80347/5975/68701;Bb4:123583:67145/4239/52199,r1bqkbnr/pppp1ppp/2n5/4p3/2B1P3/5N2/PPPP1PPP/RNBQK2R b KQkq - 3 3
sens-window,anti-caro-advance-early-c5,opening,6,0,True,32,38,1600,2013-01,2026-08,blitz+rapid+classical,2085339,926599,87802,1070938,12,12,c3:1229190:543606/53116/632468;Nf3:355121:152815/14556/187750;dxc5:227294:107286/8586/111422;Bb5+:81535:36465/3634/41436;Be3:50606:21823/2214/26569;f4:49716:21440/1806/26470;c4:47460:23517/2231/21712;Nc3:12367:5733/477/6157;Bd3:8157:3779/313/4065;h3:5722:2486/224/3012;h4:3327:1486/100/1741;Ne2:3077:1356/121/1600,rnbqkbnr/pp2pppp/8/2ppP3/3P4/8/PPP2PPP/RNBQKBNR w KQkq - 0 4
sens-window,anti-caro-advance-early-c5,opening,7,1,False,32,29,1600,2013-01,2026-08,blitz+rapid+classical,472532,203542,19253,249737,12,8,Nc6:227624:96238/9308/122078;Bg4:132930:55712/5436/71782;cxd4:76045:34701/3033/38311;e6:17327:7952/728/8647;Bf5:10072:4747/404/4921;c4:4410:2242/190/1978;a6:2519:1150/98/1271;Qb6:535:276/14/245;Nd7:197:100/7/90;f6:179:86/4/89;h6:175:72/8/95;b6:136:75/7/54,rnbqkbnr/pp2pppp/8/2ppP3/3P4/5N2/PPP2PPP/RNBQKB1R b KQkq - 1 4
sens-window,anti-sicilian-najdorf-english-attack,opening,10,2,True,30,43,1600,2013-01,2026-08,blitz+rapid+classical,3715930,1748798,149432,1817700,12,12,Bg5:868471:404927/34097/429447;Be3:689190:337009/27091/325090;Bc4:581859:271707/22156/287996;Bd3:436062:195615/18368/222079;Be2:391193:186859/17202/187132;f3:228827:118108/8445/102274;a4:130017:59781/5603/64633;h3:81504:38699/3514/39291;f4:78377:37058/3054/38265;a3:58009:26146/2595/29268;g3:42463:20091/1987/20385;Nf3:38254:16924/2046/19284,rnbqkb1r/1p2pppp/p2p1n2/8/3NP3/2N5/PPP2PPP/R1BQKB1R w KQkq - 0 6
sens-window,anti-sicilian-najdorf-english-attack,opening,12,4,True,30,45,1600,2013-01,2026-08,blitz+rapid+classical,288399,138398,11968,138033,10,8,Nb3:173361:86865/6967/79529;Nf3:77906:35329/3633/38944;Nf5:25607:11577/1006/13024;Nde2:6267:3102/221/2944;f3:1891:550/49/1292;Be2:1095:316/29/750;Qd2:881:282/22/577;Bd3:561:146/21/394;Bc4:361:97/12/252;h3:114:33/0/81;b3:57:14/1/42;f4:38:12/1/25,rnbqkb1r/1p3ppp/p2p1n2/4p3/3NP3/2N1B3/PPP2PPP/R2QKB1R w KQkq - 0 7
sens-window,anti-london-black,opening,14,9,True,32,36,1600,2013-01,2026-08,blitz+rapid+classical,48067,23898,1928,22241,12,9,Bd3:27550:14109/1108/12333;Ne5:5814:2890/218/2706;Qc2:4396:2120/155/2121;Be2:3602:1691/177/1734;Bb5:2396:1164/109/1123;dxc5:966:426/34/506;Rc1:724:383/24/317;a3:526:262/21/243;b3:514:208/18/288;Bxd6:262:88/16/158;Qb3:230:108/6/116;Bh4:201:98/6/97,r1bq1rk1/pp3ppp/2nbpn2/2pp4/3P4/2P1PNB1/PP1N1PPP/R2QKB1R w KQ - 3 8
sens-window,anti-italian-center-attack-black,opening,15,10,True,28,28,1600,2013-01,2026-08,blitz+rapid+classical,278155,137825,15655,124675,12,8,O-O:121677:62688/6305/52684;d5:77543:33301/4955/39287;d6:63094:32792/3643/26659;Qe7:5791:3609/253/1929;Nxe4:5700:2775/310/2615;Na5:1496:886/78/532;h6:1311:689/57/565;Nxd4:472:368/18/86;a6:354:240/9/105;Kf8:160:100/10/50;Nb4:140:100/3/37;Ng4:132:86/4/42,r1bqk2r/pppp1ppp/2n2n2/8/2BPP3/5N2/PP1N1PPP/R2QK2R b KQkq - 0 8
sens-window,anti-kid-classical-white,opening,15,7,True,32,31,1600,2013-01,2026-08,blitz+rapid+classical,49121,23755,1726,23640,4,4,Ne7:45800:22045/1588/22167;Nd4:1393:708/70/615;Nb8:1140:555/40/545;Nb4:687:377/24/286;Na5:74:52/3/19;Bg4:8:5/0/3;Nd7:6:3/0/3;Bd7:3:1/1/1;Re8:2:2/0/0;a6:2:1/0/1;Ng4:1:1/0/0;Nxe4:1:1/0/0,r1bq1rk1/ppp2pbp/2np1np1/3Pp3/2P1P3/2N2N2/PP2BPPP/R1BQ1RK1 b - - 0 8
sens-window,trajectory-qgd-exchange-minority,cross_phase,17,17,True,30,27,1600,2013-01,2026-08,blitz+rapid+classical,6964,3510,346,3108,7,2,h6:2905:1496/165/1244;Re8:2712:1310/128/1274;g6:269:134/9/126;b6:248:123/13/112;b5:178:87/8/83;a6:139:73/7/59;Qc7:129:69/2/58;c5:72:37/3/32;a5:64:29/1/34;Nb6:54:32/2/20;Ne4:42:27/2/13;Bd6:37:19/0/18,r1bq1rk1/pp1nbppp/2p2n2/3p2B1/3P4/2NBP3/PPQ1NPPP/R3K2R b KQ - 5 9
sens-window,trajectory-caro-advance-chain-bishops,cross_phase,20,20,True,28,39,1600,2013-01,2026-08,blitz+rapid+classical,7558,3486,372,3700,12,6,Be3:2148:997/111/1040;Bg5:1555:671/84/800;a3:1012:534/40/438;g4:564:244/21/299;Nb5:542:237/31/274;Ne2:473:230/21/222;h3:200:96/9/95;Bf4:177:77/8/92;Bd2:170:87/5/78;Rd1:168:78/10/80;Re1:152:71/4/77;Qb5:129:56/17/56,r2qkb1r/pp3ppp/2n1p3/3pPn2/3P4/2NQ1N2/PP3PPP/R1B2RK1 w kq - 3 11
sens-window,anti-kid-classical-white,opening,20,12,True,32,32,1600,2013-01,2026-08,blitz+rapid+classical,832,437,32,363,2,1,Be3:578:299/20/259;g4:173:95/7/71;Nd3:52:27/3/22;b4:8:4/1/3;Bg5:5:4/0/1;Bd2:4:3/0/1;exf5:4:1/0/3;a4:3:1/1/1;Qc2:1:1/0/0;a3:1:1/0/0;Nc2:1:1/0/0;Bd3:1:0/0/1,r1bq1rk1/pppnn1bp/3p2p1/3Ppp2/2P1P3/2N2P2/PP2B1PP/R1BQNRK1 w - - 0 11
sens-window,carlsbad-minority-attack,middlegame,22,3,False,30,47,1600,2013-01,2026-08,blitz+rapid+classical,47,22,4,21,0,0,Bh4:34:15/2/17;Bxf6:12:7/2/3;Rad1:1:0/0/1,r1bqr1k1/pp2bppp/2p1nn2/3p2B1/3P4/2NBPP2/PPQ1N1PP/R4RK1 w - - 1 12
sens-window,trajectory-caro-advance-chain-bishops,cross_phase,26,26,True,26,36,1600,2013-01,2026-08,blitz+rapid+classical,26,8,1,17,0,0,a3:11:4/1/6;Be3:7:2/0/5;b3:5:1/0/4;g4:2:1/0/1;Bg5:1:0/0/1,r2q1rk1/pp2bppp/2n1p3/3pP3/3P4/3Q1NP1/PP3PP1/R1B2RK1 w - - 1 14
sens-window,carlsbad-minority-attack,middlegame,26,7,True,28,37,1600,2013-01,2026-08,blitz+rapid+classical,6,1,1,4,0,0,a4:5:1/1/3;Nd1:1:0/0/1,r1b1rnk1/1p2qppp/p1p5/3p4/1P1Pn3/2NBP3/P1Q1NPPP/1R3RK1 w - - 0 14
sens-window,trajectory-qgd-exchange-minority,cross_phase,26,26,True,27,38,1600,2013-01,2026-08,blitz+rapid+classical,1,1,0,0,0,0,Qxc3:1:1/0/0,r1b1rnk1/pp2qppp/2p5/3p4/1P1P4/2nBP3/P1Q1NPPP/1R3RK1 w - - 0 14
sens-window,trajectory-caro-advance-chain-bishops,cross_phase,30,30,True,26,38,1600,2013-01,2026-08,blitz+rapid+classical,0,0,0,0,0,0,,r4rk1/pp2bppp/1q2p3/n2pP3/3P4/3QBNP1/PP3PP1/1R3RK1 w - - 5 16
sens-window,trajectory-caro-advance-chain-bishops,cross_phase,34,34,True,25,33,1600,2013-01,2026-08,blitz+rapid+classical,0,0,0,0,0,0,,r1r3k1/pp2bppp/1q2p3/3pP3/3P4/1n1QB1P1/PP3PP1/1R3RK1 w - - 0 18
sens-window,trajectory-qgd-exchange-minority,cross_phase,33,33,True,25,31,1600,2013-01,2026-08,blitz+rapid+classical,0,0,0,0,0,0,,r1b1r1k1/1p3ppp/p1p1Nq2/3p4/PP1P4/2QBP3/5PPP/1R3RK1 b - - 0 17
sens-window,trajectory-caro-advance-chain-bishops,cross_phase,35,35,True,24,42,1600,2013-01,2026-08,blitz+rapid+classical,0,0,0,0,0,0,,r1r3k1/pp2bppp/1q2p3/3pP3/3P4/1Q2B1P1/PP3PP1/1R3RK1 b - - 0 18
sens-window,trajectory-caro-advance-chain-bishops,cross_phase,39,39,True,22,34,1600,2013-01,2026-08,blitz+rapid+classical,0,0,0,0,0,0,,r5k1/ppr1bppp/4p3/3pP3/3P4/1P2B1P1/1P3PP1/1RR3K1 b - - 2 20
sens-window,trajectory-qgd-exchange-minority,cross_phase,38,38,True,22,40,1600,2013-01,2026-08,blitz+rapid+classical,0,0,0,0,0,0,,r1b1r1k1/1p4p1/2p1pq1p/1P1p4/3P4/2QBP3/5PPP/1R3RK1 w - - 0 20
sens-window,trajectory-caro-advance-chain-bishops,cross_phase,40,40,True,22,21,1600,2013-01,2026-08,blitz+rapid+classical,0,0,0,0,0,0,,2r3k1/ppr1bppp/4p3/3pP3/3P4/1P2B1P1/1P3PP1/1RR3K1 w - - 3 21
sens-window,trajectory-caro-advance-chain-bishops,cross_phase,43,43,True,20,29,1600,2013-01,2026-08,blitz+rapid+classical,0,0,0,0,0,0,,6k1/ppr1bppp/4p3/3pP3/3P4/1P2B1P1/1P3PP1/2R3K1 b - - 1 22
sens-window,trajectory-qgd-exchange-minority,cross_phase,41,41,True,20,35,1600,2013-01,2026-08,blitz+rapid+classical,0,0,0,0,0,0,,r1b1r1k1/6p1/2p1pq1p/3p4/3P4/2QBP3/1R3PPP/5RK1 b - - 1 21
sens-window,trajectory-caro-advance-chain-bishops,cross_phase,45,45,True,18,21,1600,2013-01,2026-08,blitz+rapid+classical,0,0,0,0,0,0,,6k1/pp2bppp/4p3/3pP3/3P4/1P4P1/1P3PP1/2B3K1 b - - 0 23
sens-window,trajectory-qgd-exchange-minority,cross_phase,45,45,True,18,36,1600,2013-01,2026-08,blitz+rapid+classical,0,0,0,0,0,0,,4r1k1/6p1/r1p1pq1p/3p4/3P4/2Q1P3/1R3PPP/1R4K1 b - - 1 23
sens-window,trajectory-qgd-exchange-minority,cross_phase,53,53,True,15,12,1600,2013-01,2026-08,blitz+rapid+classical,0,0,0,0,0,0,,6k1/1R4p1/r1p1p2p/Q2p4/3P4/4P2P/5PP1/6K1 b - - 0 27
sens-speeds,opening-principles-white,opening,0,0,True,32,20,1600,2024-01,2026-07,ultraBullet+bullet+blitz+rapid+classical+correspondence,521654242,259844001,19003285,242806956,12,12,e4:308078409:152034524/11295968/144747917;d4:132498348:67003479/4925939/60568930;c4:16525286:8433954/607521/7483811;Nf3:15348591:7844702/565958/6937931;e3:10389972:5052571/323219/5014182;g3:9045337:4558351/326326/4160660;b3:8573615:4327903/279961/3965751;f4:5720340:2910112/186437/2623791;d3:4848576:2359666/154573/2334337;b4:2551555:1343284/87868/1120403;Nc3:2471313:1235425/76606/1159282;g4:1784815:910060/52855/821900,rnbqkbnr/pppppppp/8/8/8/8/PPPPPPPP/RNBQKBNR w KQkq - 0 1
sens-speeds,anti-scandinavian-white,opening,2,0,True,32,31,1600,2024-01,2026-07,ultraBullet+bullet+blitz+rapid+classical+correspondence,35487637,17120601,1306665,17060371,12,12,exd5:25006822:12058966/970707/11977149;e5:3423311:1673701/115832/1633778;Nf3:2784664:1327182/85673/1371809;Nc3:1701757:855897/50065/795795;d4:909222:451195/26016/432011;d3:573876:277316/26381/270179;f4:293086:139102/8126/145858;Bc4:194040:63830/5242/124968;Qf3:188320:84157/5861/98302;f3:132329:62372/4090/65867;c3:74312:35901/2079/36332;Bd3:43913:19584/1503/22826,rnbqkbnr/ppp1pppp/8/3p4/4P3/8/PPPP1PPP/RNBQKBNR w KQkq - 0 2
sens-speeds,trajectory-qgd-exchange-minority,cross_phase,4,4,True,32,30,1600,2024-01,2026-07,ultraBullet+bullet+blitz+rapid+classical+correspondence,7764802,4015748,307505,3441549,12,12,Nc3:4544975:2362843/175252/2006880;Nf3:1172942:613476/47770/511696;e3:742753:379972/31117/331664;cxd5:725498:368047/29187/328264;a3:205294:103448/8870/92976;c5:130251:64188/5196/60867;Bf4:111865:56269/4743/50853;g3:85525:45454/3741/36330;e4:22775:11317/781/10677;b3:4333:1932/192/2209;f3:3755:1720/121/1914;Nd2:2638:1316/94/1228,rnbqkbnr/ppp2ppp/4p3/3p4/2PP4/8/PP2PPPP/RNBQKBNR w KQkq - 0 3
sens-speeds,anti-italian-center-attack-black,opening,5,0,True,32,31,1600,2024-01,2026-07,ultraBullet+bullet+blitz+rapid+classical+correspondence,20224980,10150220,760252,9314508,12,12,Bc5:7064000:3517442/267029/3279529;Nf6:6124371:3091217/215059/2818095;h6:2384492:1251576/102659/1030257;d6:1642735:828519/66841/747375;Be7:837483:404800/36150/396533;f5:828545:376470/23777/428298;Nd4:797631:384827/30702/382102;Qf6:108058:52473/3800/51785;f6:78860:47778/2561/28521;a6:65184:35696/2230/27258;g6:57554:29283/2086/26185;Bb4:51187:27127/1644/22416,r1bqkbnr/pppp1ppp/2n5/4p3/2B1P3/5N2/PPPP1PPP/RNBQK2R b KQkq - 3 3
sens-speeds,anti-caro-advance-early-c5,opening,6,0,True,32,38,1600,2024-01,2026-07,ultraBullet+bullet+blitz+rapid+classical+correspondence,1274915,573739,49283,651893,12,12,c3:729539:324906/29303/375330;Nf3:217719:95220/8264/114235;dxc5:141928:68550/4869/68509;Bb5+:47552:21542/2030/23980;f4:44296:19626/1304/23366;c4:31627:15955/1285/14387;Be3:27503:12059/1162/14282;Nc3:9563:4477/309/4777;Bd3:8422:4033/217/4172;h4:3545:1617/109/1819;h3:3371:1468/118/1785;Ne2:1744:786/56/902,rnbqkbnr/pp2pppp/8/2ppP3/3P4/8/PPP2PPP/RNBQKBNR w KQkq - 0 4
sens-speeds,anti-caro-advance-early-c5,opening,7,1,False,32,29,1600,2024-01,2026-07,ultraBullet+bullet+blitz+rapid+classical+correspondence,299213,131407,11088,156718,10,7,Nc6:162993:70700/5976/86317;Bg4:72513:31143/2834/38536;cxd4:45342:20711/1622/23009;e6:9231:4398/345/4488;Bf5:4470:2133/140/2197;c4:2340:1176/80/1084;a6:1424:670/60/694;Qb6:249:129/9/111;Qa5+:201:113/4/84;Nd7:106:54/5/47;f6:81:39/4/38;h6:68:30/3/35,rnbqkbnr/pp2pppp/8/2ppP3/3P4/5N2/PPP2PPP/RNBQKB1R b KQkq - 1 4
sens-speeds,anti-sicilian-najdorf-english-attack,opening,10,2,True,30,43,1600,2024-01,2026-07,ultraBullet+bullet+blitz+rapid+classical+correspondence,1123087,525958,39970,557159,12,12,Bg5:257992:119125/8915/129952;Be3:209369:101419/7021/100929;Bc4:156084:72695/5345/78044;Bd3:147391:66350/5636/75405;Be2:111754:52913/4334/54507;f3:78081:39985/2527/35569;a4:40165:18470/1549/20146;h3:23296:11019/925/11352;f4:19487:9268/677/9542;a3:18512:8195/784/9533;Nf3:16920:7809/745/8366;g3:10874:5026/439/5409,rnbqkb1r/1p2pppp/p2p1n2/8/3NP3/2N5/PPP2PPP/R1BQKB1R w KQkq - 0 6
sens-speeds,anti-sicilian-najdorf-english-attack,opening,12,4,True,30,45,1600,2024-01,2026-07,ultraBullet+bullet+blitz+rapid+classical+correspondence,93480,44754,3273,45453,9,8,Nb3:53433:26664/1835/24934;Nf3:25828:11923/1018/12887;Nf5:8573:3837/287/4449;Nde2:1994:995/52/947;f3:1289:489/30/770;Be2:713:250/17/446;Qd2:662:254/9/399;Bd3:601:201/19/381;Bc4:166:69/2/95;h3:57:12/0/45;Qd3:26:6/3/17;a4:24:9/0/15,rnbqkb1r/1p3ppp/p2p1n2/4p3/3NP3/2N1B3/PPP2PPP/R2QKB1R w KQkq - 0 7
sens-speeds,anti-london-black,opening,14,9,True,32,36,1600,2024-01,2026-07,ultraBullet+bullet+blitz+rapid+classical+correspondence,20016,10338,728,8950,12,6,Bd3:10875:5778/414/4683;Ne5:2261:1193/69/999;Qc2:2055:1021/66/968;Be2:1691:842/78/771;Bb5:1151:574/37/540;dxc5:478:235/14/229;Rc1:309:147/8/154;a3:284:140/9/135;b3:202:98/2/102;Bxd6:141:47/7/87;a4:116:64/6/46;Qb3:100:39/6/55,r1bq1rk1/pp3ppp/2nbpn2/2pp4/3P4/2P1PNB1/PP1N1PPP/R2QKB1R w KQ - 3 8
sens-speeds,anti-italian-center-attack-black,opening,15,10,True,28,28,1600,2024-01,2026-07,ultraBullet+bullet+blitz+rapid+classical+correspondence,91125,45445,4626,41054,10,7,O-O:38538:19859/1828/16851;d5:24382:10624/1375/12383;d6:22785:11910/1183/9692;Nxe4:2103:1019/105/979;Qe7:1885:1157/84/644;h6:473:267/20/186;Na5:399:228/21/150;Nxd4:150:120/1/29;a6:106:68/0/38;Ng4:103:63/4/36;Ne7:59:36/1/22;Kf8:56:35/3/18,r1bqk2r/pppp1ppp/2n2n2/8/2BPP3/5N2/PP1N1PPP/R2QK2R b KQkq - 0 8
sens-speeds,anti-kid-classical-white,opening,15,7,True,32,31,1600,2024-01,2026-07,ultraBullet+bullet+blitz+rapid+classical+correspondence,15626,7547,480,7599,4,3,Ne7:14402:6944/423/7035;Nd4:599:289/29/281;Nb8:405:195/17/193;Nb4:202:107/11/84;Na5:16:12/0/4;Bg4:1:0/0/1;Nd7:1:0/0/1,r1bq1rk1/ppp2pbp/2np1np1/3Pp3/2P1P3/2N2N2/PP2BPPP/R1BQ1RK1 b - - 0 8
sens-speeds,trajectory-qgd-exchange-minority,cross_phase,17,17,True,30,27,1600,2024-01,2026-07,ultraBullet+bullet+blitz+rapid+classical+correspondence,2540,1261,123,1156,3,2,h6:1032:524/66/442;Re8:1002:487/39/476;g6:109:41/4/64;b5:89:49/3/37;b6:72:31/3/38;a6:60:33/1/26;Qc7:34:19/0/15;c5:28:15/1/12;Nb6:25:15/2/8;a5:25:10/1/14;Bb4:10:5/0/5;Qb6:10:4/1/5,r1bq1rk1/pp1nbppp/2p2n2/3p2B1/3P4/2NBP3/PPQ1NPPP/R3K2R b KQ - 5 9
sens-speeds,trajectory-caro-advance-chain-bishops,cross_phase,20,20,True,28,39,1600,2024-01,2026-07,ultraBullet+bullet+blitz+rapid+classical+correspondence,4253,1974,165,2114,8,3,Be3:1308:625/43/640;Bg5:830:365/35/430;a3:554:270/19/265;g4:359:149/9/201;Nb5:275:123/15/137;Ne2:271:130/14/127;Bf4:108:52/5/51;Rd1:103:54/6/43;h3:96:49/4/43;Re1:89:40/0/49;Bd2:79:37/4/38;Qb5:57:29/7/21,r2qkb1r/pp3ppp/2n1p3/3pPn2/3P4/2NQ1N2/PP3PPP/R1B2RK1 w kq - 3 11
sens-speeds,anti-kid-classical-white,opening,20,12,True,32,32,1600,2024-01,2026-07,ultraBullet+bullet+blitz+rapid+classical+correspondence,185,88,8,89,1,0,Be3:121:52/5/64;g4:46:25/1/20;Nd3:13:8/1/4;b4:1:0/1/0;a4:1:1/0/0;exf5:1:0/0/1;a3:1:1/0/0;Bd2:1:1/0/0,r1bq1rk1/pppnn1bp/3p2p1/3Ppp2/2P1P3/2N2P2/PP2B1PP/R1BQNRK1 w - - 0 11
sens-speeds,carlsbad-minority-attack,middlegame,22,3,False,30,47,1600,2024-01,2026-07,ultraBullet+bullet+blitz+rapid+classical+correspondence,17,7,0,10,0,0,Bh4:16:6/0/10;Bxf6:1:1/0/0,r1bqr1k1/pp2bppp/2p1nn2/3p2B1/3P4/2NBPP2/PPQ1N1PP/R4RK1 w - - 1 12
sens-speeds,trajectory-caro-advance-chain-bishops,cross_phase,26,26,True,26,36,1600,2024-01,2026-07,ultraBullet+bullet+blitz+rapid+classical+correspondence,8,3,0,5,0,0,Be3:3:2/0/1;a3:2:0/0/2;b3:2:1/0/1;Bg5:1:0/0/1,r2q1rk1/pp2bppp/2n1p3/3pP3/3P4/3Q1NP1/PP3PP1/R1B2RK1 w - - 1 14
sens-speeds,carlsbad-minority-attack,middlegame,26,7,True,28,37,1600,2024-01,2026-07,ultraBullet+bullet+blitz+rapid+classical+correspondence,2,1,1,0,0,0,a4:2:1/1/0,r1b1rnk1/1p2qppp/p1p5/3p4/1P1Pn3/2NBP3/P1Q1NPPP/1R3RK1 w - - 0 14
sens-speeds,trajectory-qgd-exchange-minority,cross_phase,26,26,True,27,38,1600,2024-01,2026-07,ultraBullet+bullet+blitz+rapid+classical+correspondence,0,0,0,0,0,0,,r1b1rnk1/pp2qppp/2p5/3p4/1P1P4/2nBP3/P1Q1NPPP/1R3RK1 w - - 0 14
sens-speeds,trajectory-caro-advance-chain-bishops,cross_phase,30,30,True,26,38,1600,2024-01,2026-07,ultraBullet+bullet+blitz+rapid+classical+correspondence,0,0,0,0,0,0,,r4rk1/pp2bppp/1q2p3/n2pP3/3P4/3QBNP1/PP3PP1/1R3RK1 w - - 5 16
sens-speeds,trajectory-caro-advance-chain-bishops,cross_phase,34,34,True,25,33,1600,2024-01,2026-07,ultraBullet+bullet+blitz+rapid+classical+correspondence,0,0,0,0,0,0,,r1r3k1/pp2bppp/1q2p3/3pP3/3P4/1n1QB1P1/PP3PP1/1R3RK1 w - - 0 18
sens-speeds,trajectory-qgd-exchange-minority,cross_phase,33,33,True,25,31,1600,2024-01,2026-07,ultraBullet+bullet+blitz+rapid+classical+correspondence,0,0,0,0,0,0,,r1b1r1k1/1p3ppp/p1p1Nq2/3p4/PP1P4/2QBP3/5PPP/1R3RK1 b - - 0 17
sens-speeds,trajectory-caro-advance-chain-bishops,cross_phase,35,35,True,24,42,1600,2024-01,2026-07,ultraBullet+bullet+blitz+rapid+classical+correspondence,0,0,0,0,0,0,,r1r3k1/pp2bppp/1q2p3/3pP3/3P4/1Q2B1P1/PP3PP1/1R3RK1 b - - 0 18
sens-speeds,trajectory-caro-advance-chain-bishops,cross_phase,39,39,True,22,34,1600,2024-01,2026-07,ultraBullet+bullet+blitz+rapid+classical+correspondence,0,0,0,0,0,0,,r5k1/ppr1bppp/4p3/3pP3/3P4/1P2B1P1/1P3PP1/1RR3K1 b - - 2 20
sens-speeds,trajectory-qgd-exchange-minority,cross_phase,38,38,True,22,40,1600,2024-01,2026-07,ultraBullet+bullet+blitz+rapid+classical+correspondence,0,0,0,0,0,0,,r1b1r1k1/1p4p1/2p1pq1p/1P1p4/3P4/2QBP3/5PPP/1R3RK1 w - - 0 20
sens-speeds,trajectory-caro-advance-chain-bishops,cross_phase,40,40,True,22,21,1600,2024-01,2026-07,ultraBullet+bullet+blitz+rapid+classical+correspondence,0,0,0,0,0,0,,2r3k1/ppr1bppp/4p3/3pP3/3P4/1P2B1P1/1P3PP1/1RR3K1 w - - 3 21
sens-speeds,trajectory-caro-advance-chain-bishops,cross_phase,43,43,True,20,29,1600,2024-01,2026-07,ultraBullet+bullet+blitz+rapid+classical+correspondence,0,0,0,0,0,0,,6k1/ppr1bppp/4p3/3pP3/3P4/1P2B1P1/1P3PP1/2R3K1 b - - 1 22
sens-speeds,trajectory-qgd-exchange-minority,cross_phase,41,41,True,20,35,1600,2024-01,2026-07,ultraBullet+bullet+blitz+rapid+classical+correspondence,0,0,0,0,0,0,,r1b1r1k1/6p1/2p1pq1p/3p4/3P4/2QBP3/1R3PPP/5RK1 b - - 1 21
sens-speeds,trajectory-caro-advance-chain-bishops,cross_phase,45,45,True,18,21,1600,2024-01,2026-07,ultraBullet+bullet+blitz+rapid+classical+correspondence,0,0,0,0,0,0,,6k1/pp2bppp/4p3/3pP3/3P4/1P4P1/1P3PP1/2B3K1 b - - 0 23
sens-speeds,trajectory-qgd-exchange-minority,cross_phase,45,45,True,18,36,1600,2024-01,2026-07,ultraBullet+bullet+blitz+rapid+classical+correspondence,0,0,0,0,0,0,,4r1k1/6p1/r1p1pq1p/3p4/3P4/2Q1P3/1R3PPP/1R4K1 b - - 1 23
sens-speeds,trajectory-qgd-exchange-minority,cross_phase,53,53,True,15,12,1600,2024-01,2026-07,ultraBullet+bullet+blitz+rapid+classical+correspondence,0,0,0,0,0,0,,6k1/1R4p1/r1p1p2p/Q2p4/3P4/4P2P/5PP1/6K1 b - - 0 27
sens-bandwidth,opening-principles-white,opening,0,0,True,32,20,1400+1600+1800,2024-01,2026-07,blitz+rapid+classical,945381618,469390385,40452775,435538458,12,12,e4:585218283:288746434/24565056/271906793;d4:238180331:119954927/10563721/107661683;c4:29936940:15239152/1336826/13360962;Nf3:26618610:13490896/1212002/11915712;e3:13288262:6297565/540785/6449912;g3:11279596:5528989/520994/5229613;b3:10473772:5205115/448625/4820032;f4:9648283:4839150/399741/4409392;d3:4875664:2292944/212304/2370416;b4:4517925:2350312/186613/1981000;Nc3:3244729:1589107/138799/1516823;g4:3004837:1503077/108705/1393055,rnbqkbnr/pppppppp/8/8/8/8/PPPPPPPP/RNBQKBNR w KQkq - 0 1
sens-bandwidth,anti-scandinavian-white,opening,2,0,True,32,31,1400+1600+1800,2024-01,2026-07,blitz+rapid+classical,56816495,27540700,2469591,26806204,12,12,exd5:42045742:20521867/1893966/19629909;e5:6964061:3377271/269832/3316958;Nf3:3224202:1512855/121615/1589732;Nc3:1777168:863853/71091/842224;d4:1094309:536754/39177/518378;d3:534655:240853/30253/263549;f4:255376:116297/8838/130241;f3:211093:92814/8125/110154;Qf3:210345:89838/8782/111725;Bc4:139689:34501/3834/101354;Bd3:77123:33355/3343/40425;c3:66867:30242/2472/34153,rnbqkbnr/ppp1pppp/8/3p4/4P3/8/PPPP1PPP/RNBQKBNR w KQkq - 0 2
sens-bandwidth,trajectory-qgd-exchange-minority,cross_phase,4,4,True,32,30,1400+1600+1800,2024-01,2026-07,blitz+rapid+classical,14136158,7232002,678537,6225619,12,12,Nc3:8221642:4230728/389902/3601012;Nf3:2246912:1163534/110571/972807;cxd5:1252837:628017/60242/564578;e3:1209435:606837/62419/540179;a3:460888:231818/20981/208089;c5:269254:131755/11666/125833;Bf4:214607:107373/10168/97066;g3:180938:94730/9274/76934;e4:37495:18253/1464/17778;b3:8767:3807/389/4571;Nd2:5922:2884/270/2768;f3:5921:2607/241/3073,rnbqkbnr/ppp2ppp/4p3/3p4/2PP4/8/PP2PPPP/RNBQKBNR w KQkq - 0 3
sens-bandwidth,anti-italian-center-attack-black,opening,5,0,True,32,31,1400+1600+1800,2024-01,2026-07,blitz+rapid+classical,45219469,22666128,1818985,20734356,12,12,Bc5:15474920:7652525/632788/7189607;Nf6:13501679:6813696/515349/6172634;h6:6191925:3228531/268840/2694554;d6:3181628:1616160/139843/1425625;Nd4:1905779:911836/74328/919615;Be7:1870751:900700/86671/883380;f5:1765795:807668/53971/904156;f6:235853:143178/8425/84250;Qf6:227049:113139/8833/105077;a6:184950:100857/6536/77557;g6:133221:67858/5242/60121;Bb4:113709:61388/3823/48498,r1bqkbnr/pppp1ppp/2n5/4p3/2B1P3/5N2/PPPP1PPP/RNBQK2R b KQkq - 3 3
sens-bandwidth,anti-caro-advance-early-c5,opening,6,0,True,32,38,1400+1600+1800,2024-01,2026-07,blitz+rapid+classical,2840077,1279725,120502,1439850,12,12,c3:1634838:728628/71832/834378;Nf3:485800:213435/19573/252792;dxc5:349073:169712/13598/165763;Bb5+:110588:50074/5078/55436;f4:68266:29226/2510/36530;Be3:66317:29202/2784/34331;c4:63856:31841/2867/29148;Nc3:16532:7758/625/8149;Bd3:11970:5546/457/5967;h3:8308:3775/296/4237;h4:4204:1842/162/2200;Ne2:3893:1797/136/1960,rnbqkbnr/pp2pppp/8/2ppP3/3P4/8/PPP2PPP/RNBQKBNR w KQkq - 0 4
sens-bandwidth,anti-caro-advance-early-c5,opening,7,1,False,32,29,1400+1600+1800,2024-01,2026-07,blitz+rapid+classical,632626,277680,25484,329462,12,8,Nc6:322879:140030/13098/169751;Bg4:180513:77259/7228/96026;cxd4:91540:42408/3670/45462;e6:17678:8306/669/8703;Bf5:10261:4892/427/4942;c4:4283:2147/171/1965;a6:3767:1734/155/1878;Qb6:515:271/27/217;Nd7:281:146/8/127;f6:188:84/4/100;b6:153:92/7/54;Qa5+:148:83/4/61,rnbqkbnr/pp2pppp/8/2ppP3/3P4/5N2/PPP2PPP/RNBQKB1R b KQkq - 1 4
sens-bandwidth,anti-sicilian-najdorf-english-attack,opening,10,2,True,30,43,1400+1600+1800,2024-01,2026-07,blitz+rapid+classical,2589297,1220545,109150,1259602,12,12,Bg5:556899:261992/22254/272653;Be3:475944:230622/19572/225750;Bc4:372175:174889/14887/182399;Bd3:306101:137070/13631/155400;Be2:296354:139908/13809/142637;f3:206835:104982/8206/93647;a4:103356:47248/4882/51226;h3:66478:31970/2995/31513;f4:44625:21512/1772/21341;a3:41956:18541/2027/21388;g3:27930:13033/1324/13573;Nf3:23615:10525/1368/11722,rnbqkb1r/1p2pppp/p2p1n2/8/3NP3/2N5/PPP2PPP/R1BQKB1R w KQkq - 0 6
sens-bandwidth,anti-sicilian-najdorf-english-attack,opening,12,4,True,30,45,1400+1600+1800,2024-01,2026-07,blitz+rapid+classical,221010,105478,9495,106037,9,8,Nb3:140281:69423/5856/65002;Nf3:55077:25030/2671/27376;Nf5:16590:7393/669/8528;Nde2:5138:2512/200/2426;f3:1555:436/33/1086;Be2:752:240/14/498;Qd2:639:206/19/414;Bd3:479:108/17/354;Bc4:196:54/7/135;h3:90:25/3/62;b3:38:8/3/27;a3:33:7/1/25,rnbqkb1r/1p3ppp/p2p1n2/4p3/3NP3/2N1B3/PPP2PPP/R2QKB1R w KQkq - 0 7
sens-bandwidth,anti-london-black,opening,14,9,True,32,36,1400+1600+1800,2024-01,2026-07,blitz+rapid+classical,48572,24888,2376,21308,12,8,Bd3:29212:15337/1467/12408;Ne5:5823:2993/275/2555;Be2:4044:1911/249/1884;Qc2:3142:1493/117/1532;Bb5:2418:1257/112/1049;dxc5:869:414/33/422;Rc1:799:403/36/360;a3:550:270/22/258;b3:311:158/7/146;a4:311:169/14/128;Bxd6:215:84/12/119;Qb3:194:91/8/95,r1bq1rk1/pp3ppp/2nbpn2/2pp4/3P4/2P1PNB1/PP1N1PPP/R2QKB1R w KQ - 3 8
sens-bandwidth,anti-italian-center-attack-black,opening,15,10,True,28,28,1400+1600+1800,2024-01,2026-07,blitz+rapid+classical,187322,92411,10552,84359,10,7,O-O:77210:39766/3990/33454;d5:55286:23777/3569/27940;d6:43451:22498/2464/18489;Nxe4:4303:2042/226/2035;Qe7:4156:2546/183/1427;h6:998:549/51/398;Na5:893:505/44/344;Nxd4:342:265/6/71;a6:220:143/3/74;Nb4:105:73/7/25;Ng4:98:67/1/30;Kf8:88:57/6/25,r1bqk2r/pppp1ppp/2n2n2/8/2BPP3/5N2/PP1N1PPP/R2QK2R b KQkq - 0 8
sens-bandwidth,anti-kid-classical-white,opening,15,7,True,32,31,1400+1600+1800,2024-01,2026-07,blitz+rapid+classical,52633,25770,2035,24828,4,4,Ne7:49452:24174/1877/23401;Nd4:1427:720/73/634;Nb8:1178:571/53/554;Nb4:492:243/30/219;Na5:64:49/2/13;Bg4:6:3/0/3;Nd7:4:2/0/2;Ne8:3:2/0/1;a6:2:1/0/1;Ng4:1:1/0/0;Nxe4:1:1/0/0;Nh5:1:1/0/0,r1bq1rk1/ppp2pbp/2np1np1/3Pp3/2P1P3/2N2N2/PP2BPPP/R1BQ1RK1 b - - 0 8
sens-bandwidth,trajectory-qgd-exchange-minority,cross_phase,17,17,True,30,27,1400+1600+1800,2024-01,2026-07,blitz+rapid+classical,8762,4520,457,3785,6,2,Re8:4170:2070/211/1889;h6:3430:1814/196/1420;g6:253:133/12/108;b6:206:103/6/97;b5:159:96/7/56;a6:115:51/4/60;a5:82:49/3/30;Qc7:71:40/2/29;c5:69:41/5/23;Nb6:52:32/2/18;Ne4:26:15/1/10;Qb6:25:17/3/5,r1bq1rk1/pp1nbppp/2p2n2/3p2B1/3P4/2NBP3/PPQ1NPPP/R3K2R b KQ - 5 9
sens-bandwidth,trajectory-caro-advance-chain-bishops,cross_phase,20,20,True,28,39,1400+1600+1800,2024-01,2026-07,blitz+rapid+classical,8145,3721,401,4023,12,6,Be3:2419:1135/121/1163;Bg5:1524:656/66/802;a3:1220:615/60/545;g4:682:284/23/375;Ne2:505:219/28/258;Nb5:451:189/26/236;Rd1:251:117/14/120;h3:197:96/13/88;Re1:164:73/4/87;Bd2:153:82/7/64;Bf4:151:63/9/79;Qb5:145:57/13/75,r2qkb1r/pp3ppp/2n1p3/3pPn2/3P4/2NQ1N2/PP3PPP/R1B2RK1 w kq - 3 11
sens-bandwidth,anti-kid-classical-white,opening,20,12,True,32,32,1400+1600+1800,2024-01,2026-07,blitz+rapid+classical,886,470,36,380,2,1,Be3:579:302/18/259;g4:244:140/13/91;Nd3:43:20/3/20;b4:7:1/2/4;Bg5:3:2/0/1;a4:3:2/0/1;Bd2:2:2/0/0;exf5:2:0/0/2;a3:1:1/0/0;Qc2:1:0/0/1;Rb1:1:0/0/1,r1bq1rk1/pppnn1bp/3p2p1/3Ppp2/2P1P3/2N2P2/PP2B1PP/R1BQNRK1 w - - 0 11
sens-bandwidth,carlsbad-minority-attack,middlegame,22,3,False,30,47,1400+1600+1800,2024-01,2026-07,blitz+rapid+classical,71,31,3,37,0,0,Bh4:52:19/2/31;Bxf6:17:12/1/4;e4:1:0/0/1;Rad1:1:0/0/1,r1bqr1k1/pp2bppp/2p1nn2/3p2B1/3P4/2NBPP2/PPQ1N1PP/R4RK1 w - - 1 12
sens-bandwidth,trajectory-caro-advance-chain-bishops,cross_phase,26,26,True,26,36,1400+1600+1800,2024-01,2026-07,blitz+rapid+classical,24,7,0,17,0,0,a3:7:1/0/6;Be3:7:2/0/5;Bd2:3:2/0/1;Kh2:2:0/0/2;b3:2:1/0/1;Bg5:1:0/0/1;g4:1:0/0/1;Bf4:1:1/0/0,r2q1rk1/pp2bppp/2n1p3/3pP3/3P4/3Q1NP1/PP3PP1/R1B2RK1 w - - 1 14
sens-bandwidth,carlsbad-minority-attack,middlegame,26,7,True,28,37,1400+1600+1800,2024-01,2026-07,blitz+rapid+classical,10,4,2,4,0,0,a4:10:4/2/4,r1b1rnk1/1p2qppp/p1p5/3p4/1P1Pn3/2NBP3/P1Q1NPPP/1R3RK1 w - - 0 14
sens-bandwidth,trajectory-qgd-exchange-minority,cross_phase,26,26,True,27,38,1400+1600+1800,2024-01,2026-07,blitz+rapid+classical,0,0,0,0,0,0,,r1b1rnk1/pp2qppp/2p5/3p4/1P1P4/2nBP3/P1Q1NPPP/1R3RK1 w - - 0 14
sens-bandwidth,trajectory-caro-advance-chain-bishops,cross_phase,30,30,True,26,38,1400+1600+1800,2024-01,2026-07,blitz+rapid+classical,0,0,0,0,0,0,,r4rk1/pp2bppp/1q2p3/n2pP3/3P4/3QBNP1/PP3PP1/1R3RK1 w - - 5 16
sens-bandwidth,trajectory-caro-advance-chain-bishops,cross_phase,34,34,True,25,33,1400+1600+1800,2024-01,2026-07,blitz+rapid+classical,0,0,0,0,0,0,,r1r3k1/pp2bppp/1q2p3/3pP3/3P4/1n1QB1P1/PP3PP1/1R3RK1 w - - 0 18
sens-bandwidth,trajectory-qgd-exchange-minority,cross_phase,33,33,True,25,31,1400+1600+1800,2024-01,2026-07,blitz+rapid+classical,0,0,0,0,0,0,,r1b1r1k1/1p3ppp/p1p1Nq2/3p4/PP1P4/2QBP3/5PPP/1R3RK1 b - - 0 17
sens-bandwidth,trajectory-caro-advance-chain-bishops,cross_phase,35,35,True,24,42,1400+1600+1800,2024-01,2026-07,blitz+rapid+classical,0,0,0,0,0,0,,r1r3k1/pp2bppp/1q2p3/3pP3/3P4/1Q2B1P1/PP3PP1/1R3RK1 b - - 0 18
sens-bandwidth,trajectory-caro-advance-chain-bishops,cross_phase,39,39,True,22,34,1400+1600+1800,2024-01,2026-07,blitz+rapid+classical,0,0,0,0,0,0,,r5k1/ppr1bppp/4p3/3pP3/3P4/1P2B1P1/1P3PP1/1RR3K1 b - - 2 20
sens-bandwidth,trajectory-qgd-exchange-minority,cross_phase,38,38,True,22,40,1400+1600+1800,2024-01,2026-07,blitz+rapid+classical,0,0,0,0,0,0,,r1b1r1k1/1p4p1/2p1pq1p/1P1p4/3P4/2QBP3/5PPP/1R3RK1 w - - 0 20
sens-bandwidth,trajectory-caro-advance-chain-bishops,cross_phase,40,40,True,22,21,1400+1600+1800,2024-01,2026-07,blitz+rapid+classical,0,0,0,0,0,0,,2r3k1/ppr1bppp/4p3/3pP3/3P4/1P2B1P1/1P3PP1/1RR3K1 w - - 3 21
sens-bandwidth,trajectory-caro-advance-chain-bishops,cross_phase,43,43,True,20,29,1400+1600+1800,2024-01,2026-07,blitz+rapid+classical,0,0,0,0,0,0,,6k1/ppr1bppp/4p3/3pP3/3P4/1P2B1P1/1P3PP1/2R3K1 b - - 1 22
sens-bandwidth,trajectory-qgd-exchange-minority,cross_phase,41,41,True,20,35,1400+1600+1800,2024-01,2026-07,blitz+rapid+classical,0,0,0,0,0,0,,r1b1r1k1/6p1/2p1pq1p/3p4/3P4/2QBP3/1R3PPP/5RK1 b - - 1 21
sens-bandwidth,trajectory-caro-advance-chain-bishops,cross_phase,45,45,True,18,21,1400+1600+1800,2024-01,2026-07,blitz+rapid+classical,0,0,0,0,0,0,,6k1/pp2bppp/4p3/3pP3/3P4/1P4P1/1P3PP1/2B3K1 b - - 0 23
sens-bandwidth,trajectory-qgd-exchange-minority,cross_phase,45,45,True,18,36,1400+1600+1800,2024-01,2026-07,blitz+rapid+classical,0,0,0,0,0,0,,4r1k1/6p1/r1p1pq1p/3p4/3P4/2Q1P3/1R3PPP/1R4K1 b - - 1 23
sens-bandwidth,trajectory-qgd-exchange-minority,cross_phase,53,53,True,15,12,1400+1600+1800,2024-01,2026-07,blitz+rapid+classical,0,0,0,0,0,0,,6k1/1R4p1/r1p1p2p/Q2p4/3P4/4P2P/5PP1/6K1 b - - 0 27
sens-ceiling,opening-principles-white,opening,0,0,True,32,20,0+1000+1200+1400+1600+1800+2000+2200+2500,2013-01,2026-08,ultraBullet+bullet+blitz+rapid+classical+correspondence,7826583590,3896245469,305909092,3624429029,12,12,e4:4581682587:2268023789/175614122/2138044676;d4:1962650842:990093357/79602720/892954765;Nf3:278148186:142046257/12100654/124001275;c4:253658764:128781861/10559174/114317729;e3:172117256:82126721/6026822/83963713;g3:134652842:67573952/5277798/61801092;b3:123286155:62177909/4555285/56552961;f4:73842228:36634088/2781531/34426609;d3:73587370:35347887/2686886/35552597;Nc3:47962995:23682778/1790125/22490092;b4:33239669:17104356/1238252/14897061;c3:25227709:12259966/895078/12072665,rnbqkbnr/pppppppp/8/8/8/8/PPPPPPPP/RNBQKBNR w KQkq - 0 1
sens-ceiling,anti-scandinavian-white,opening,2,0,True,32,31,0+1000+1200+1400+1600+1800+2000+2200+2500,2013-01,2026-08,ultraBullet+bullet+blitz+rapid+classical+correspondence,489513782,238620727,18715684,232177371,12,12,exd5:315586964:155840911/12570405/147175648;e5:52895471:26235051/1808007/24852413;Nf3:40168065:18870824/1268212/20029029;Nc3:31441151:15244333/1167171/15029647;d4:13239004:6464988/441904/6332112;d3:12173850:5590665/623804/5959381;f3:4909405:2212168/195198/2502039;Qf3:4706925:2114834/159756/2432335;f4:3275394:1516249/95249/1663896;Bc4:3197573:1150342/86174/1961057;Qh5:1735359:708917/68229/958213;Bd3:1469169:654725/57796/756648,rnbqkbnr/ppp1pppp/8/3p4/4P3/8/PPPP1PPP/RNBQKBNR w KQkq - 0 2
sens-ceiling,trajectory-qgd-exchange-minority,cross_phase,4,4,True,32,30,0+1000+1200+1400+1600+1800+2000+2200+2500,2013-01,2026-08,ultraBullet+bullet+blitz+rapid+classical+correspondence,112487985,58101533,4884315,49502137,12,12,Nc3:65602858:34040999/2834834/28727025;Nf3:18406963:9638892/866565/7901506;cxd5:10483085:5314532/439882/4728671;e3:10075851:5123090/420053/4532708;a3:2443180:1244414/98165/1100601;c5:1843377:907757/68194/867426;Bf4:1500801:759904/61382/679515;g3:1267900:669144/64287/534469;e4:362284:175948/12388/173948;b3:109717:47867/4346/57504;Qa4+:68122:27806/2213/38103;f3:67699:31778/2392/33529,rnbqkbnr/ppp2ppp/4p3/3p4/2PP4/8/PP2PPPP/RNBQKBNR w KQkq - 0 3
sens-ceiling,anti-italian-center-attack-black,opening,5,0,True,32,31,0+1000+1200+1400+1600+1800+2000+2200+2500,2013-01,2026-08,ultraBullet+bullet+blitz+rapid+classical+correspondence,315834116,160226500,11580848,144026768,12,12,Nf6:103572415:53274774/3623851/46673790;Bc5:101156346:50169464/3805462/47181420;h6:41193685:21361727/1627896/18204062;d6:23517906:11990050/905934/10621922;Nd4:13829055:6524550/472960/6831545;Be7:9705014:4681695/422559/4600760;f5:6337795:2909039/176272/3252484;f6:3611797:2112828/124672/1374297;a6:2272684:1262111/74405/936168;Qf6:1847214:946486/60746/839982;Nh6:1423462:822279/47892/553291;Bb4:1228512:692915/39658/495939,r1bqkbnr/pppp1ppp/2n5/4p3/2B1P3/5N2/PPPP1PPP/RNBQK2R b KQkq - 3 3
sens-ceiling,anti-caro-advance-early-c5,opening,6,0,True,32,38,0+1000+1200+1400+1600+1800+2000+2200+2500,2013-01,2026-08,ultraBullet+bullet+blitz+rapid+classical+correspondence,12739939,5798121,509251,6432567,12,12,c3:6397424:2853181/259779/3284464;Nf3:2314012:1043478/86002/1184532;dxc5:2261647:1093205/96407/1072035;f4:376516:165062/12445/199009;Bb5+:367196:165161/15256/186779;c4:324226:162310/14792/147124;Be3:254136:114127/9680/130329;Nc3:120190:56364/3982/59844;Bd3:107949:49518/3512/54919;h4:50154:22780/1780/25594;Ne2:33786:15298/1256/17232;h3:30964:14281/1080/15603,rnbqkbnr/pp2pppp/8/2ppP3/3P4/8/PPP2PPP/RNBQKBNR w KQkq - 0 4
sens-ceiling,anti-caro-advance-early-c5,opening,7,1,False,32,29,0+1000+1200+1400+1600+1800+2000+2200+2500,2013-01,2026-08,ultraBullet+bullet+blitz+rapid+classical+correspondence,3173444,1430825,114677,1627942,12,12,Nc6:1589981:706364/57043/826574;Bg4:710317:308299/26378/375640;cxd4:593265:279191/21737/292337;e6:140258:67435/4855/67968;Bf5:70843:34359/2447/34037;c4:38502:19943/1259/17300;a6:14998:6915/492/7591;Nd7:3016:1639/83/1294;f6:2426:1271/78/1077;b6:2321:1381/66/874;Qb6:2266:1167/75/1024;Qa5+:1723:1002/44/677,rnbqkbnr/pp2pppp/8/2ppP3/3P4/5N2/PPP2PPP/RNBQKB1R b KQkq - 1 4
sens-ceiling,anti-sicilian-najdorf-english-attack,opening,10,2,True,30,43,0+1000+1200+1400+1600+1800+2000+2200+2500,2013-01,2026-08,ultraBullet+bullet+blitz+rapid+classical+correspondence,26929551,12782192,1147970,12999389,12,12,Bg5:6593844:3146383/265168/3182293;Be3:5232955:2506984/217115/2508856;Bc4:3728096:1779037/148918/1800141;Be2:2967703:1396983/145130/1425590;Bd3:2222635:991536/91827/1139272;f3:1903339:939915/79553/883871;h3:899578:446958/45706/406914;a4:887769:402956/42823/441990;f4:604323:300503/26339/277481;g3:404125:195002/21334/187789;a3:323592:146234/15476/161882;Nf3:298923:140013/13865/145045,rnbqkb1r/1p2pppp/p2p1n2/8/3NP3/2N5/PPP2PPP/R1BQKB1R w KQkq - 0 6
sens-ceiling,anti-sicilian-najdorf-english-attack,opening,12,4,True,30,45,0+1000+1200+1400+1600+1800+2000+2200+2500,2013-01,2026-08,ultraBullet+bullet+blitz+rapid+classical+correspondence,2623090,1236051,114440,1272599,12,12,Nb3:1789869:863458/78003/848408;Nf3:526772:243389/24930/258453;Nf5:142440:62854/5364/74222;Nde2:65489:31491/2871/31127;f3:41292:14684/1397/25211;Be2:18546:6584/651/11311;Qd2:17685:6640/545/10500;Bd3:11048:3774/356/6918;Bc4:3796:1258/113/2425;h3:1125:357/32/736;a3:887:281/31/575;a4:879:283/38/558,rnbqkb1r/1p3ppp/p2p1n2/4p3/3NP3/2N1B3/PPP2PPP/R2QKB1R w KQkq - 0 7
sens-ceiling,anti-london-black,opening,14,9,True,32,36,0+1000+1200+1400+1600+1800+2000+2200+2500,2013-01,2026-08,ultraBullet+bullet+blitz+rapid+classical+correspondence,665847,343250,36480,286117,12,12,Bd3:451678:237117/25119/189442;Ne5:67525:33481/3495/30549;Bb5:49917:26488/3009/20420;Be2:39519:18870/2625/18024;Qc2:23818:11756/762/11300;dxc5:7083:3200/291/3592;Rc1:6544:3222/312/3010;a3:4519:2227/240/2052;a4:2437:1166/146/1125;b3:2392:1079/60/1253;Bxd6:2286:949/128/1209;Qb3:2071:987/85/999,r1bq1rk1/pp3ppp/2nbpn2/2pp4/3P4/2P1PNB1/PP1N1PPP/R2QKB1R w KQ - 3 8
sens-ceiling,anti-italian-center-attack-black,opening,15,10,True,28,28,0+1000+1200+1400+1600+1800+2000+2200+2500,2013-01,2026-08,ultraBullet+bullet+blitz+rapid+classical+correspondence,1341303,667564,71921,601818,12,12,O-O:528748:275522/24580/228646;d5:450697:198353/29719/222625;d6:271105:142734/13800/114571;Nxe4:34759:16810/1714/16235;Qe7:30300:18653/1166/10481;Na5:7157:3938/301/2918;h6:5644:3053/242/2349;Nxd4:4262:3026/130/1106;a6:2323:1425/73/825;Ng4:1770:1083/55/632;Nb4:1683:1120/46/517;Kf8:939:616/36/287,r1bqk2r/pppp1ppp/2n2n2/8/2BPP3/5N2/PP1N1PPP/R2QK2R b KQkq - 0 8
sens-ceiling,anti-kid-classical-white,opening,15,7,True,32,31,0+1000+1200+1400+1600+1800+2000+2200+2500,2013-01,2026-08,ultraBullet+bullet+blitz+rapid+classical+correspondence,1248996,642528,57542,548926,5,5,Ne7:1200783:618958/55000/526825;Nd4:24708:11848/1414/11446;Nb8:17404:8417/892/8095;Nb4:5068:2598/206/2264;Na5:663:470/19/174;Nd7:95:58/5/32;Bg4:88:52/2/34;Ne8:65:41/0/24;Re8:27:21/1/5;Nh5:13:9/0/4;a6:13:8/1/4;Nxe4:10:10/0/0,r1bq1rk1/ppp2pbp/2np1np1/3Pp3/2P1P3/2N2N2/PP2BPPP/R1BQ1RK1 b - - 0 8
sens-ceiling,trajectory-qgd-exchange-minority,cross_phase,17,17,True,30,27,0+1000+1200+1400+1600+1800+2000+2200+2500,2013-01,2026-08,ultraBullet+bullet+blitz+rapid+classical+correspondence,213143,111712,12210,89221,12,11,Re8:145720:74959/8891/61870;h6:53420:28804/2699/21917;g6:2833:1552/156/1125;b6:2785:1573/108/1104;b5:2002:1099/92/811;a5:1440:788/81/571;a6:1337:741/59/537;Nb6:714:435/26/253;c5:667:407/25/235;Qc7:642:382/16/244;Ne4:385:226/16/143;Nh5:204:128/10/66,r1bq1rk1/pp1nbppp/2p2n2/3p2B1/3P4/2NBP3/PPQ1NPPP/R3K2R b KQ - 5 9
sens-ceiling,trajectory-caro-advance-chain-bishops,cross_phase,20,20,True,28,39,0+1000+1200+1400+1600+1800+2000+2200+2500,2013-01,2026-08,ultraBullet+bullet+blitz+rapid+classical+correspondence,41652,19197,1957,20498,12,12,Be3:11974:5634/629/5711;Bg5:8727:3882/377/4468;a3:5806:2955/271/2580;g4:3642:1529/143/1970;Nb5:2199:934/103/1162;Ne2:2114:961/106/1047;Rd1:1363:677/70/616;h3:1118:519/48/551;Re1:869:396/37/436;Bf4:869:385/34/450;Bd2:791:385/29/377;Qb5:624:262/43/319,r2qkb1r/pp3ppp/2n1p3/3pPn2/3P4/2NQ1N2/PP3PPP/R1B2RK1 w kq - 3 11
sens-ceiling,anti-kid-classical-white,opening,20,12,True,32,32,0+1000+1200+1400+1600+1800+2000+2200+2500,2013-01,2026-08,ultraBullet+bullet+blitz+rapid+classical+correspondence,41320,22110,2171,17039,6,3,g4:21803:12205/1389/8209;Be3:16860:8610/661/7589;Nd3:2002:984/95/923;Bd2:188:95/12/81;b4:170:75/6/89;Bg5:120:59/6/55;exf5:47:18/1/28;g3:34:23/0/11;a4:25:13/1/11;Nc2:15:7/0/8;Kh1:14:5/0/9;Bd3:11:3/0/8,r1bq1rk1/pppnn1bp/3p2p1/3Ppp2/2P1P3/2N2P2/PP2B1PP/R1BQNRK1 w - - 0 11
sens-ceiling,carlsbad-minority-attack,middlegame,22,3,False,30,47,0+1000+1200+1400+1600+1800+2000+2200+2500,2013-01,2026-08,ultraBullet+bullet+blitz+rapid+classical+correspondence,2184,1178,122,884,2,1,Bh4:1828:991/102/735;Bxf6:322:179/18/125;Rad1:20:5/1/14;e4:6:1/0/5;Kh1:2:1/1/0;Bf4:2:0/0/2;Ng3:2:1/0/1;Rfe1:1:0/0/1;h3:1:0/0/1,r1bqr1k1/pp2bppp/2p1nn2/3p2B1/3P4/2NBPP2/PPQ1N1PP/R4RK1 w - - 1 12
sens-ceiling,trajectory-caro-advance-chain-bishops,cross_phase,26,26,True,26,36,0+1000+1200+1400+1600+1800+2000+2200+2500,2013-01,2026-08,ultraBullet+bullet+blitz+rapid+classical+correspondence,154,70,9,75,0,0,a3:64:33/2/29;Be3:46:20/3/23;g4:15:6/1/8;Bd2:13:6/1/6;b3:7:2/1/4;Kh2:4:2/0/2;Bf4:3:1/1/1;a4:1:0/0/1;Bg5:1:0/0/1,r2q1rk1/pp2bppp/2n1p3/3pP3/3P4/3Q1NP1/PP3PP1/R1B2RK1 w - - 1 14
sens-ceiling,carlsbad-minority-attack,middlegame,26,7,True,28,37,0+1000+1200+1400+1600+1800+2000+2200+2500,2013-01,2026-08,ultraBullet+bullet+blitz+rapid+classical+correspondence,319,149,32,138,1,0,a4:250:121/26/103;Bxe4:33:16/3/14;Na4:26:9/2/15;Rfc1:3:1/1/1;Nxe4:2:1/0/1;Ng3:2:0/0/2;Rfe1:1:0/0/1;Nd1:1:0/0/1;a3:1:1/0/0,r1b1rnk1/1p2qppp/p1p5/3p4/1P1Pn3/2NBP3/P1Q1NPPP/1R3RK1 w - - 0 14
sens-ceiling,trajectory-qgd-exchange-minority,cross_phase,26,26,True,27,38,0+1000+1200+1400+1600+1800+2000+2200+2500,2013-01,2026-08,ultraBullet+bullet+blitz+rapid+classical+correspondence,37,13,7,17,0,0,Nxc3:25:7/6/12;Qxc3:12:6/1/5,r1b1rnk1/pp2qppp/2p5/3p4/1P1P4/2nBP3/P1Q1NPPP/1R3RK1 w - - 0 14
sens-ceiling,trajectory-caro-advance-chain-bishops,cross_phase,30,30,True,26,38,0+1000+1200+1400+1600+1800+2000+2200+2500,2013-01,2026-08,ultraBullet+bullet+blitz+rapid+classical+correspondence,0,0,0,0,0,0,,r4rk1/pp2bppp/1q2p3/n2pP3/3P4/3QBNP1/PP3PP1/1R3RK1 w - - 5 16
sens-ceiling,trajectory-caro-advance-chain-bishops,cross_phase,34,34,True,25,33,0+1000+1200+1400+1600+1800+2000+2200+2500,2013-01,2026-08,ultraBullet+bullet+blitz+rapid+classical+correspondence,0,0,0,0,0,0,,r1r3k1/pp2bppp/1q2p3/3pP3/3P4/1n1QB1P1/PP3PP1/1R3RK1 w - - 0 18
sens-ceiling,trajectory-qgd-exchange-minority,cross_phase,33,33,True,25,31,0+1000+1200+1400+1600+1800+2000+2200+2500,2013-01,2026-08,ultraBullet+bullet+blitz+rapid+classical+correspondence,0,0,0,0,0,0,,r1b1r1k1/1p3ppp/p1p1Nq2/3p4/PP1P4/2QBP3/5PPP/1R3RK1 b - - 0 17
sens-ceiling,trajectory-caro-advance-chain-bishops,cross_phase,35,35,True,24,42,0+1000+1200+1400+1600+1800+2000+2200+2500,2013-01,2026-08,ultraBullet+bullet+blitz+rapid+classical+correspondence,0,0,0,0,0,0,,r1r3k1/pp2bppp/1q2p3/3pP3/3P4/1Q2B1P1/PP3PP1/1R3RK1 b - - 0 18
sens-ceiling,trajectory-caro-advance-chain-bishops,cross_phase,39,39,True,22,34,0+1000+1200+1400+1600+1800+2000+2200+2500,2013-01,2026-08,ultraBullet+bullet+blitz+rapid+classical+correspondence,0,0,0,0,0,0,,r5k1/ppr1bppp/4p3/3pP3/3P4/1P2B1P1/1P3PP1/1RR3K1 b - - 2 20
sens-ceiling,trajectory-qgd-exchange-minority,cross_phase,38,38,True,22,40,0+1000+1200+1400+1600+1800+2000+2200+2500,2013-01,2026-08,ultraBullet+bullet+blitz+rapid+classical+correspondence,0,0,0,0,0,0,,r1b1r1k1/1p4p1/2p1pq1p/1P1p4/3P4/2QBP3/5PPP/1R3RK1 w - - 0 20
sens-ceiling,trajectory-caro-advance-chain-bishops,cross_phase,40,40,True,22,21,0+1000+1200+1400+1600+1800+2000+2200+2500,2013-01,2026-08,ultraBullet+bullet+blitz+rapid+classical+correspondence,0,0,0,0,0,0,,2r3k1/ppr1bppp/4p3/3pP3/3P4/1P2B1P1/1P3PP1/1RR3K1 w - - 3 21
sens-ceiling,trajectory-caro-advance-chain-bishops,cross_phase,43,43,True,20,29,0+1000+1200+1400+1600+1800+2000+2200+2500,2013-01,2026-08,ultraBullet+bullet+blitz+rapid+classical+correspondence,0,0,0,0,0,0,,6k1/ppr1bppp/4p3/3pP3/3P4/1P2B1P1/1P3PP1/2R3K1 b - - 1 22
sens-ceiling,trajectory-qgd-exchange-minority,cross_phase,41,41,True,20,35,0+1000+1200+1400+1600+1800+2000+2200+2500,2013-01,2026-08,ultraBullet+bullet+blitz+rapid+classical+correspondence,0,0,0,0,0,0,,r1b1r1k1/6p1/2p1pq1p/3p4/3P4/2QBP3/1R3PPP/5RK1 b - - 1 21
sens-ceiling,trajectory-caro-advance-chain-bishops,cross_phase,45,45,True,18,21,0+1000+1200+1400+1600+1800+2000+2200+2500,2013-01,2026-08,ultraBullet+bullet+blitz+rapid+classical+correspondence,0,0,0,0,0,0,,6k1/pp2bppp/4p3/3pP3/3P4/1P4P1/1P3PP1/2B3K1 b - - 0 23
sens-ceiling,trajectory-qgd-exchange-minority,cross_phase,45,45,True,18,36,0+1000+1200+1400+1600+1800+2000+2200+2500,2013-01,2026-08,ultraBullet+bullet+blitz+rapid+classical+correspondence,0,0,0,0,0,0,,4r1k1/6p1/r1p1pq1p/3p4/3P4/2Q1P3/1R3PPP/1R4K1 b - - 1 23
sens-ceiling,trajectory-qgd-exchange-minority,cross_phase,53,53,True,15,12,0+1000+1200+1400+1600+1800+2000+2200+2500,2013-01,2026-08,ultraBullet+bullet+blitz+rapid+classical+correspondence,0,0,0,0,0,0,,6k1/1R4p1/r1p1p2p/Q2p4/3P4/4P2P/5PP1/6K1 b - - 0 27
